{
"type": "FeatureCollection",
"name": "start_end_points_0",
"crs": { "type": "name", "properties": { "name": "urn:ogc:def:crs:OGC:1.3:CRS84" } },
"features": [
{ "type": "Feature", "properties": { "Type": "Start", "ID": 65, "OUT_ID": 5601.0, "catchment_area": null }, "geometry": { "type": "Point", "coordinates": [ 5009377.085697, 3740232.875337 ] } },
{ "type": "Feature", "properties": { "Type": "End", "ID": 65, "OUT_ID": 5601.0, "catchment_area": 877453394549.68542 }, "geometry": { "type": "Point", "coordinates": [ 5081864.159730999730527, 3287297.599760000128299 ] } },
{ "type": "Feature", "properties": { "Type": "Start", "ID": 66, "OUT_ID": 642.0, "catchment_area": null }, "geometry": { "type": "Point", "coordinates": [ 5200886.854084, 3839330.31715099979192 ] } },
{ "type": "Feature", "properties": { "Type": "End", "ID": 66, "OUT_ID": 642.0, "catchment_area": 25428686682.845364 }, "geometry": { "type": "Point", "coordinates": [ 5301247.325691999867558, 4081255.72419 ] } },
{ "type": "Feature", "properties": { "Type": "Start", "ID": 67, "OUT_ID": 642.0, "catchment_area": null }, "geometry": { "type": "Point", "coordinates": [ 5440648.262809, 3937484.771162999793887 ] } },
{ "type": "Feature", "properties": { "Type": "End", "ID": 67, "OUT_ID": 642.0, "catchment_area": 25428686682.845364 }, "geometry": { "type": "Point", "coordinates": [ 5301247.325691999867558, 4081255.72419 ] } },
{ "type": "Feature", "properties": { "Type": "Start", "ID": 68, "OUT_ID": 5410.0, "catchment_area": null }, "geometry": { "type": "Point", "coordinates": [ 5709548.996515999548137, 4032677.889804999809712 ] } },
{ "type": "Feature", "properties": { "Type": "End", "ID": 68, "OUT_ID": 5410.0, "catchment_area": 21827198869.395161 }, "geometry": { "type": "Point", "coordinates": [ 5886269.10158700030297, 4091702.541617 ] } },
{ "type": "Feature", "properties": { "Type": "Start", "ID": 69, "OUT_ID": 5219.0, "catchment_area": null }, "geometry": { "type": "Point", "coordinates": [ 5999109.825101000256836, 4122905.617914999835193 ] } },
{ "type": "Feature", "properties": { "Type": "End", "ID": 69, "OUT_ID": 5219.0, "catchment_area": 370953244785.37073 }, "geometry": { "type": "Point", "coordinates": [ 6429503.607776000164449, 4206617.533311 ] } },
{ "type": "Feature", "properties": { "Type": "Start", "ID": 70, "OUT_ID": 1804.0, "catchment_area": null }, "geometry": { "type": "Point", "coordinates": [ 6304656.950762, 4206895.317320000380278 ] } },
{ "type": "Feature", "properties": { "Type": "End", "ID": 70, "OUT_ID": 1804.0, "catchment_area": 466010695861.58667 }, "geometry": { "type": "Point", "coordinates": [ 6648886.77373700030148, 4467787.968977999873459 ] } },
{ "type": "Feature", "properties": { "Type": "Start", "ID": 71, "OUT_ID": 1998.0, "catchment_area": null }, "geometry": { "type": "Point", "coordinates": [ 6623249.632039000280201, 4283881.721385000273585 ] } },
{ "type": "Feature", "properties": { "Type": "End", "ID": 71, "OUT_ID": 1998.0, "catchment_area": 16582559525056.891 }, "geometry": { "type": "Point", "coordinates": [ 7578653.524713999591768, 5836321.051877000369132 ] } },
{ "type": "Feature", "properties": { "Type": "Start", "ID": 72, "OUT_ID": 1998.0, "catchment_area": null }, "geometry": { "type": "Point", "coordinates": [ 6952841.033002999611199, 4353423.634434999898076 ] } },
{ "type": "Feature", "properties": { "Type": "End", "ID": 72, "OUT_ID": 1998.0, "catchment_area": 16582559525056.891 }, "geometry": { "type": "Point", "coordinates": [ 7578653.524713999591768, 5836321.051877000369132 ] } },
{ "type": "Feature", "properties": { "Type": "Start", "ID": 73, "OUT_ID": 1998.0, "catchment_area": null }, "geometry": { "type": "Point", "coordinates": [ 7291872.728648999705911, 4415284.857661999762058 ] } },
{ "type": "Feature", "properties": { "Type": "End", "ID": 73, "OUT_ID": 1998.0, "catchment_area": 16582559525056.891 }, "geometry": { "type": "Point", "coordinates": [ 7578653.524713999591768, 5836321.051877000369132 ] } },
{ "type": "Feature", "properties": { "Type": "Start", "ID": 74, "OUT_ID": 1998.0, "catchment_area": null }, "geometry": { "type": "Point", "coordinates": [ 7639055.816273, 4469357.567250000312924 ] } },
{ "type": "Feature", "properties": { "Type": "End", "ID": 74, "OUT_ID": 1998.0, "catchment_area": 16582559525056.891 }, "geometry": { "type": "Point", "coordinates": [ 7578653.524713999591768, 5836321.051877000369132 ] } },
{ "type": "Feature", "properties": { "Type": "Start", "ID": 75, "OUT_ID": 1998.0, "catchment_area": null }, "geometry": { "type": "Point", "coordinates": [ 7993244.404205, 4515612.144964000210166 ] } },
{ "type": "Feature", "properties": { "Type": "End", "ID": 75, "OUT_ID": 1998.0, "catchment_area": 16582559525056.891 }, "geometry": { "type": "Point", "coordinates": [ 7578653.524713999591768, 5836321.051877000369132 ] } },
{ "type": "Feature", "properties": { "Type": "Start", "ID": 76, "OUT_ID": 1998.0, "catchment_area": null }, "geometry": { "type": "Point", "coordinates": [ 8353360.058160999789834, 4554063.743706 ] } },
{ "type": "Feature", "properties": { "Type": "End", "ID": 76, "OUT_ID": 1998.0, "catchment_area": 16582559525056.891 }, "geometry": { "type": "Point", "coordinates": [ 7578653.524713999591768, 5836321.051877000369132 ] } },
{ "type": "Feature", "properties": { "Type": "Start", "ID": 77, "OUT_ID": 1998.0, "catchment_area": null }, "geometry": { "type": "Point", "coordinates": [ 8718346.911660000681877, 4584749.705663999542594 ] } },
{ "type": "Feature", "properties": { "Type": "End", "ID": 77, "OUT_ID": 1998.0, "catchment_area": 16582559525056.891 }, "geometry": { "type": "Point", "coordinates": [ 7578653.524713999591768, 5836321.051877000369132 ] } },
{ "type": "Feature", "properties": { "Type": "Start", "ID": 78, "OUT_ID": 1998.0, "catchment_area": null }, "geometry": { "type": "Point", "coordinates": [ 9087146.653640000149608, 4607714.235197000205517 ] } },
{ "type": "Feature", "properties": { "Type": "End", "ID": 78, "OUT_ID": 1998.0, "catchment_area": 16582559525056.891 }, "geometry": { "type": "Point", "coordinates": [ 7578653.524713999591768, 5836321.051877000369132 ] } },
{ "type": "Feature", "properties": { "Type": "Start", "ID": 79, "OUT_ID": 1998.0, "catchment_area": null }, "geometry": { "type": "Point", "coordinates": [ 9458686.993541000410914, 4622998.060607000254095 ] } },
{ "type": "Feature", "properties": { "Type": "End", "ID": 79, "OUT_ID": 1998.0, "catchment_area": 16582559525056.891 }, "geometry": { "type": "Point", "coordinates": [ 7578653.524713999591768, 5836321.051877000369132 ] } },
{ "type": "Feature", "properties": { "Type": "Start", "ID": 80, "OUT_ID": 1998.0, "catchment_area": null }, "geometry": { "type": "Point", "coordinates": [ 9831879.441588999703526, 4630631.671957000158727 ] } },
{ "type": "Feature", "properties": { "Type": "End", "ID": 80, "OUT_ID": 1998.0, "catchment_area": 16582559525056.891 }, "geometry": { "type": "Point", "coordinates": [ 7578653.524713999591768, 5836321.051877000369132 ] } },
{ "type": "Feature", "properties": { "Type": "Start", "ID": 81, "OUT_ID": 1998.0, "catchment_area": null }, "geometry": { "type": "Point", "coordinates": [ 10205628.9012, 4630631.671957000158727 ] } },
{ "type": "Feature", "properties": { "Type": "End", "ID": 81, "OUT_ID": 1998.0, "catchment_area": 16582559525056.891 }, "geometry": { "type": "Point", "coordinates": [ 7578653.524713999591768, 5836321.051877000369132 ] } },
{ "type": "Feature", "properties": { "Type": "Start", "ID": 82, "OUT_ID": 1998.0, "catchment_area": null }, "geometry": { "type": "Point", "coordinates": [ 10578821.349249, 4622998.060607000254095 ] } },
{ "type": "Feature", "properties": { "Type": "End", "ID": 82, "OUT_ID": 1998.0, "catchment_area": 16582559525056.891 }, "geometry": { "type": "Point", "coordinates": [ 7578653.524713999591768, 5836321.051877000369132 ] } },
{ "type": "Feature", "properties": { "Type": "Start", "ID": 83, "OUT_ID": 285.0, "catchment_area": null }, "geometry": { "type": "Point", "coordinates": [ 10950361.68915, 4607714.235197000205517 ] } },
{ "type": "Feature", "properties": { "Type": "End", "ID": 83, "OUT_ID": 285.0, "catchment_area": 2947108391345.7344 }, "geometry": { "type": "Point", "coordinates": [ 14661595.740022, 4321532.52500499971211 ] } },
{ "type": "Feature", "properties": { "Type": "Start", "ID": 84, "OUT_ID": 285.0, "catchment_area": null }, "geometry": { "type": "Point", "coordinates": [ 11319161.434469, 4584749.705663999542594 ] } },
{ "type": "Feature", "properties": { "Type": "End", "ID": 84, "OUT_ID": 285.0, "catchment_area": 2947108391345.7344 }, "geometry": { "type": "Point", "coordinates": [ 14661595.740022, 4321532.52500499971211 ] } },
{ "type": "Feature", "properties": { "Type": "Start", "ID": 85, "OUT_ID": 285.0, "catchment_area": null }, "geometry": { "type": "Point", "coordinates": [ 11684148.289081, 4554063.743706 ] } },
{ "type": "Feature", "properties": { "Type": "End", "ID": 85, "OUT_ID": 285.0, "catchment_area": 2947108391345.7344 }, "geometry": { "type": "Point", "coordinates": [ 14661595.740022, 4321532.52500499971211 ] } },
{ "type": "Feature", "properties": { "Type": "Start", "ID": 86, "OUT_ID": 285.0, "catchment_area": null }, "geometry": { "type": "Point", "coordinates": [ 12044263.936358, 4515612.144964000210166 ] } },
{ "type": "Feature", "properties": { "Type": "End", "ID": 86, "OUT_ID": 285.0, "catchment_area": 2947108391345.7344 }, "geometry": { "type": "Point", "coordinates": [ 14661595.740022, 4321532.52500499971211 ] } },
{ "type": "Feature", "properties": { "Type": "Start", "ID": 87, "OUT_ID": 285.0, "catchment_area": null }, "geometry": { "type": "Point", "coordinates": [ 12398452.522064, 4469357.567250000312924 ] } },
{ "type": "Feature", "properties": { "Type": "End", "ID": 87, "OUT_ID": 285.0, "catchment_area": 2947108391345.7344 }, "geometry": { "type": "Point", "coordinates": [ 14661595.740022, 4321532.52500499971211 ] } },
{ "type": "Feature", "properties": { "Type": "Start", "ID": 88, "OUT_ID": 285.0, "catchment_area": null }, "geometry": { "type": "Point", "coordinates": [ 12745635.616366, 4415284.857661999762058 ] } },
{ "type": "Feature", "properties": { "Type": "End", "ID": 88, "OUT_ID": 285.0, "catchment_area": 2947108391345.7344 }, "geometry": { "type": "Point", "coordinates": [ 14661595.740022, 4321532.52500499971211 ] } },
{ "type": "Feature", "properties": { "Type": "Start", "ID": 89, "OUT_ID": 6011.0, "catchment_area": null }, "geometry": { "type": "Point", "coordinates": [ 13084667.30756, 4353423.634434999898076 ] } },
{ "type": "Feature", "properties": { "Type": "End", "ID": 89, "OUT_ID": 6011.0, "catchment_area": 657762637929.22314 }, "geometry": { "type": "Point", "coordinates": [ 13564679.910218, 4112596.17646999983117 ] } },
{ "type": "Feature", "properties": { "Type": "Start", "ID": 90, "OUT_ID": 6011.0, "catchment_area": null }, "geometry": { "type": "Point", "coordinates": [ 13414258.716316, 4283881.721385000273585 ] } },
{ "type": "Feature", "properties": { "Type": "End", "ID": 90, "OUT_ID": 6011.0, "catchment_area": 657762637929.22314 }, "geometry": { "type": "Point", "coordinates": [ 13564679.910218, 4112596.17646999983117 ] } },
{ "type": "Feature", "properties": { "Type": "Start", "ID": 91, "OUT_ID": 6011.0, "catchment_area": null }, "geometry": { "type": "Point", "coordinates": [ 13732851.392027, 4206895.317320000380278 ] } },
{ "type": "Feature", "properties": { "Type": "End", "ID": 91, "OUT_ID": 6011.0, "catchment_area": 657762637929.22314 }, "geometry": { "type": "Point", "coordinates": [ 13564679.910218, 4112596.17646999983117 ] } },
{ "type": "Feature", "properties": { "Type": "Start", "ID": 92, "OUT_ID": 6012.0, "catchment_area": null }, "geometry": { "type": "Point", "coordinates": [ 14038398.514348, 4122905.617914999835193 ] } },
{ "type": "Feature", "properties": { "Type": "End", "ID": 92, "OUT_ID": 6012.0, "catchment_area": 32304254326.704838 }, "geometry": { "type": "Point", "coordinates": [ 13898978.067873, 3987234.36735 ] } },
{ "type": "Feature", "properties": { "Type": "Start", "ID": 97, "OUT_ID": 5824.0, "catchment_area": null }, "geometry": { "type": "Point", "coordinates": [ 15128395.330956, 3624107.353740000165999 ] } },
{ "type": "Feature", "properties": { "Type": "End", "ID": 97, "OUT_ID": 5824.0, "catchment_area": 15497311197.270565 }, "geometry": { "type": "Point", "coordinates": [ 15027234.349957, 3558914.852855000179261 ] } },
{ "type": "Feature", "properties": { "Type": "Start", "ID": 114, "OUT_ID": 305.0, "catchment_area": null }, "geometry": { "type": "Point", "coordinates": [ 15231562.695063, -380928.491312000027392 ] } },
{ "type": "Feature", "properties": { "Type": "End", "ID": 114, "OUT_ID": 305.0, "catchment_area": 78577915929.822571 }, "geometry": { "type": "Point", "coordinates": [ 15560022.038719, -264620.32532 ] } },
{ "type": "Feature", "properties": { "Type": "Start", "ID": 115, "OUT_ID": 2560.0, "catchment_area": null }, "geometry": { "type": "Point", "coordinates": [ 15231113.966196, -634547.685466 ] } },
{ "type": "Feature", "properties": { "Type": "End", "ID": 115, "OUT_ID": 2560.0, "catchment_area": 173853638994.73245 }, "geometry": { "type": "Point", "coordinates": [ 15110808.889371, -567578.030694999964908 ] } },
{ "type": "Feature", "properties": { "Type": "Start", "ID": 116, "OUT_ID": 2368.0, "catchment_area": null }, "geometry": { "type": "Point", "coordinates": [ 15230414.74621, -887641.914206000044942 ] } },
{ "type": "Feature", "properties": { "Type": "End", "ID": 116, "OUT_ID": 2368.0, "catchment_area": 11459279406.432459 }, "geometry": { "type": "Point", "coordinates": [ 15100362.071944, -870535.736068999976851 ] } },
{ "type": "Feature", "properties": { "Type": "Start", "ID": 117, "OUT_ID": 2176.0, "catchment_area": null }, "geometry": { "type": "Point", "coordinates": [ 15229431.327565, -1139946.25123 ] } },
{ "type": "Feature", "properties": { "Type": "End", "ID": 117, "OUT_ID": 2176.0, "catchment_area": 1197985809946.7534 }, "geometry": { "type": "Point", "coordinates": [ 15194383.428784, -1131706.171737000113353 ] } },
{ "type": "Feature", "properties": { "Type": "Start", "ID": 118, "OUT_ID": 2176.0, "catchment_area": null }, "geometry": { "type": "Point", "coordinates": [ 15228113.905919, -1391136.777015999890864 ] } },
{ "type": "Feature", "properties": { "Type": "End", "ID": 118, "OUT_ID": 2176.0, "catchment_area": 1197985809946.7534 }, "geometry": { "type": "Point", "coordinates": [ 15194383.428784, -1131706.171737000113353 ] } },
{ "type": "Feature", "properties": { "Type": "Start", "ID": 119, "OUT_ID": 2176.0, "catchment_area": null }, "geometry": { "type": "Point", "coordinates": [ 15226391.370382, -1640806.878267 ] } },
{ "type": "Feature", "properties": { "Type": "End", "ID": 119, "OUT_ID": 2176.0, "catchment_area": 1197985809946.7534 }, "geometry": { "type": "Point", "coordinates": [ 15194383.428784, -1131706.171737000113353 ] } },
{ "type": "Feature", "properties": { "Type": "Start", "ID": 120, "OUT_ID": 2176.0, "catchment_area": null }, "geometry": { "type": "Point", "coordinates": [ 15224163.154927, -1888436.881601 ] } },
{ "type": "Feature", "properties": { "Type": "End", "ID": 120, "OUT_ID": 2176.0, "catchment_area": 1197985809946.7534 }, "geometry": { "type": "Point", "coordinates": [ 15194383.428784, -1131706.171737000113353 ] } },
{ "type": "Feature", "properties": { "Type": "Start", "ID": 121, "OUT_ID": 1982.0, "catchment_area": null }, "geometry": { "type": "Point", "coordinates": [ 15221286.314194, -2133353.129245 ] } },
{ "type": "Feature", "properties": { "Type": "End", "ID": 121, "OUT_ID": 1982.0, "catchment_area": 760677880598.42139 }, "geometry": { "type": "Point", "coordinates": [ 14337744.399794, -1518238.416525 ] } },
{ "type": "Feature", "properties": { "Type": "Start", "ID": 122, "OUT_ID": 320.0, "catchment_area": null }, "geometry": { "type": "Point", "coordinates": [ 15217554.150154, -2374669.814925 ] } },
{ "type": "Feature", "properties": { "Type": "End", "ID": 122, "OUT_ID": 320.0, "catchment_area": 1388100712099.1853 }, "geometry": { "type": "Point", "coordinates": [ 15340638.872758, -3461346.457893 ] } },
{ "type": "Feature", "properties": { "Type": "Start", "ID": 123, "OUT_ID": 320.0, "catchment_area": null }, "geometry": { "type": "Point", "coordinates": [ 15212659.554595, -2611201.17208500020206 ] } },
{ "type": "Feature", "properties": { "Type": "End", "ID": 123, "OUT_ID": 320.0, "catchment_area": 1388100712099.1853 }, "geometry": { "type": "Point", "coordinates": [ 15340638.872758, -3461346.457893 ] } },
{ "type": "Feature", "properties": { "Type": "Start", "ID": 124, "OUT_ID": 320.0, "catchment_area": null }, "geometry": { "type": "Point", "coordinates": [ 15206127.004049, -2841319.079 ] } },
{ "type": "Feature", "properties": { "Type": "End", "ID": 124, "OUT_ID": 320.0, "catchment_area": 1388100712099.1853 }, "geometry": { "type": "Point", "coordinates": [ 15340638.872758, -3461346.457893 ] } },
{ "type": "Feature", "properties": { "Type": "Start", "ID": 125, "OUT_ID": 320.0, "catchment_area": null }, "geometry": { "type": "Point", "coordinates": [ 15197173.388162, -3062700.762029999867082 ] } },
{ "type": "Feature", "properties": { "Type": "End", "ID": 125, "OUT_ID": 320.0, "catchment_area": 1388100712099.1853 }, "geometry": { "type": "Point", "coordinates": [ 15340638.872758, -3461346.457893 ] } },
{ "type": "Feature", "properties": { "Type": "Start", "ID": 126, "OUT_ID": 320.0, "catchment_area": null }, "geometry": { "type": "Point", "coordinates": [ 15184376.177424, -3271826.843971 ] } },
{ "type": "Feature", "properties": { "Type": "End", "ID": 126, "OUT_ID": 320.0, "catchment_area": 1388100712099.1853 }, "geometry": { "type": "Point", "coordinates": [ 15340638.872758, -3461346.457893 ] } },
{ "type": "Feature", "properties": { "Type": "Start", "ID": 127, "OUT_ID": 64.0, "catchment_area": null }, "geometry": { "type": "Point", "coordinates": [ 15164660.015055, -3462810.866855000145733 ] } },
{ "type": "Feature", "properties": { "Type": "End", "ID": 127, "OUT_ID": 64.0, "catchment_area": 13096319321.637096 }, "geometry": { "type": "Point", "coordinates": [ 15027234.349957, -3524027.362453000154346 ] } },
{ "type": "Feature", "properties": { "Type": "Start", "ID": 128, "OUT_ID": 192.0, "catchment_area": null }, "geometry": { "type": "Point", "coordinates": [ 15128395.330956, -3624107.353740000165999 ] } },
{ "type": "Feature", "properties": { "Type": "End", "ID": 128, "OUT_ID": 192.0, "catchment_area": 1430227205917.1179 }, "geometry": { "type": "Point", "coordinates": [ 15121255.706797, -3638942.354146999772638 ] } },
{ "type": "Feature", "properties": { "Type": "Start", "ID": 180, "OUT_ID": 372.0, "catchment_area": null }, "geometry": { "type": "Point", "coordinates": [ 18737101.079714998602867, -4584749.705663999542594 ] } },
{ "type": "Feature", "properties": { "Type": "End", "ID": 180, "OUT_ID": 372.0, "catchment_area": 16697807135.087297 }, "geometry": { "type": "Point", "coordinates": [ 18725407.719012, -4610496.374831000342965 ] } },
{ "type": "Feature", "properties": { "Type": "Start", "ID": 187, "OUT_ID": 1088.0, "catchment_area": null }, "geometry": { "type": "Point", "coordinates": [ 16323411.122157, -4206895.317320000380278 ] } },
{ "type": "Feature", "properties": { "Type": "End", "ID": 187, "OUT_ID": 1088.0, "catchment_area": 11022735429.044556 }, "geometry": { "type": "Point", "coordinates": [ 16312192.893442, -4171730.042909 ] } },
{ "type": "Feature", "properties": { "Type": "Start", "ID": 257, "OUT_ID": 5601.0, "catchment_area": null }, "geometry": { "type": "Point", "coordinates": [ 4817867.317311, 3839330.31715099979192 ] } },
{ "type": "Feature", "properties": { "Type": "End", "ID": 257, "OUT_ID": 5601.0, "catchment_area": 877453394549.68542 }, "geometry": { "type": "Point", "coordinates": [ 5081864.159730999730527, 3287297.599760000128299 ] } },
{ "type": "Feature", "properties": { "Type": "Start", "ID": 258, "OUT_ID": 642.0, "catchment_area": null }, "geometry": { "type": "Point", "coordinates": [ 5009377.085697, 3977563.887765999883413 ] } },
{ "type": "Feature", "properties": { "Type": "End", "ID": 258, "OUT_ID": 642.0, "catchment_area": 25428686682.845364 }, "geometry": { "type": "Point", "coordinates": [ 5301247.325691999867558, 4081255.72419 ] } },
{ "type": "Feature", "properties": { "Type": "Start", "ID": 259, "OUT_ID": 5601.0, "catchment_area": null }, "geometry": { "type": "Point", "coordinates": [ 5243182.971796000376344, 4102114.276147999800742 ] } },
{ "type": "Feature", "properties": { "Type": "End", "ID": 259, "OUT_ID": 5601.0, "catchment_area": 295649408685.95746 }, "geometry": { "type": "Point", "coordinates": [ 5478843.221946000121534, 4164830.263604000210762 ] } },
{ "type": "Feature", "properties": { "Type": "Start", "ID": 260, "OUT_ID": 5601.0, "catchment_area": null }, "geometry": { "type": "Point", "coordinates": [ 5507966.046520000323653, 4216631.794646999798715 ] } },
{ "type": "Feature", "properties": { "Type": "End", "ID": 260, "OUT_ID": 5601.0, "catchment_area": 295649408685.95746 }, "geometry": { "type": "Point", "coordinates": [ 5478843.221946000121534, 4164830.263604000210762 ] } },
{ "type": "Feature", "properties": { "Type": "Start", "ID": 261, "OUT_ID": 642.0, "catchment_area": null }, "geometry": { "type": "Point", "coordinates": [ 5796592.824427000246942, 4321885.835877999663353 ] } },
{ "type": "Feature", "properties": { "Type": "End", "ID": 261, "OUT_ID": 642.0, "catchment_area": 140458024724.55786 }, "geometry": { "type": "Point", "coordinates": [ 5802694.562173999845982, 4446894.334125 ] } },
{ "type": "Feature", "properties": { "Type": "Start", "ID": 262, "OUT_ID": 1998.0, "catchment_area": null }, "geometry": { "type": "Point", "coordinates": [ 6104634.767931000329554, 4417983.38487199973315 ] } },
{ "type": "Feature", "properties": { "Type": "End", "ID": 262, "OUT_ID": 1998.0, "catchment_area": 16582559525056.891 }, "geometry": { "type": "Point", "coordinates": [ 7578653.524713999591768, 5836321.051877000369132 ] } },
{ "type": "Feature", "properties": { "Type": "Start", "ID": 263, "OUT_ID": 1998.0, "catchment_area": null }, "geometry": { "type": "Point", "coordinates": [ 6429159.602533999830484, 4504927.29361 ] } },
{ "type": "Feature", "properties": { "Type": "End", "ID": 263, "OUT_ID": 1998.0, "catchment_area": 16582559525056.891 }, "geometry": { "type": "Point", "coordinates": [ 7578653.524713999591768, 5836321.051877000369132 ] } },
{ "type": "Feature", "properties": { "Type": "Start", "ID": 264, "OUT_ID": 1998.0, "catchment_area": null }, "geometry": { "type": "Point", "coordinates": [ 6768056.899933, 4582744.516265000216663 ] } },
{ "type": "Feature", "properties": { "Type": "End", "ID": 264, "OUT_ID": 1998.0, "catchment_area": 16582559525056.891 }, "geometry": { "type": "Point", "coordinates": [ 7578653.524713999591768, 5836321.051877000369132 ] } },
{ "type": "Feature", "properties": { "Type": "Start", "ID": 265, "OUT_ID": 1998.0, "catchment_area": null }, "geometry": { "type": "Point", "coordinates": [ 7119659.758732000365853, 4651503.850510000251234 ] } },
{ "type": "Feature", "properties": { "Type": "End", "ID": 265, "OUT_ID": 1998.0, "catchment_area": 16582559525056.891 }, "geometry": { "type": "Point", "coordinates": [ 7578653.524713999591768, 5836321.051877000369132 ] } },
{ "type": "Feature", "properties": { "Type": "Start", "ID": 266, "OUT_ID": 1998.0, "catchment_area": null }, "geometry": { "type": "Point", "coordinates": [ 7482522.179936000145972, 4711305.961997999809682 ] } },
{ "type": "Feature", "properties": { "Type": "End", "ID": 266, "OUT_ID": 1998.0, "catchment_area": 16582559525056.891 }, "geometry": { "type": "Point", "coordinates": [ 7578653.524713999591768, 5836321.051877000369132 ] } },
{ "type": "Feature", "properties": { "Type": "Start", "ID": 267, "OUT_ID": 1998.0, "catchment_area": null }, "geometry": { "type": "Point", "coordinates": [ 7855283.16811, 4762268.587190000340343 ] } },
{ "type": "Feature", "properties": { "Type": "End", "ID": 267, "OUT_ID": 1998.0, "catchment_area": 16582559525056.891 }, "geometry": { "type": "Point", "coordinates": [ 7578653.524713999591768, 5836321.051877000369132 ] } },
{ "type": "Feature", "properties": { "Type": "Start", "ID": 268, "OUT_ID": 1998.0, "catchment_area": null }, "geometry": { "type": "Point", "coordinates": [ 8236583.376461000181735, 4804513.14682099968195 ] } },
{ "type": "Feature", "properties": { "Type": "End", "ID": 268, "OUT_ID": 1998.0, "catchment_area": 16582559525056.891 }, "geometry": { "type": "Point", "coordinates": [ 7578653.524713999591768, 5836321.051877000369132 ] } },
{ "type": "Feature", "properties": { "Type": "Start", "ID": 269, "OUT_ID": 1998.0, "catchment_area": null }, "geometry": { "type": "Point", "coordinates": [ 8625016.658370999619365, 4838154.119087999686599 ] } },
{ "type": "Feature", "properties": { "Type": "End", "ID": 269, "OUT_ID": 1998.0, "catchment_area": 16582559525056.891 }, "geometry": { "type": "Point", "coordinates": [ 7578653.524713999591768, 5836321.051877000369132 ] } },
{ "type": "Feature", "properties": { "Type": "Start", "ID": 270, "OUT_ID": 1998.0, "catchment_area": null }, "geometry": { "type": "Point", "coordinates": [ 9019106.78825999982655, 4863291.10565899964422 ] } },
{ "type": "Feature", "properties": { "Type": "End", "ID": 270, "OUT_ID": 1998.0, "catchment_area": 16582559525056.891 }, "geometry": { "type": "Point", "coordinates": [ 7578653.524713999591768, 5836321.051877000369132 ] } },
{ "type": "Feature", "properties": { "Type": "Start", "ID": 271, "OUT_ID": 1998.0, "catchment_area": null }, "geometry": { "type": "Point", "coordinates": [ 9417303.319392999634147, 4880003.137222000397742 ] } },
{ "type": "Feature", "properties": { "Type": "End", "ID": 271, "OUT_ID": 1998.0, "catchment_area": 16582559525056.891 }, "geometry": { "type": "Point", "coordinates": [ 7578653.524713999591768, 5836321.051877000369132 ] } },
{ "type": "Feature", "properties": { "Type": "Start", "ID": 272, "OUT_ID": 1998.0, "catchment_area": null }, "geometry": { "type": "Point", "coordinates": [ 9817992.077965000644326, 4888344.791307999752462 ] } },
{ "type": "Feature", "properties": { "Type": "End", "ID": 272, "OUT_ID": 1998.0, "catchment_area": 16582559525056.891 }, "geometry": { "type": "Point", "coordinates": [ 7578653.524713999591768, 5836321.051877000369132 ] } },
{ "type": "Feature", "properties": { "Type": "Start", "ID": 273, "OUT_ID": 1998.0, "catchment_area": null }, "geometry": { "type": "Point", "coordinates": [ 10219516.264825, 4888344.791307999752462 ] } },
{ "type": "Feature", "properties": { "Type": "End", "ID": 273, "OUT_ID": 1998.0, "catchment_area": 16582559525056.891 }, "geometry": { "type": "Point", "coordinates": [ 7578653.524713999591768, 5836321.051877000369132 ] } },
{ "type": "Feature", "properties": { "Type": "Start", "ID": 274, "OUT_ID": 1998.0, "catchment_area": null }, "geometry": { "type": "Point", "coordinates": [ 10620205.023397, 4880003.137222000397742 ] } },
{ "type": "Feature", "properties": { "Type": "End", "ID": 274, "OUT_ID": 1998.0, "catchment_area": 16582559525056.891 }, "geometry": { "type": "Point", "coordinates": [ 7578653.524713999591768, 5836321.051877000369132 ] } },
{ "type": "Feature", "properties": { "Type": "Start", "ID": 275, "OUT_ID": 2194.0, "catchment_area": null }, "geometry": { "type": "Point", "coordinates": [ 11018401.554529, 4863291.10565899964422 ] } },
{ "type": "Feature", "properties": { "Type": "End", "ID": 275, "OUT_ID": 2194.0, "catchment_area": 555611347220.45386 }, "geometry": { "type": "Point", "coordinates": [ 11872295.487091, 5042362.927446999587119 ] } },
{ "type": "Feature", "properties": { "Type": "Start", "ID": 276, "OUT_ID": 2194.0, "catchment_area": null }, "geometry": { "type": "Point", "coordinates": [ 11412491.684418, 4838154.119087999686599 ] } },
{ "type": "Feature", "properties": { "Type": "End", "ID": 276, "OUT_ID": 2194.0, "catchment_area": 555611347220.45386 }, "geometry": { "type": "Point", "coordinates": [ 11872295.487091, 5042362.927446999587119 ] } },
{ "type": "Feature", "properties": { "Type": "Start", "ID": 277, "OUT_ID": 2194.0, "catchment_area": null }, "geometry": { "type": "Point", "coordinates": [ 11800924.961875, 4804513.14682099968195 ] } },
{ "type": "Feature", "properties": { "Type": "End", "ID": 277, "OUT_ID": 2194.0, "catchment_area": 555611347220.45386 }, "geometry": { "type": "Point", "coordinates": [ 11872295.487091, 5042362.927446999587119 ] } },
{ "type": "Feature", "properties": { "Type": "Start", "ID": 278, "OUT_ID": 285.0, "catchment_area": null }, "geometry": { "type": "Point", "coordinates": [ 12182225.175792, 4762268.587190000340343 ] } },
{ "type": "Feature", "properties": { "Type": "End", "ID": 278, "OUT_ID": 285.0, "catchment_area": 2947108391345.7344 }, "geometry": { "type": "Point", "coordinates": [ 14661595.740022, 4321532.52500499971211 ] } },
{ "type": "Feature", "properties": { "Type": "Start", "ID": 279, "OUT_ID": 285.0, "catchment_area": null }, "geometry": { "type": "Point", "coordinates": [ 12554986.160627, 4711305.961997999809682 ] } },
{ "type": "Feature", "properties": { "Type": "End", "ID": 279, "OUT_ID": 285.0, "catchment_area": 2947108391345.7344 }, "geometry": { "type": "Point", "coordinates": [ 14661595.740022, 4321532.52500499971211 ] } },
{ "type": "Feature", "properties": { "Type": "Start", "ID": 280, "OUT_ID": 285.0, "catchment_area": null }, "geometry": { "type": "Point", "coordinates": [ 12917848.582944, 4651503.850510000251234 ] } },
{ "type": "Feature", "properties": { "Type": "End", "ID": 280, "OUT_ID": 285.0, "catchment_area": 2947108391345.7344 }, "geometry": { "type": "Point", "coordinates": [ 14661595.740022, 4321532.52500499971211 ] } },
{ "type": "Feature", "properties": { "Type": "Start", "ID": 281, "OUT_ID": 285.0, "catchment_area": null }, "geometry": { "type": "Point", "coordinates": [ 13269451.439517, 4582744.516265000216663 ] } },
{ "type": "Feature", "properties": { "Type": "End", "ID": 281, "OUT_ID": 285.0, "catchment_area": 2947108391345.7344 }, "geometry": { "type": "Point", "coordinates": [ 14661595.740022, 4321532.52500499971211 ] } },
{ "type": "Feature", "properties": { "Type": "Start", "ID": 282, "OUT_ID": 6011.0, "catchment_area": null }, "geometry": { "type": "Point", "coordinates": [ 13608348.745821, 4504927.29361 ] } },
{ "type": "Feature", "properties": { "Type": "End", "ID": 282, "OUT_ID": 6011.0, "catchment_area": 657762637929.22314 }, "geometry": { "type": "Point", "coordinates": [ 13564679.910218, 4112596.17646999983117 ] } },
{ "type": "Feature", "properties": { "Type": "Start", "ID": 283, "OUT_ID": 6011.0, "catchment_area": null }, "geometry": { "type": "Point", "coordinates": [ 13932873.570405, 4417983.38487199973315 ] } },
{ "type": "Feature", "properties": { "Type": "End", "ID": 283, "OUT_ID": 6011.0, "catchment_area": 657762637929.22314 }, "geometry": { "type": "Point", "coordinates": [ 13564679.910218, 4112596.17646999983117 ] } },
{ "type": "Feature", "properties": { "Type": "Start", "ID": 284, "OUT_ID": 6011.0, "catchment_area": null }, "geometry": { "type": "Point", "coordinates": [ 14240915.518363, 4321885.835877999663353 ] } },
{ "type": "Feature", "properties": { "Type": "End", "ID": 284, "OUT_ID": 6011.0, "catchment_area": 657762637929.22314 }, "geometry": { "type": "Point", "coordinates": [ 13564679.910218, 4112596.17646999983117 ] } },
{ "type": "Feature", "properties": { "Type": "Start", "ID": 288, "OUT_ID": 96.0, "catchment_area": null }, "geometry": { "type": "Point", "coordinates": [ 15219641.023252, 3839330.31715099979192 ] } },
{ "type": "Feature", "properties": { "Type": "End", "ID": 288, "OUT_ID": 96.0, "catchment_area": 16588671140.740322 }, "geometry": { "type": "Point", "coordinates": [ 15215277.063638, 3840978.923376 ] } },
{ "type": "Feature", "properties": { "Type": "Start", "ID": 289, "OUT_ID": 290.0, "catchment_area": null }, "geometry": { "type": "Point", "coordinates": [ 15355748.926748, 3677888.945591 ] } },
{ "type": "Feature", "properties": { "Type": "End", "ID": 289, "OUT_ID": 290.0, "catchment_area": 11350143412.085484 }, "geometry": { "type": "Point", "coordinates": [ 15330192.055332, 3611148.939987999852747 ] } },
{ "type": "Feature", "properties": { "Type": "Start", "ID": 306, "OUT_ID": 305.0, "catchment_area": null }, "geometry": { "type": "Point", "coordinates": [ 15620519.697328, -381888.124254999973346 ] } },
{ "type": "Feature", "properties": { "Type": "End", "ID": 306, "OUT_ID": 305.0, "catchment_area": 78577915929.822571 }, "geometry": { "type": "Point", "coordinates": [ 15560022.038719, -264620.32532 ] } },
{ "type": "Feature", "properties": { "Type": "Start", "ID": 307, "OUT_ID": 2560.0, "catchment_area": null }, "geometry": { "type": "Point", "coordinates": [ 15619245.946319, -636174.757039000047371 ] } },
{ "type": "Feature", "properties": { "Type": "End", "ID": 307, "OUT_ID": 2560.0, "catchment_area": 173853638994.73245 }, "geometry": { "type": "Point", "coordinates": [ 15110808.889371, -567578.030694999964908 ] } },
{ "type": "Feature", "properties": { "Type": "Start", "ID": 308, "OUT_ID": 2176.0, "catchment_area": null }, "geometry": { "type": "Point", "coordinates": [ 15617261.798847, -889978.15198700001929 ] } },
{ "type": "Feature", "properties": { "Type": "End", "ID": 308, "OUT_ID": 2176.0, "catchment_area": 1197985809946.7534 }, "geometry": { "type": "Point", "coordinates": [ 15194383.428784, -1131706.171737000113353 ] } },
{ "type": "Feature", "properties": { "Type": "Start", "ID": 309, "OUT_ID": 2176.0, "catchment_area": null }, "geometry": { "type": "Point", "coordinates": [ 15614472.310519, -1143053.657193 ] } },
{ "type": "Feature", "properties": { "Type": "End", "ID": 309, "OUT_ID": 2176.0, "catchment_area": 1197985809946.7534 }, "geometry": { "type": "Point", "coordinates": [ 15194383.428784, -1131706.171737000113353 ] } },
{ "type": "Feature", "properties": { "Type": "Start", "ID": 310, "OUT_ID": 694.0, "catchment_area": null }, "geometry": { "type": "Point", "coordinates": [ 15610737.408019, -1395101.642804 ] } },
{ "type": "Feature", "properties": { "Type": "End", "ID": 310, "OUT_ID": 694.0, "catchment_area": 355128525605.05927 }, "geometry": { "type": "Point", "coordinates": [ 15654043.39556, -1424217.059685 ] } },
{ "type": "Feature", "properties": { "Type": "Start", "ID": 311, "OUT_ID": 695.0, "catchment_area": null }, "geometry": { "type": "Point", "coordinates": [ 15605857.573425, -1645746.030661 ] } },
{ "type": "Feature", "properties": { "Type": "End", "ID": 311, "OUT_ID": 695.0, "catchment_area": 15933855174.658466 }, "geometry": { "type": "Point", "coordinates": [ 15601809.308426, -1633153.408219 ] } },
{ "type": "Feature", "properties": { "Type": "Start", "ID": 312, "OUT_ID": 2176.0, "catchment_area": null }, "geometry": { "type": "Point", "coordinates": [ 15599551.613702, -1894507.380028000101447 ] } },
{ "type": "Feature", "properties": { "Type": "End", "ID": 312, "OUT_ID": 2176.0, "catchment_area": 1197985809946.7534 }, "geometry": { "type": "Point", "coordinates": [ 15194383.428784, -1131706.171737000113353 ] } },
{ "type": "Feature", "properties": { "Type": "Start", "ID": 313, "OUT_ID": 2176.0, "catchment_area": null }, "geometry": { "type": "Point", "coordinates": [ 15591421.583935, -2140767.717116000130773 ] } },
{ "type": "Feature", "properties": { "Type": "End", "ID": 313, "OUT_ID": 2176.0, "catchment_area": 1197985809946.7534 }, "geometry": { "type": "Point", "coordinates": [ 15194383.428784, -1131706.171737000113353 ] } },
{ "type": "Feature", "properties": { "Type": "Start", "ID": 314, "OUT_ID": 320.0, "catchment_area": null }, "geometry": { "type": "Point", "coordinates": [ 15580896.225893, -2383722.572991999797523 ] } },
{ "type": "Feature", "properties": { "Type": "End", "ID": 314, "OUT_ID": 320.0, "catchment_area": 1388100712099.1853 }, "geometry": { "type": "Point", "coordinates": [ 15340638.872758, -3461346.457893 ] } },
{ "type": "Feature", "properties": { "Type": "Start", "ID": 315, "OUT_ID": 320.0, "catchment_area": null }, "geometry": { "type": "Point", "coordinates": [ 15567135.622886, -2622312.724613000173122 ] } },
{ "type": "Feature", "properties": { "Type": "End", "ID": 315, "OUT_ID": 320.0, "catchment_area": 1388100712099.1853 }, "geometry": { "type": "Point", "coordinates": [ 15340638.872758, -3461346.457893 ] } },
{ "type": "Feature", "properties": { "Type": "Start", "ID": 316, "OUT_ID": 320.0, "catchment_area": null }, "geometry": { "type": "Point", "coordinates": [ 15548861.582257, -2855122.900657 ] } },
{ "type": "Feature", "properties": { "Type": "End", "ID": 316, "OUT_ID": 320.0, "catchment_area": 1388100712099.1853 }, "geometry": { "type": "Point", "coordinates": [ 15340638.872758, -3461346.457893 ] } },
{ "type": "Feature", "properties": { "Type": "Start", "ID": 317, "OUT_ID": 320.0, "catchment_area": null }, "geometry": { "type": "Point", "coordinates": [ 15524032.293037, -3080226.432895 ] } },
{ "type": "Feature", "properties": { "Type": "End", "ID": 317, "OUT_ID": 320.0, "catchment_area": 1388100712099.1853 }, "geometry": { "type": "Point", "coordinates": [ 15340638.872758, -3461346.457893 ] } },
{ "type": "Feature", "properties": { "Type": "Start", "ID": 318, "OUT_ID": 320.0, "catchment_area": null }, "geometry": { "type": "Point", "coordinates": [ 15489153.49207, -3294949.904684000182897 ] } },
{ "type": "Feature", "properties": { "Type": "End", "ID": 318, "OUT_ID": 320.0, "catchment_area": 1388100712099.1853 }, "geometry": { "type": "Point", "coordinates": [ 15340638.872758, -3461346.457893 ] } },
{ "type": "Feature", "properties": { "Type": "Start", "ID": 319, "OUT_ID": 320.0, "catchment_area": null }, "geometry": { "type": "Point", "coordinates": [ 15437642.713151, -3495600.335398000199348 ] } },
{ "type": "Feature", "properties": { "Type": "End", "ID": 319, "OUT_ID": 320.0, "catchment_area": 16479535146.393347 }, "geometry": { "type": "Point", "coordinates": [ 15382426.142465, -3576261.449587 ] } },
{ "type": "Feature", "properties": { "Type": "Start", "ID": 442, "OUT_ID": 441.0, "catchment_area": null }, "geometry": { "type": "Point", "coordinates": [ 13034311.256851, -3527016.530284999869764 ] } },
{ "type": "Feature", "properties": { "Type": "End", "ID": 442, "OUT_ID": 441.0, "catchment_area": 20954110914.619354 }, "geometry": { "type": "Point", "coordinates": [ 12875189.960055, -3482240.092747 ] } },
{ "type": "Feature", "properties": { "Type": "Start", "ID": 443, "OUT_ID": 251.0, "catchment_area": null }, "geometry": { "type": "Point", "coordinates": [ 13345517.951139, -3479043.489736 ] } },
{ "type": "Feature", "properties": { "Type": "End", "ID": 443, "OUT_ID": 251.0, "catchment_area": 15824719180.311491 }, "geometry": { "type": "Point", "coordinates": [ 13366190.37911, -3544920.997307000216097 ] } },
{ "type": "Feature", "properties": { "Type": "Start", "ID": 444, "OUT_ID": 252.0, "catchment_area": null }, "geometry": { "type": "Point", "coordinates": [ 13654478.785834, -3429247.548301000148058 ] } },
{ "type": "Feature", "properties": { "Type": "End", "ID": 444, "OUT_ID": 252.0, "catchment_area": 11022735429.044556 }, "geometry": { "type": "Point", "coordinates": [ 13700488.536765, -3544920.997307000216097 ] } },
{ "type": "Feature", "properties": { "Type": "Start", "ID": 445, "OUT_ID": 253.0, "catchment_area": null }, "geometry": { "type": "Point", "coordinates": [ 13960898.908997, -3379612.025452 ] } },
{ "type": "Feature", "properties": { "Type": "End", "ID": 445, "OUT_ID": 253.0, "catchment_area": 16370399152.046371 }, "geometry": { "type": "Point", "coordinates": [ 13992999.424713, -3409112.370759999845177 ] } },
{ "type": "Feature", "properties": { "Type": "Start", "ID": 446, "OUT_ID": 254.0, "catchment_area": null }, "geometry": { "type": "Point", "coordinates": [ 14264772.275983, -3333236.802408 ] } },
{ "type": "Feature", "properties": { "Type": "End", "ID": 446, "OUT_ID": 254.0, "catchment_area": 13314591310.331047 }, "geometry": { "type": "Point", "coordinates": [ 14264616.677807, -3356878.283626 ] } },
{ "type": "Feature", "properties": { "Type": "Start", "ID": 447, "OUT_ID": 255.0, "catchment_area": null }, "geometry": { "type": "Point", "coordinates": [ 14567109.022114, -3294949.904684000182897 ] } },
{ "type": "Feature", "properties": { "Type": "End", "ID": 447, "OUT_ID": 255.0, "catchment_area": 47801565523.975403 }, "geometry": { "type": "Point", "coordinates": [ 14567574.383182, -3325537.831346 ] } },
{ "type": "Feature", "properties": { "Type": "Start", "ID": 448, "OUT_ID": 256.0, "catchment_area": null }, "geometry": { "type": "Point", "coordinates": [ 14871886.33676, -3271826.843971 ] } },
{ "type": "Feature", "properties": { "Type": "End", "ID": 448, "OUT_ID": 256.0, "catchment_area": 101387338748.34052 }, "geometry": { "type": "Point", "coordinates": [ 14807851.183996, -3367325.101053 ] } },
{ "type": "Feature", "properties": { "Type": "Start", "ID": 449, "OUT_ID": 5601.0, "catchment_area": null }, "geometry": { "type": "Point", "coordinates": [ 4578105.908584999851882, 3937484.771162999793887 ] } },
{ "type": "Feature", "properties": { "Type": "End", "ID": 449, "OUT_ID": 5601.0, "catchment_area": 877453394549.68542 }, "geometry": { "type": "Point", "coordinates": [ 5081864.159730999730527, 3287297.599760000128299 ] } },
{ "type": "Feature", "properties": { "Type": "Start", "ID": 450, "OUT_ID": 642.0, "catchment_area": null }, "geometry": { "type": "Point", "coordinates": [ 4775571.199598000384867, 4102114.276147999800742 ] } },
{ "type": "Feature", "properties": { "Type": "End", "ID": 450, "OUT_ID": 642.0, "catchment_area": 25428686682.845364 }, "geometry": { "type": "Point", "coordinates": [ 5301247.325691999867558, 4081255.72419 ] } },
{ "type": "Feature", "properties": { "Type": "Start", "ID": 451, "OUT_ID": 5601.0, "catchment_area": null }, "geometry": { "type": "Point", "coordinates": [ 5009377.085697, 4247788.088717999868095 ] } },
{ "type": "Feature", "properties": { "Type": "End", "ID": 451, "OUT_ID": 5601.0, "catchment_area": 295649408685.95746 }, "geometry": { "type": "Point", "coordinates": [ 5478843.221946000121534, 4164830.263604000210762 ] } },
{ "type": "Feature", "properties": { "Type": "Start", "ID": 452, "OUT_ID": 642.0, "catchment_area": null }, "geometry": { "type": "Point", "coordinates": [ 5273488.745817, 4378855.963033 ] } },
{ "type": "Feature", "properties": { "Type": "End", "ID": 452, "OUT_ID": 642.0, "catchment_area": 362768045209.3476 }, "geometry": { "type": "Point", "coordinates": [ 5259460.055985, 4342426.159858000464737 ] } },
{ "type": "Feature", "properties": { "Type": "Start", "ID": 453, "OUT_ID": 642.0, "catchment_area": null }, "geometry": { "type": "Point", "coordinates": [ 5563095.947875999845564, 4497310.508142 ] } },
{ "type": "Feature", "properties": { "Type": "End", "ID": 453, "OUT_ID": 642.0, "catchment_area": 26192638643.274193 }, "geometry": { "type": "Point", "coordinates": [ 5604205.031066000461578, 4467787.968977999873459 ] } },
{ "type": "Feature", "properties": { "Type": "Start", "ID": 454, "OUT_ID": 5601.0, "catchment_area": null }, "geometry": { "type": "Point", "coordinates": [ 5874789.450090000405908, 4604142.353209 ] } },
{ "type": "Feature", "properties": { "Type": "End", "ID": 454, "OUT_ID": 5601.0, "catchment_area": 255159954783.22943 }, "geometry": { "type": "Point", "coordinates": [ 5969843.641001, 4488681.603832 ] } },
{ "type": "Feature", "properties": { "Type": "Start", "ID": 455, "OUT_ID": 1998.0, "catchment_area": null }, "geometry": { "type": "Point", "coordinates": [ 6206141.336517999880016, 4699936.229886 ] } },
{ "type": "Feature", "properties": { "Type": "End", "ID": 455, "OUT_ID": 1998.0, "catchment_area": 16582559525056.891 }, "geometry": { "type": "Point", "coordinates": [ 7578653.524713999591768, 5836321.051877000369132 ] } },
{ "type": "Feature", "properties": { "Type": "Start", "ID": 456, "OUT_ID": 1998.0, "catchment_area": null }, "geometry": { "type": "Point", "coordinates": [ 6555310.397253000177443, 4785106.04413599986583 ] } },
{ "type": "Feature", "properties": { "Type": "End", "ID": 456, "OUT_ID": 1998.0, "catchment_area": 16582559525056.891 }, "geometry": { "type": "Point", "coordinates": [ 7578653.524713999591768, 5836321.051877000369132 ] } },
{ "type": "Feature", "properties": { "Type": "Start", "ID": 457, "OUT_ID": 1998.0, "catchment_area": null }, "geometry": { "type": "Point", "coordinates": [ 6920756.544951000250876, 4859985.375203000381589 ] } },
{ "type": "Feature", "properties": { "Type": "End", "ID": 457, "OUT_ID": 1998.0, "catchment_area": 16582559525056.891 }, "geometry": { "type": "Point", "coordinates": [ 7578653.524713999591768, 5836321.051877000369132 ] } },
{ "type": "Feature", "properties": { "Type": "Start", "ID": 458, "OUT_ID": 1998.0, "catchment_area": null }, "geometry": { "type": "Point", "coordinates": [ 7301043.240546000190079, 4924861.227876000106335 ] } },
{ "type": "Feature", "properties": { "Type": "End", "ID": 458, "OUT_ID": 1998.0, "catchment_area": 16582559525056.891 }, "geometry": { "type": "Point", "coordinates": [ 7578653.524713999591768, 5836321.051877000369132 ] } },
{ "type": "Feature", "properties": { "Type": "Start", "ID": 459, "OUT_ID": 1998.0, "catchment_area": null }, "geometry": { "type": "Point", "coordinates": [ 7694702.205556999891996, 4979985.368996 ] } },
{ "type": "Feature", "properties": { "Type": "End", "ID": 459, "OUT_ID": 1998.0, "catchment_area": 16582559525056.891 }, "geometry": { "type": "Point", "coordinates": [ 7578653.524713999591768, 5836321.051877000369132 ] } },
{ "type": "Feature", "properties": { "Type": "Start", "ID": 460, "OUT_ID": 1998.0, "catchment_area": null }, "geometry": { "type": "Point", "coordinates": [ 8100143.910087999887764, 5025576.917387000285089 ] } },
{ "type": "Feature", "properties": { "Type": "End", "ID": 460, "OUT_ID": 1998.0, "catchment_area": 16582559525056.891 }, "geometry": { "type": "Point", "coordinates": [ 7578653.524713999591768, 5836321.051877000369132 ] } },
{ "type": "Feature", "properties": { "Type": "Start", "ID": 461, "OUT_ID": 1998.0, "catchment_area": null }, "geometry": { "type": "Point", "coordinates": [ 8515604.866389000788331, 5061821.740628000348806 ] } },
{ "type": "Feature", "properties": { "Type": "End", "ID": 461, "OUT_ID": 1998.0, "catchment_area": 16582559525056.891 }, "geometry": { "type": "Point", "coordinates": [ 7578653.524713999591768, 5836321.051877000369132 ] } },
{ "type": "Feature", "properties": { "Type": "Start", "ID": 462, "OUT_ID": 1998.0, "catchment_area": null }, "geometry": { "type": "Point", "coordinates": [ 8939126.901164000853896, 5088870.917487000115216 ] } },
{ "type": "Feature", "properties": { "Type": "End", "ID": 462, "OUT_ID": 1998.0, "catchment_area": 16582559525056.891 }, "geometry": { "type": "Point", "coordinates": [ 7578653.524713999591768, 5836321.051877000369132 ] } },
{ "type": "Feature", "properties": { "Type": "Start", "ID": 463, "OUT_ID": 1998.0, "catchment_area": null }, "geometry": { "type": "Point", "coordinates": [ 9368565.134956000372767, 5106839.171116 ] } },
{ "type": "Feature", "properties": { "Type": "End", "ID": 463, "OUT_ID": 1998.0, "catchment_area": 16582559525056.891 }, "geometry": { "type": "Point", "coordinates": [ 7578653.524713999591768, 5836321.051877000369132 ] } },
{ "type": "Feature", "properties": { "Type": "Start", "ID": 464, "OUT_ID": 1998.0, "catchment_area": null }, "geometry": { "type": "Point", "coordinates": [ 9801620.979465000331402, 5115803.595261 ] } },
{ "type": "Feature", "properties": { "Type": "End", "ID": 464, "OUT_ID": 1998.0, "catchment_area": 16582559525056.891 }, "geometry": { "type": "Point", "coordinates": [ 7578653.524713999591768, 5836321.051877000369132 ] } },
{ "type": "Feature", "properties": { "Type": "Start", "ID": 465, "OUT_ID": 1998.0, "catchment_area": null }, "geometry": { "type": "Point", "coordinates": [ 10235887.363324, 5115803.595261 ] } },
{ "type": "Feature", "properties": { "Type": "End", "ID": 465, "OUT_ID": 1998.0, "catchment_area": 16582559525056.891 }, "geometry": { "type": "Point", "coordinates": [ 7578653.524713999591768, 5836321.051877000369132 ] } },
{ "type": "Feature", "properties": { "Type": "Start", "ID": 466, "OUT_ID": 1998.0, "catchment_area": null }, "geometry": { "type": "Point", "coordinates": [ 10668943.207834, 5106839.171116 ] } },
{ "type": "Feature", "properties": { "Type": "End", "ID": 466, "OUT_ID": 1998.0, "catchment_area": 16582559525056.891 }, "geometry": { "type": "Point", "coordinates": [ 7578653.524713999591768, 5836321.051877000369132 ] } },
{ "type": "Feature", "properties": { "Type": "Start", "ID": 467, "OUT_ID": 1998.0, "catchment_area": null }, "geometry": { "type": "Point", "coordinates": [ 11098381.441625, 5088870.917487000115216 ] } },
{ "type": "Feature", "properties": { "Type": "End", "ID": 467, "OUT_ID": 1998.0, "catchment_area": 16582559525056.891 }, "geometry": { "type": "Point", "coordinates": [ 7578653.524713999591768, 5836321.051877000369132 ] } },
{ "type": "Feature", "properties": { "Type": "Start", "ID": 468, "OUT_ID": 1998.0, "catchment_area": null }, "geometry": { "type": "Point", "coordinates": [ 11521903.470834, 5061821.740628000348806 ] } },
{ "type": "Feature", "properties": { "Type": "End", "ID": 468, "OUT_ID": 1998.0, "catchment_area": 16582559525056.891 }, "geometry": { "type": "Point", "coordinates": [ 7578653.524713999591768, 5836321.051877000369132 ] } },
{ "type": "Feature", "properties": { "Type": "Start", "ID": 469, "OUT_ID": 2194.0, "catchment_area": null }, "geometry": { "type": "Point", "coordinates": [ 11937364.430475, 5025576.917387000285089 ] } },
{ "type": "Feature", "properties": { "Type": "End", "ID": 469, "OUT_ID": 2194.0, "catchment_area": 564887906739.94678 }, "geometry": { "type": "Point", "coordinates": [ 11799167.765104, 5021469.292593999765813 ] } },
{ "type": "Feature", "properties": { "Type": "Start", "ID": 470, "OUT_ID": 2194.0, "catchment_area": null }, "geometry": { "type": "Point", "coordinates": [ 12342806.135006, 4979985.368996 ] } },
{ "type": "Feature", "properties": { "Type": "End", "ID": 470, "OUT_ID": 2194.0, "catchment_area": 555611347220.45386 }, "geometry": { "type": "Point", "coordinates": [ 11872295.487091, 5042362.927446999587119 ] } },
{ "type": "Feature", "properties": { "Type": "Start", "ID": 471, "OUT_ID": 285.0, "catchment_area": null }, "geometry": { "type": "Point", "coordinates": [ 12736465.105583, 4924861.227876000106335 ] } },
{ "type": "Feature", "properties": { "Type": "End", "ID": 471, "OUT_ID": 285.0, "catchment_area": 2947108391345.7344 }, "geometry": { "type": "Point", "coordinates": [ 14661595.740022, 4321532.52500499971211 ] } },
{ "type": "Feature", "properties": { "Type": "Start", "ID": 472, "OUT_ID": 285.0, "catchment_area": null }, "geometry": { "type": "Point", "coordinates": [ 13116751.800064, 4859985.375203000381589 ] } },
{ "type": "Feature", "properties": { "Type": "End", "ID": 472, "OUT_ID": 285.0, "catchment_area": 2947108391345.7344 }, "geometry": { "type": "Point", "coordinates": [ 14661595.740022, 4321532.52500499971211 ] } },
{ "type": "Feature", "properties": { "Type": "Start", "ID": 473, "OUT_ID": 285.0, "catchment_area": null }, "geometry": { "type": "Point", "coordinates": [ 13482197.947763, 4785106.04413599986583 ] } },
{ "type": "Feature", "properties": { "Type": "End", "ID": 473, "OUT_ID": 285.0, "catchment_area": 2947108391345.7344 }, "geometry": { "type": "Point", "coordinates": [ 14661595.740022, 4321532.52500499971211 ] } },
{ "type": "Feature", "properties": { "Type": "Start", "ID": 474, "OUT_ID": 6011.0, "catchment_area": null }, "geometry": { "type": "Point", "coordinates": [ 13831367.004045, 4699936.229886 ] } },
{ "type": "Feature", "properties": { "Type": "End", "ID": 474, "OUT_ID": 6011.0, "catchment_area": 657762637929.22314 }, "geometry": { "type": "Point", "coordinates": [ 13564679.910218, 4112596.17646999983117 ] } },
{ "type": "Feature", "properties": { "Type": "Start", "ID": 475, "OUT_ID": 6011.0, "catchment_area": null }, "geometry": { "type": "Point", "coordinates": [ 14162718.897152, 4604142.353209 ] } },
{ "type": "Feature", "properties": { "Type": "End", "ID": 475, "OUT_ID": 6011.0, "catchment_area": 657762637929.22314 }, "geometry": { "type": "Point", "coordinates": [ 13564679.910218, 4112596.17646999983117 ] } },
{ "type": "Feature", "properties": { "Type": "Start", "ID": 476, "OUT_ID": 285.0, "catchment_area": null }, "geometry": { "type": "Point", "coordinates": [ 14474412.391574, 4497310.508142 ] } },
{ "type": "Feature", "properties": { "Type": "End", "ID": 476, "OUT_ID": 285.0, "catchment_area": 2947108391345.7344 }, "geometry": { "type": "Point", "coordinates": [ 14661595.740022, 4321532.52500499971211 ] } },
{ "type": "Feature", "properties": { "Type": "Start", "ID": 477, "OUT_ID": 285.0, "catchment_area": null }, "geometry": { "type": "Point", "coordinates": [ 14764019.598085, 4378855.963033 ] } },
{ "type": "Feature", "properties": { "Type": "End", "ID": 477, "OUT_ID": 285.0, "catchment_area": 2945253079441.8359 }, "geometry": { "type": "Point", "coordinates": [ 14713829.827156, 4331979.342431000433862 ] } },
{ "type": "Feature", "properties": { "Type": "Start", "ID": 481, "OUT_ID": 482.0, "catchment_area": null }, "geometry": { "type": "Point", "coordinates": [ 15613711.820285, 3748544.972877 ] } },
{ "type": "Feature", "properties": { "Type": "End", "ID": 481, "OUT_ID": 482.0, "catchment_area": 11350143412.085484 }, "geometry": { "type": "Point", "coordinates": [ 15664490.212986, 3746957.566536 ] } },
{ "type": "Feature", "properties": { "Type": "Start", "ID": 499, "OUT_ID": 693.0, "catchment_area": null }, "geometry": { "type": "Point", "coordinates": [ 15987079.162386, -639065.236065999954008 ] } },
{ "type": "Feature", "properties": { "Type": "End", "ID": 499, "OUT_ID": 693.0, "catchment_area": 55441085128.26371 }, "geometry": { "type": "Point", "coordinates": [ 16103256.544908, -922769.823203 ] } },
{ "type": "Feature", "properties": { "Type": "Start", "ID": 500, "OUT_ID": 693.0, "catchment_area": null }, "geometry": { "type": "Point", "coordinates": [ 15984010.963449, -894126.194067999953404 ] } },
{ "type": "Feature", "properties": { "Type": "End", "ID": 500, "OUT_ID": 693.0, "catchment_area": 55441085128.26371 }, "geometry": { "type": "Point", "coordinates": [ 16103256.544908, -922769.823203 ] } },
{ "type": "Feature", "properties": { "Type": "Start", "ID": 501, "OUT_ID": 693.0, "catchment_area": null }, "geometry": { "type": "Point", "coordinates": [ 15979700.338807, -1148566.937481 ] } },
{ "type": "Feature", "properties": { "Type": "End", "ID": 501, "OUT_ID": 693.0, "catchment_area": 37215374072.318748 }, "geometry": { "type": "Point", "coordinates": [ 16019682.005494, -1152599.806591 ] } },
{ "type": "Feature", "properties": { "Type": "Start", "ID": 502, "OUT_ID": 694.0, "catchment_area": null }, "geometry": { "type": "Point", "coordinates": [ 15973934.000316, -1402129.342242 ] } },
{ "type": "Feature", "properties": { "Type": "End", "ID": 502, "OUT_ID": 694.0, "catchment_area": 12004959378.167339 }, "geometry": { "type": "Point", "coordinates": [ 15998788.370641, -1403323.424832 ] } },
{ "type": "Feature", "properties": { "Type": "Start", "ID": 503, "OUT_ID": 694.0, "catchment_area": null }, "geometry": { "type": "Point", "coordinates": [ 15966409.32594, -1654488.872796 ] } },
{ "type": "Feature", "properties": { "Type": "End", "ID": 503, "OUT_ID": 694.0, "catchment_area": 30121534439.76532 }, "geometry": { "type": "Point", "coordinates": [ 16071916.092628, -1518238.416525 ] } },
{ "type": "Feature", "properties": { "Type": "Start", "ID": 504, "OUT_ID": 695.0, "catchment_area": null }, "geometry": { "type": "Point", "coordinates": [ 15956702.065967, -1905232.927038 ] } },
{ "type": "Feature", "properties": { "Type": "End", "ID": 504, "OUT_ID": 695.0, "catchment_area": 348689501938.58771 }, "geometry": { "type": "Point", "coordinates": [ 15654043.39556, -1518238.416525 ] } },
{ "type": "Feature", "properties": { "Type": "Start", "ID": 505, "OUT_ID": 695.0, "catchment_area": null }, "geometry": { "type": "Point", "coordinates": [ 15944216.393956, -2153834.067290000151843 ] } },
{ "type": "Feature", "properties": { "Type": "End", "ID": 505, "OUT_ID": 695.0, "catchment_area": 348689501938.58771 }, "geometry": { "type": "Point", "coordinates": [ 15654043.39556, -1518238.416525 ] } },
{ "type": "Feature", "properties": { "Type": "Start", "ID": 506, "OUT_ID": 320.0, "catchment_area": null }, "geometry": { "type": "Point", "coordinates": [ 15928106.159325, -2399616.269568 ] } },
{ "type": "Feature", "properties": { "Type": "End", "ID": 506, "OUT_ID": 320.0, "catchment_area": 1388100712099.1853 }, "geometry": { "type": "Point", "coordinates": [ 15340638.872758, -3461346.457893 ] } },
{ "type": "Feature", "properties": { "Type": "Start", "ID": 507, "OUT_ID": 320.0, "catchment_area": null }, "geometry": { "type": "Point", "coordinates": [ 15907147.370876, -2641712.150798 ] } },
{ "type": "Feature", "properties": { "Type": "End", "ID": 507, "OUT_ID": 320.0, "catchment_area": 1388100712099.1853 }, "geometry": { "type": "Point", "coordinates": [ 15340638.872758, -3461346.457893 ] } },
{ "type": "Feature", "properties": { "Type": "Start", "ID": 508, "OUT_ID": 320.0, "catchment_area": null }, "geometry": { "type": "Point", "coordinates": [ 15879523.606215, -2879010.248509 ] } },
{ "type": "Feature", "properties": { "Type": "End", "ID": 508, "OUT_ID": 320.0, "catchment_area": 1388100712099.1853 }, "geometry": { "type": "Point", "coordinates": [ 15340638.872758, -3461346.457893 ] } },
{ "type": "Feature", "properties": { "Type": "Start", "ID": 509, "OUT_ID": 320.0, "catchment_area": null }, "geometry": { "type": "Point", "coordinates": [ 15842450.197148, -3110098.259224 ] } },
{ "type": "Feature", "properties": { "Type": "End", "ID": 509, "OUT_ID": 320.0, "catchment_area": 1388100712099.1853 }, "geometry": { "type": "Point", "coordinates": [ 15340638.872758, -3461346.457893 ] } },
{ "type": "Feature", "properties": { "Type": "Start", "ID": 510, "OUT_ID": 320.0, "catchment_area": null }, "geometry": { "type": "Point", "coordinates": [ 15791490.238201, -3333236.802408 ] } },
{ "type": "Feature", "properties": { "Type": "End", "ID": 510, "OUT_ID": 320.0, "catchment_area": 1036464538313.2292 }, "geometry": { "type": "Point", "coordinates": [ 15497341.134159, -3670282.806427 ] } },
{ "type": "Feature", "properties": { "Type": "Start", "ID": 511, "OUT_ID": 320.0, "catchment_area": null }, "geometry": { "type": "Point", "coordinates": [ 15719307.774932, -3546503.919484000187367 ] } },
{ "type": "Feature", "properties": { "Type": "End", "ID": 511, "OUT_ID": 320.0, "catchment_area": 1036464538313.2292 }, "geometry": { "type": "Point", "coordinates": [ 15497341.134159, -3670282.806427 ] } },
{ "type": "Feature", "properties": { "Type": "Start", "ID": 512, "OUT_ID": 190.0, "catchment_area": null }, "geometry": { "type": "Point", "coordinates": [ 15613711.820285, -3748544.972877 ] } },
{ "type": "Feature", "properties": { "Type": "End", "ID": 512, "OUT_ID": 190.0, "catchment_area": 12768911338.596169 }, "geometry": { "type": "Point", "coordinates": [ 15549575.221293, -3753857.345840999856591 ] } },
{ "type": "Feature", "properties": { "Type": "Start", "ID": 600, "OUT_ID": 790.0, "catchment_area": null }, "geometry": { "type": "Point", "coordinates": [ 2323824.938641999848187, -3343801.867844 ] } },
{ "type": "Feature", "properties": { "Type": "End", "ID": 600, "OUT_ID": 790.0, "catchment_area": 946318206982.6272 }, "geometry": { "type": "Point", "coordinates": [ 1832903.940025, -3053920.578251 ] } },
{ "type": "Feature", "properties": { "Type": "Start", "ID": 601, "OUT_ID": 790.0, "catchment_area": null }, "geometry": { "type": "Point", "coordinates": [ 2634385.596944999881089, -3308582.618483 ] } },
{ "type": "Feature", "properties": { "Type": "End", "ID": 601, "OUT_ID": 790.0, "catchment_area": 946318206982.6272 }, "geometry": { "type": "Point", "coordinates": [ 1832903.940025, -3053920.578251 ] } },
{ "type": "Feature", "properties": { "Type": "Start", "ID": 602, "OUT_ID": 790.0, "catchment_area": null }, "geometry": { "type": "Point", "coordinates": [ 2945205.054140000138432, -3270258.16671899985522 ] } },
{ "type": "Feature", "properties": { "Type": "End", "ID": 602, "OUT_ID": 790.0, "catchment_area": 946318206982.6272 }, "geometry": { "type": "Point", "coordinates": [ 1832903.940025, -3053920.578251 ] } },
{ "type": "Feature", "properties": { "Type": "Start", "ID": 603, "OUT_ID": 411.0, "catchment_area": null }, "geometry": { "type": "Point", "coordinates": [ 3256359.335872999858111, -3229674.388588999863714 ] } },
{ "type": "Feature", "properties": { "Type": "End", "ID": 603, "OUT_ID": 411.0, "catchment_area": 29139310490.64254 }, "geometry": { "type": "Point", "coordinates": [ 3285011.562337, -3335984.648773000109941 ] } },
{ "type": "Feature", "properties": { "Type": "Start", "ID": 634, "OUT_ID": 633.0, "catchment_area": null }, "geometry": { "type": "Point", "coordinates": [ 12963959.219969, -3270258.16671899985522 ] } },
{ "type": "Feature", "properties": { "Type": "End", "ID": 634, "OUT_ID": 633.0, "catchment_area": 96585354997.073593 }, "geometry": { "type": "Point", "coordinates": [ 12854296.325202, -3304644.196492 ] } },
{ "type": "Feature", "properties": { "Type": "Start", "ID": 635, "OUT_ID": 633.0, "catchment_area": null }, "geometry": { "type": "Point", "coordinates": [ 13275113.505041, -3229674.388588999863714 ] } },
{ "type": "Feature", "properties": { "Type": "End", "ID": 635, "OUT_ID": 633.0, "catchment_area": 99422890850.094955 }, "geometry": { "type": "Point", "coordinates": [ 12896083.594909, -3356878.283626 ] } },
{ "type": "Feature", "properties": { "Type": "Start", "ID": 636, "OUT_ID": 252.0, "catchment_area": null }, "geometry": { "type": "Point", "coordinates": [ 13586778.501674, -3188081.800557 ] } },
{ "type": "Feature", "properties": { "Type": "End", "ID": 636, "OUT_ID": 252.0, "catchment_area": 194371205931.9639 }, "geometry": { "type": "Point", "coordinates": [ 13815403.528459, -3471793.27532 ] } },
{ "type": "Feature", "properties": { "Type": "Start", "ID": 637, "OUT_ID": 253.0, "catchment_area": null }, "geometry": { "type": "Point", "coordinates": [ 13899364.266342, -3147324.597755 ] } },
{ "type": "Feature", "properties": { "Type": "End", "ID": 637, "OUT_ID": 253.0, "catchment_area": 211178149061.39819 }, "geometry": { "type": "Point", "coordinates": [ 13951212.155006, -3419559.188186000101268 ] } },
{ "type": "Feature", "properties": { "Type": "Start", "ID": 638, "OUT_ID": 253.0, "catchment_area": null }, "geometry": { "type": "Point", "coordinates": [ 14213812.317036, -3110098.259224 ] } },
{ "type": "Feature", "properties": { "Type": "End", "ID": 638, "OUT_ID": 253.0, "catchment_area": 211178149061.39819 }, "geometry": { "type": "Point", "coordinates": [ 13951212.155006, -3419559.188186000101268 ] } },
{ "type": "Feature", "properties": { "Type": "Start", "ID": 639, "OUT_ID": 255.0, "catchment_area": null }, "geometry": { "type": "Point", "coordinates": [ 14532230.221147, -3080226.432895 ] } },
{ "type": "Feature", "properties": { "Type": "End", "ID": 639, "OUT_ID": 255.0, "catchment_area": 45837117625.729836 }, "geometry": { "type": "Point", "coordinates": [ 14546680.748329, -3325537.831346 ] } },
{ "type": "Feature", "properties": { "Type": "Start", "ID": 640, "OUT_ID": 256.0, "catchment_area": null }, "geometry": { "type": "Point", "coordinates": [ 14859089.126022, -3062700.762029999867082 ] } },
{ "type": "Feature", "properties": { "Type": "End", "ID": 640, "OUT_ID": 256.0, "catchment_area": 101387338748.34052 }, "geometry": { "type": "Point", "coordinates": [ 14807851.183996, -3367325.101053 ] } },
{ "type": "Feature", "properties": { "Type": "Start", "ID": 641, "OUT_ID": 5601.0, "catchment_area": null }, "geometry": { "type": "Point", "coordinates": [ 4309205.174878000281751, 4032677.889804999809712 ] } },
{ "type": "Feature", "properties": { "Type": "End", "ID": 641, "OUT_ID": 5601.0, "catchment_area": 877453394549.68542 }, "geometry": { "type": "Point", "coordinates": [ 5081864.159730999730527, 3287297.599760000128299 ] } },
{ "type": "Feature", "properties": { "Type": "Start", "ID": 643, "OUT_ID": 642.0, "catchment_area": null }, "geometry": { "type": "Point", "coordinates": [ 4745265.425576999783516, 4378855.963033 ] } },
{ "type": "Feature", "properties": { "Type": "End", "ID": 643, "OUT_ID": 642.0, "catchment_area": 587369921575.42383 }, "geometry": { "type": "Point", "coordinates": [ 4966949.168037000112236, 4760298.856925999745727 ] } },
{ "type": "Feature", "properties": { "Type": "Start", "ID": 644, "OUT_ID": 642.0, "catchment_area": null }, "geometry": { "type": "Point", "coordinates": [ 5009377.085697, 4523570.150657 ] } },
{ "type": "Feature", "properties": { "Type": "End", "ID": 644, "OUT_ID": 642.0, "catchment_area": 587369921575.42383 }, "geometry": { "type": "Point", "coordinates": [ 4966949.168037000112236, 4760298.856925999745727 ] } },
{ "type": "Feature", "properties": { "Type": "Start", "ID": 645, "OUT_ID": 1998.0, "catchment_area": null }, "geometry": { "type": "Point", "coordinates": [ 5300203.18052, 4653223.372208000160754 ] } },
{ "type": "Feature", "properties": { "Type": "End", "ID": 645, "OUT_ID": 1998.0, "catchment_area": 16582559525056.891 }, "geometry": { "type": "Point", "coordinates": [ 7578653.524713999591768, 5836321.051877000369132 ] } },
{ "type": "Feature", "properties": { "Type": "Start", "ID": 646, "OUT_ID": 1998.0, "catchment_area": null }, "geometry": { "type": "Point", "coordinates": [ 5615506.257298000156879, 4769296.162084000185132 ] } },
{ "type": "Feature", "properties": { "Type": "End", "ID": 646, "OUT_ID": 1998.0, "catchment_area": 16582559525056.891 }, "geometry": { "type": "Point", "coordinates": [ 7578653.524713999591768, 5836321.051877000369132 ] } },
{ "type": "Feature", "properties": { "Type": "Start", "ID": 647, "OUT_ID": 1998.0, "catchment_area": null }, "geometry": { "type": "Point", "coordinates": [ 5953619.85323700029403, 4872763.492649000138044 ] } },
{ "type": "Feature", "properties": { "Type": "End", "ID": 647, "OUT_ID": 1998.0, "catchment_area": 16582559525056.891 }, "geometry": { "type": "Point", "coordinates": [ 7578653.524713999591768, 5836321.051877000369132 ] } },
{ "type": "Feature", "properties": { "Type": "Start", "ID": 648, "OUT_ID": 1998.0, "catchment_area": null }, "geometry": { "type": "Point", "coordinates": [ 6313225.972280999645591, 4964328.575038 ] } },
{ "type": "Feature", "properties": { "Type": "End", "ID": 648, "OUT_ID": 1998.0, "catchment_area": 16582559525056.891 }, "geometry": { "type": "Point", "coordinates": [ 7578653.524713999591768, 5836321.051877000369132 ] } },
{ "type": "Feature", "properties": { "Type": "Start", "ID": 649, "OUT_ID": 1998.0, "catchment_area": null }, "geometry": { "type": "Point", "coordinates": [ 6693139.232172000221908, 5044536.580075000412762 ] } },
{ "type": "Feature", "properties": { "Type": "End", "ID": 649, "OUT_ID": 1998.0, "catchment_area": 16582559525056.891 }, "geometry": { "type": "Point", "coordinates": [ 7578653.524713999591768, 5836321.051877000369132 ] } },
{ "type": "Feature", "properties": { "Type": "Start", "ID": 650, "OUT_ID": 1998.0, "catchment_area": null }, "geometry": { "type": "Point", "coordinates": [ 7092124.411802999675274, 5113829.875906 ] } },
{ "type": "Feature", "properties": { "Type": "End", "ID": 650, "OUT_ID": 1998.0, "catchment_area": 16582559525056.891 }, "geometry": { "type": "Point", "coordinates": [ 7578653.524713999591768, 5836321.051877000369132 ] } },
{ "type": "Feature", "properties": { "Type": "Start", "ID": 651, "OUT_ID": 1998.0, "catchment_area": null }, "geometry": { "type": "Point", "coordinates": [ 7508750.241972000338137, 5172575.128966 ] } },
{ "type": "Feature", "properties": { "Type": "End", "ID": 651, "OUT_ID": 1998.0, "catchment_area": 16582559525056.891 }, "geometry": { "type": "Point", "coordinates": [ 7578653.524713999591768, 5836321.051877000369132 ] } },
{ "type": "Feature", "properties": { "Type": "Start", "ID": 652, "OUT_ID": 1998.0, "catchment_area": null }, "geometry": { "type": "Point", "coordinates": [ 7941279.829155, 5221076.776483000256121 ] } },
{ "type": "Feature", "properties": { "Type": "End", "ID": 652, "OUT_ID": 1998.0, "catchment_area": 16582559525056.891 }, "geometry": { "type": "Point", "coordinates": [ 7578653.524713999591768, 5836321.051877000369132 ] } },
{ "type": "Feature", "properties": { "Type": "Start", "ID": 653, "OUT_ID": 1998.0, "catchment_area": null }, "geometry": { "type": "Point", "coordinates": [ 8387600.437396000139415, 5259583.799805000424385 ] } },
{ "type": "Feature", "properties": { "Type": "End", "ID": 653, "OUT_ID": 1998.0, "catchment_area": 16582559525056.891 }, "geometry": { "type": "Point", "coordinates": [ 7578653.524713999591768, 5836321.051877000369132 ] } },
{ "type": "Feature", "properties": { "Type": "Start", "ID": 654, "OUT_ID": 1998.0, "catchment_area": null }, "geometry": { "type": "Point", "coordinates": [ 8845196.939723, 5288293.179236999712884 ] } },
{ "type": "Feature", "properties": { "Type": "End", "ID": 654, "OUT_ID": 1998.0, "catchment_area": 16582559525056.891 }, "geometry": { "type": "Point", "coordinates": [ 7578653.524713999591768, 5836321.051877000369132 ] } },
{ "type": "Feature", "properties": { "Type": "Start", "ID": 655, "OUT_ID": 1998.0, "catchment_area": null }, "geometry": { "type": "Point", "coordinates": [ 9311172.308727, 5307351.657734000124037 ] } },
{ "type": "Feature", "properties": { "Type": "End", "ID": 655, "OUT_ID": 1998.0, "catchment_area": 16582559525056.891 }, "geometry": { "type": "Point", "coordinates": [ 7578653.524713999591768, 5836321.051877000369132 ] } },
{ "type": "Feature", "properties": { "Type": "Start", "ID": 656, "OUT_ID": 1998.0, "catchment_area": null }, "geometry": { "type": "Point", "coordinates": [ 9782314.7644800003618, 5316856.639321000315249 ] } },
{ "type": "Feature", "properties": { "Type": "End", "ID": 656, "OUT_ID": 1998.0, "catchment_area": 16582559525056.891 }, "geometry": { "type": "Point", "coordinates": [ 7578653.524713999591768, 5836321.051877000369132 ] } },
{ "type": "Feature", "properties": { "Type": "Start", "ID": 657, "OUT_ID": 1998.0, "catchment_area": null }, "geometry": { "type": "Point", "coordinates": [ 10255193.57831, 5316856.639321000315249 ] } },
{ "type": "Feature", "properties": { "Type": "End", "ID": 657, "OUT_ID": 1998.0, "catchment_area": 16582559525056.891 }, "geometry": { "type": "Point", "coordinates": [ 7578653.524713999591768, 5836321.051877000369132 ] } },
{ "type": "Feature", "properties": { "Type": "Start", "ID": 658, "OUT_ID": 1998.0, "catchment_area": null }, "geometry": { "type": "Point", "coordinates": [ 10726336.034062, 5307351.657734000124037 ] } },
{ "type": "Feature", "properties": { "Type": "End", "ID": 658, "OUT_ID": 1998.0, "catchment_area": 16582559525056.891 }, "geometry": { "type": "Point", "coordinates": [ 7578653.524713999591768, 5836321.051877000369132 ] } },
{ "type": "Feature", "properties": { "Type": "Start", "ID": 659, "OUT_ID": 1998.0, "catchment_area": null }, "geometry": { "type": "Point", "coordinates": [ 11192311.405293, 5288293.179236999712884 ] } },
{ "type": "Feature", "properties": { "Type": "End", "ID": 659, "OUT_ID": 1998.0, "catchment_area": 16582559525056.891 }, "geometry": { "type": "Point", "coordinates": [ 7578653.524713999591768, 5836321.051877000369132 ] } },
{ "type": "Feature", "properties": { "Type": "Start", "ID": 660, "OUT_ID": 1998.0, "catchment_area": null }, "geometry": { "type": "Point", "coordinates": [ 11649907.905394, 5259583.799805000424385 ] } },
{ "type": "Feature", "properties": { "Type": "End", "ID": 660, "OUT_ID": 1998.0, "catchment_area": 16582559525056.891 }, "geometry": { "type": "Point", "coordinates": [ 7578653.524713999591768, 5836321.051877000369132 ] } },
{ "type": "Feature", "properties": { "Type": "Start", "ID": 661, "OUT_ID": 2196.0, "catchment_area": null }, "geometry": { "type": "Point", "coordinates": [ 12096228.509181, 5221076.776483000256121 ] } },
{ "type": "Feature", "properties": { "Type": "End", "ID": 661, "OUT_ID": 2196.0, "catchment_area": 2370542933210.6616 }, "geometry": { "type": "Point", "coordinates": [ 14118361.233833, 6055704.21783799957484 ] } },
{ "type": "Feature", "properties": { "Type": "Start", "ID": 662, "OUT_ID": 285.0, "catchment_area": null }, "geometry": { "type": "Point", "coordinates": [ 12528758.097477, 5172575.128966 ] } },
{ "type": "Feature", "properties": { "Type": "End", "ID": 662, "OUT_ID": 285.0, "catchment_area": 2947108391345.7344 }, "geometry": { "type": "Point", "coordinates": [ 14661595.740022, 4321532.52500499971211 ] } },
{ "type": "Feature", "properties": { "Type": "Start", "ID": 663, "OUT_ID": 285.0, "catchment_area": null }, "geometry": { "type": "Point", "coordinates": [ 12945383.926533, 5113829.875906 ] } },
{ "type": "Feature", "properties": { "Type": "End", "ID": 663, "OUT_ID": 285.0, "catchment_area": 2947108391345.7344 }, "geometry": { "type": "Point", "coordinates": [ 14661595.740022, 4321532.52500499971211 ] } },
{ "type": "Feature", "properties": { "Type": "Start", "ID": 664, "OUT_ID": 285.0, "catchment_area": null }, "geometry": { "type": "Point", "coordinates": [ 13344369.111731, 5044536.580075000412762 ] } },
{ "type": "Feature", "properties": { "Type": "End", "ID": 664, "OUT_ID": 285.0, "catchment_area": 2947108391345.7344 }, "geometry": { "type": "Point", "coordinates": [ 14661595.740022, 4321532.52500499971211 ] } },
{ "type": "Feature", "properties": { "Type": "Start", "ID": 665, "OUT_ID": 285.0, "catchment_area": null }, "geometry": { "type": "Point", "coordinates": [ 13724282.373848, 4964328.575038 ] } },
{ "type": "Feature", "properties": { "Type": "End", "ID": 665, "OUT_ID": 285.0, "catchment_area": 2947108391345.7344 }, "geometry": { "type": "Point", "coordinates": [ 14661595.740022, 4321532.52500499971211 ] } },
{ "type": "Feature", "properties": { "Type": "Start", "ID": 666, "OUT_ID": 285.0, "catchment_area": null }, "geometry": { "type": "Point", "coordinates": [ 14083888.489552, 4872763.492649000138044 ] } },
{ "type": "Feature", "properties": { "Type": "End", "ID": 666, "OUT_ID": 285.0, "catchment_area": 2947108391345.7344 }, "geometry": { "type": "Point", "coordinates": [ 14661595.740022, 4321532.52500499971211 ] } },
{ "type": "Feature", "properties": { "Type": "Start", "ID": 667, "OUT_ID": 285.0, "catchment_area": null }, "geometry": { "type": "Point", "coordinates": [ 14422002.084378, 4769296.162084000185132 ] } },
{ "type": "Feature", "properties": { "Type": "End", "ID": 667, "OUT_ID": 285.0, "catchment_area": 2947108391345.7344 }, "geometry": { "type": "Point", "coordinates": [ 14661595.740022, 4321532.52500499971211 ] } },
{ "type": "Feature", "properties": { "Type": "Start", "ID": 668, "OUT_ID": 285.0, "catchment_area": null }, "geometry": { "type": "Point", "coordinates": [ 14737305.157816, 4653223.372208000160754 ] } },
{ "type": "Feature", "properties": { "Type": "End", "ID": 668, "OUT_ID": 285.0, "catchment_area": 2947108391345.7344 }, "geometry": { "type": "Point", "coordinates": [ 14661595.740022, 4321532.52500499971211 ] } },
{ "type": "Feature", "properties": { "Type": "Start", "ID": 669, "OUT_ID": 285.0, "catchment_area": null }, "geometry": { "type": "Point", "coordinates": [ 15028131.257092, 4523570.150657 ] } },
{ "type": "Feature", "properties": { "Type": "End", "ID": 669, "OUT_ID": 285.0, "catchment_area": 2947108391345.7344 }, "geometry": { "type": "Point", "coordinates": [ 14661595.740022, 4321532.52500499971211 ] } },
{ "type": "Feature", "properties": { "Type": "Start", "ID": 672, "OUT_ID": 673.0, "catchment_area": null }, "geometry": { "type": "Point", "coordinates": [ 15728303.169024, 4032677.889804999809712 ] } },
{ "type": "Feature", "properties": { "Type": "End", "ID": 672, "OUT_ID": 673.0, "catchment_area": 11895823383.820362 }, "geometry": { "type": "Point", "coordinates": [ 15737617.934973, 3924553.462789999786764 ] } },
{ "type": "Feature", "properties": { "Type": "Start", "ID": 692, "OUT_ID": 693.0, "catchment_area": null }, "geometry": { "type": "Point", "coordinates": [ 16334129.207633, -899562.944069999968633 ] } },
{ "type": "Feature", "properties": { "Type": "End", "ID": 692, "OUT_ID": 693.0, "catchment_area": 11786687389.473387 }, "geometry": { "type": "Point", "coordinates": [ 16270405.623735, -933216.640630000038072 ] } },
{ "type": "Feature", "properties": { "Type": "Start", "ID": 696, "OUT_ID": 695.0, "catchment_area": null }, "geometry": { "type": "Point", "coordinates": [ 16299363.863492, -1919194.557121 ] } },
{ "type": "Feature", "properties": { "Type": "End", "ID": 696, "OUT_ID": 695.0, "catchment_area": 31758574354.969959 }, "geometry": { "type": "Point", "coordinates": [ 16322639.710869, -1904770.661314 ] } },
{ "type": "Feature", "properties": { "Type": "Start", "ID": 697, "OUT_ID": 888.0, "catchment_area": null }, "geometry": { "type": "Point", "coordinates": [ 16283545.82026, -2170782.755452999845147 ] } },
{ "type": "Feature", "properties": { "Type": "End", "ID": 697, "OUT_ID": 888.0, "catchment_area": 137183944894.14859 }, "geometry": { "type": "Point", "coordinates": [ 16448001.519989, -2030132.470434 ] } },
{ "type": "Feature", "properties": { "Type": "Start", "ID": 698, "OUT_ID": 888.0, "catchment_area": null }, "geometry": { "type": "Point", "coordinates": [ 16263214.439593, -2420130.189355 ] } },
{ "type": "Feature", "properties": { "Type": "End", "ID": 698, "OUT_ID": 888.0, "catchment_area": 137183944894.14859 }, "geometry": { "type": "Point", "coordinates": [ 16448001.519989, -2030132.470434 ] } },
{ "type": "Feature", "properties": { "Type": "Start", "ID": 699, "OUT_ID": 320.0, "catchment_area": null }, "geometry": { "type": "Point", "coordinates": [ 16236908.096578, -2666571.472413000185043 ] } },
{ "type": "Feature", "properties": { "Type": "End", "ID": 699, "OUT_ID": 320.0, "catchment_area": 1388100712099.1853 }, "geometry": { "type": "Point", "coordinates": [ 15340638.872758, -3461346.457893 ] } },
{ "type": "Feature", "properties": { "Type": "Start", "ID": 700, "OUT_ID": 320.0, "catchment_area": null }, "geometry": { "type": "Point", "coordinates": [ 16202511.064104, -2909291.286237999796867 ] } },
{ "type": "Feature", "properties": { "Type": "End", "ID": 700, "OUT_ID": 320.0, "catchment_area": 1036464538313.2292 }, "geometry": { "type": "Point", "coordinates": [ 15497341.134159, -3670282.806427 ] } },
{ "type": "Feature", "properties": { "Type": "Start", "ID": 701, "OUT_ID": 320.0, "catchment_area": null }, "geometry": { "type": "Point", "coordinates": [ 16156898.247842, -3147324.597755 ] } },
{ "type": "Feature", "properties": { "Type": "End", "ID": 701, "OUT_ID": 320.0, "catchment_area": 1036464538313.2292 }, "geometry": { "type": "Point", "coordinates": [ 15497341.134159, -3670282.806427 ] } },
{ "type": "Feature", "properties": { "Type": "Start", "ID": 702, "OUT_ID": 320.0, "catchment_area": null }, "geometry": { "type": "Point", "coordinates": [ 16095363.605186, -3379612.025452 ] } },
{ "type": "Feature", "properties": { "Type": "End", "ID": 702, "OUT_ID": 320.0, "catchment_area": 1036464538313.2292 }, "geometry": { "type": "Point", "coordinates": [ 15497341.134159, -3670282.806427 ] } },
{ "type": "Feature", "properties": { "Type": "Start", "ID": 703, "OUT_ID": 320.0, "catchment_area": null }, "geometry": { "type": "Point", "coordinates": [ 16010748.124025, -3605196.235272999852896 ] } },
{ "type": "Feature", "properties": { "Type": "End", "ID": 703, "OUT_ID": 320.0, "catchment_area": 1036464538313.2292 }, "geometry": { "type": "Point", "coordinates": [ 15497341.134159, -3670282.806427 ] } },
{ "type": "Feature", "properties": { "Type": "Start", "ID": 704, "OUT_ID": 320.0, "catchment_area": null }, "geometry": { "type": "Point", "coordinates": [ 15892342.546518, -3823694.966773999854922 ] } },
{ "type": "Feature", "properties": { "Type": "End", "ID": 704, "OUT_ID": 320.0, "catchment_area": 1036464538313.2292 }, "geometry": { "type": "Point", "coordinates": [ 15497341.134159, -3670282.806427 ] } },
{ "type": "Feature", "properties": { "Type": "Start", "ID": 791, "OUT_ID": 790.0, "catchment_area": null }, "geometry": { "type": "Point", "coordinates": [ 1968396.179225, -3102027.947145000100136 ] } },
{ "type": "Feature", "properties": { "Type": "End", "ID": 791, "OUT_ID": 790.0, "catchment_area": 946536478971.32117 }, "geometry": { "type": "Point", "coordinates": [ 1885138.027158, -3137495.117664999794215 ] } },
{ "type": "Feature", "properties": { "Type": "Start", "ID": 792, "OUT_ID": 790.0, "catchment_area": null }, "geometry": { "type": "Point", "coordinates": [ 2274474.486986999865621, -3074863.911247 ] } },
{ "type": "Feature", "properties": { "Type": "End", "ID": 792, "OUT_ID": 790.0, "catchment_area": 946318206982.6272 }, "geometry": { "type": "Point", "coordinates": [ 1832903.940025, -3053920.578251 ] } },
{ "type": "Feature", "properties": { "Type": "Start", "ID": 793, "OUT_ID": 790.0, "catchment_area": null }, "geometry": { "type": "Point", "coordinates": [ 2582032.642663000151515, -3044681.551329 ] } },
{ "type": "Feature", "properties": { "Type": "End", "ID": 793, "OUT_ID": 790.0, "catchment_area": 946318206982.6272 }, "geometry": { "type": "Point", "coordinates": [ 1832903.940025, -3053920.578251 ] } },
{ "type": "Feature", "properties": { "Type": "Start", "ID": 794, "OUT_ID": 790.0, "catchment_area": null }, "geometry": { "type": "Point", "coordinates": [ 2891368.616249000187963, -3012041.571620999835432 ] } },
{ "type": "Feature", "properties": { "Type": "End", "ID": 794, "OUT_ID": 790.0, "catchment_area": 946318206982.6272 }, "geometry": { "type": "Point", "coordinates": [ 1832903.940025, -3053920.578251 ] } },
{ "type": "Feature", "properties": { "Type": "Start", "ID": 795, "OUT_ID": 790.0, "catchment_area": null }, "geometry": { "type": "Point", "coordinates": [ 3202875.900992999784648, -2977749.826314 ] } },
{ "type": "Feature", "properties": { "Type": "End", "ID": 795, "OUT_ID": 790.0, "catchment_area": 946318206982.6272 }, "geometry": { "type": "Point", "coordinates": [ 1832903.940025, -3053920.578251 ] } },
{ "type": "Feature", "properties": { "Type": "Start", "ID": 796, "OUT_ID": 797.0, "catchment_area": null }, "geometry": { "type": "Point", "coordinates": [ 3517122.31758, -2942957.183974000159651 ] } },
{ "type": "Feature", "properties": { "Type": "End", "ID": 796, "OUT_ID": 797.0, "catchment_area": 17570895089.863106 }, "geometry": { "type": "Point", "coordinates": [ 3629756.537418, -2959899.221411 ] } },
{ "type": "Feature", "properties": { "Type": "Start", "ID": 826, "OUT_ID": 825.0, "catchment_area": null }, "geometry": { "type": "Point", "coordinates": [ 12910122.787644, -3012041.571620999835432 ] } },
{ "type": "Feature", "properties": { "Type": "End", "ID": 826, "OUT_ID": 825.0, "catchment_area": 18225711055.944958 }, "geometry": { "type": "Point", "coordinates": [ 12812509.055495, -3116601.482812 ] } },
{ "type": "Feature", "properties": { "Type": "Start", "ID": 827, "OUT_ID": 633.0, "catchment_area": null }, "geometry": { "type": "Point", "coordinates": [ 13221630.066822, -2977749.826314 ] } },
{ "type": "Feature", "properties": { "Type": "End", "ID": 827, "OUT_ID": 633.0, "catchment_area": 96585354997.073593 }, "geometry": { "type": "Point", "coordinates": [ 12854296.325202, -3304644.196492 ] } },
{ "type": "Feature", "properties": { "Type": "Start", "ID": 828, "OUT_ID": 252.0, "catchment_area": null }, "geometry": { "type": "Point", "coordinates": [ 13535876.484522, -2942957.183974000159651 ] } },
{ "type": "Feature", "properties": { "Type": "End", "ID": 828, "OUT_ID": 252.0, "catchment_area": 194371205931.9639 }, "geometry": { "type": "Point", "coordinates": [ 13815403.528459, -3471793.27532 ] } },
{ "type": "Feature", "properties": { "Type": "Start", "ID": 829, "OUT_ID": 253.0, "catchment_area": null }, "geometry": { "type": "Point", "coordinates": [ 13853751.45008, -2909291.286237999796867 ] } },
{ "type": "Feature", "properties": { "Type": "End", "ID": 829, "OUT_ID": 253.0, "catchment_area": 211178149061.39819 }, "geometry": { "type": "Point", "coordinates": [ 13951212.155006, -3419559.188186000101268 ] } },
{ "type": "Feature", "properties": { "Type": "Start", "ID": 830, "OUT_ID": 254.0, "catchment_area": null }, "geometry": { "type": "Point", "coordinates": [ 14176738.907969, -2879010.248509 ] } },
{ "type": "Feature", "properties": { "Type": "End", "ID": 830, "OUT_ID": 254.0, "catchment_area": 121577497702.53105 }, "geometry": { "type": "Point", "coordinates": [ 14442212.574061, -3325537.831346 ] } },
{ "type": "Feature", "properties": { "Type": "Start", "ID": 831, "OUT_ID": 255.0, "catchment_area": null }, "geometry": { "type": "Point", "coordinates": [ 14507400.931927, -2855122.900657 ] } },
{ "type": "Feature", "properties": { "Type": "End", "ID": 831, "OUT_ID": 255.0, "catchment_area": 45837117625.729836 }, "geometry": { "type": "Point", "coordinates": [ 14546680.748329, -3325537.831346 ] } },
{ "type": "Feature", "properties": { "Type": "Start", "ID": 832, "OUT_ID": 320.0, "catchment_area": null }, "geometry": { "type": "Point", "coordinates": [ 14850135.510135, -2841319.079 ] } },
{ "type": "Feature", "properties": { "Type": "End", "ID": 832, "OUT_ID": 320.0, "catchment_area": 1388100712099.1853 }, "geometry": { "type": "Point", "coordinates": [ 15340638.872758, -3461346.457893 ] } },
{ "type": "Feature", "properties": { "Type": "Start", "ID": 833, "OUT_ID": 1026.0, "catchment_area": null }, "geometry": { "type": "Point", "coordinates": [ 4019644.346293, 4122905.617914999835193 ] } },
{ "type": "Feature", "properties": { "Type": "End", "ID": 833, "OUT_ID": 1026.0, "catchment_area": 149188904272.31592 }, "geometry": { "type": "Point", "coordinates": [ 3974501.512500000186265, 4227511.168164 ] } },
{ "type": "Feature", "properties": { "Type": "Start", "ID": 835, "OUT_ID": 1998.0, "catchment_area": null }, "geometry": { "type": "Point", "coordinates": [ 4455658.223519000224769, 4497310.508142 ] } },
{ "type": "Feature", "properties": { "Type": "End", "ID": 835, "OUT_ID": 1998.0, "catchment_area": 16582559525056.891 }, "geometry": { "type": "Point", "coordinates": [ 7578653.524713999591768, 5836321.051877000369132 ] } },
{ "type": "Feature", "properties": { "Type": "Start", "ID": 836, "OUT_ID": 1998.0, "catchment_area": null }, "geometry": { "type": "Point", "coordinates": [ 4718550.99087500013411, 4653223.372208000160754 ] } },
{ "type": "Feature", "properties": { "Type": "End", "ID": 836, "OUT_ID": 1998.0, "catchment_area": 16582559525056.891 }, "geometry": { "type": "Point", "coordinates": [ 7578653.524713999591768, 5836321.051877000369132 ] } },
{ "type": "Feature", "properties": { "Type": "Start", "ID": 837, "OUT_ID": 1998.0, "catchment_area": null }, "geometry": { "type": "Point", "coordinates": [ 5009377.085697, 4792258.316371000371873 ] } },
{ "type": "Feature", "properties": { "Type": "End", "ID": 837, "OUT_ID": 1998.0, "catchment_area": 16582559525056.891 }, "geometry": { "type": "Point", "coordinates": [ 7578653.524713999591768, 5836321.051877000369132 ] } },
{ "type": "Feature", "properties": { "Type": "Start", "ID": 838, "OUT_ID": 1998.0, "catchment_area": null }, "geometry": { "type": "Point", "coordinates": [ 5327043.263758, 4916172.899518 ] } },
{ "type": "Feature", "properties": { "Type": "End", "ID": 838, "OUT_ID": 1998.0, "catchment_area": 16582559525056.891 }, "geometry": { "type": "Point", "coordinates": [ 7578653.524713999591768, 5836321.051877000369132 ] } },
{ "type": "Feature", "properties": { "Type": "Start", "ID": 839, "OUT_ID": 1998.0, "catchment_area": null }, "geometry": { "type": "Point", "coordinates": [ 5670792.068280000239611, 5026200.175053999759257 ] } },
{ "type": "Feature", "properties": { "Type": "End", "ID": 839, "OUT_ID": 1998.0, "catchment_area": 16582559525056.891 }, "geometry": { "type": "Point", "coordinates": [ 7578653.524713999591768, 5836321.051877000369132 ] } },
{ "type": "Feature", "properties": { "Type": "Start", "ID": 840, "OUT_ID": 1998.0, "catchment_area": null }, "geometry": { "type": "Point", "coordinates": [ 6040048.477320999838412, 5123254.08483 ] } },
{ "type": "Feature", "properties": { "Type": "End", "ID": 840, "OUT_ID": 1998.0, "catchment_area": 16582559525056.891 }, "geometry": { "type": "Point", "coordinates": [ 7578653.524713999591768, 5836321.051877000369132 ] } },
{ "type": "Feature", "properties": { "Type": "Start", "ID": 841, "OUT_ID": 1998.0, "catchment_area": null }, "geometry": { "type": "Point", "coordinates": [ 6434228.581187999807298, 5208044.005416999571025 ] } },
{ "type": "Feature", "properties": { "Type": "End", "ID": 841, "OUT_ID": 1998.0, "catchment_area": 16582559525056.891 }, "geometry": { "type": "Point", "coordinates": [ 7578653.524713999591768, 5836321.051877000369132 ] } },
{ "type": "Feature", "properties": { "Type": "Start", "ID": 842, "OUT_ID": 1998.0, "catchment_area": null }, "geometry": { "type": "Point", "coordinates": [ 6852543.08461800031364, 5281138.135131999850273 ] } },
{ "type": "Feature", "properties": { "Type": "End", "ID": 842, "OUT_ID": 1998.0, "catchment_area": 16582559525056.891 }, "geometry": { "type": "Point", "coordinates": [ 7578653.524713999591768, 5836321.051877000369132 ] } },
{ "type": "Feature", "properties": { "Type": "Start", "ID": 843, "OUT_ID": 1998.0, "catchment_area": null }, "geometry": { "type": "Point", "coordinates": [ 7293811.015831000171602, 5342998.962221000343561 ] } },
{ "type": "Feature", "properties": { "Type": "End", "ID": 843, "OUT_ID": 1998.0, "catchment_area": 16582559525056.891 }, "geometry": { "type": "Point", "coordinates": [ 7578653.524713999591768, 5836321.051877000369132 ] } },
{ "type": "Feature", "properties": { "Type": "Start", "ID": 844, "OUT_ID": 1998.0, "catchment_area": null }, "geometry": { "type": "Point", "coordinates": [ 7756297.3681669998914, 5394003.525616999715567 ] } },
{ "type": "Feature", "properties": { "Type": "End", "ID": 844, "OUT_ID": 1998.0, "catchment_area": 16582559525056.891 }, "geometry": { "type": "Point", "coordinates": [ 7578653.524713999591768, 5836321.051877000369132 ] } },
{ "type": "Feature", "properties": { "Type": "Start", "ID": 845, "OUT_ID": 1998.0, "catchment_area": null }, "geometry": { "type": "Point", "coordinates": [ 8237592.209347000345588, 5434455.276385 ] } },
{ "type": "Feature", "properties": { "Type": "End", "ID": 845, "OUT_ID": 1998.0, "catchment_area": 16582559525056.891 }, "geometry": { "type": "Point", "coordinates": [ 7578653.524713999591768, 5836321.051877000369132 ] } },
{ "type": "Feature", "properties": { "Type": "Start", "ID": 846, "OUT_ID": 1998.0, "catchment_area": null }, "geometry": { "type": "Point", "coordinates": [ 8734551.845782000571489, 5464591.193963999859989 ] } },
{ "type": "Feature", "properties": { "Type": "End", "ID": 846, "OUT_ID": 1998.0, "catchment_area": 16582559525056.891 }, "geometry": { "type": "Point", "coordinates": [ 7578653.524713999591768, 5836321.051877000369132 ] } },
{ "type": "Feature", "properties": { "Type": "Start", "ID": 847, "OUT_ID": 1998.0, "catchment_area": null }, "geometry": { "type": "Point", "coordinates": [ 9243320.883867999538779, 5484586.124292000196874 ] } },
{ "type": "Feature", "properties": { "Type": "End", "ID": 847, "OUT_ID": 1998.0, "catchment_area": 16582559525056.891 }, "geometry": { "type": "Point", "coordinates": [ 7578653.524713999591768, 5836321.051877000369132 ] } },
{ "type": "Feature", "properties": { "Type": "Start", "ID": 848, "OUT_ID": 1998.0, "catchment_area": null }, "geometry": { "type": "Point", "coordinates": [ 9759445.228178, 5494555.409784999676049 ] } },
{ "type": "Feature", "properties": { "Type": "End", "ID": 848, "OUT_ID": 1998.0, "catchment_area": 16582559525056.891 }, "geometry": { "type": "Point", "coordinates": [ 7578653.524713999591768, 5836321.051877000369132 ] } },
{ "type": "Feature", "properties": { "Type": "Start", "ID": 849, "OUT_ID": 1998.0, "catchment_area": null }, "geometry": { "type": "Point", "coordinates": [ 10278063.114611, 5494555.409784999676049 ] } },
{ "type": "Feature", "properties": { "Type": "End", "ID": 849, "OUT_ID": 1998.0, "catchment_area": 16582559525056.891 }, "geometry": { "type": "Point", "coordinates": [ 7578653.524713999591768, 5836321.051877000369132 ] } },
{ "type": "Feature", "properties": { "Type": "Start", "ID": 850, "OUT_ID": 1998.0, "catchment_area": null }, "geometry": { "type": "Point", "coordinates": [ 10794187.458921, 5484586.124292000196874 ] } },
{ "type": "Feature", "properties": { "Type": "End", "ID": 850, "OUT_ID": 1998.0, "catchment_area": 16582559525056.891 }, "geometry": { "type": "Point", "coordinates": [ 7578653.524713999591768, 5836321.051877000369132 ] } },
{ "type": "Feature", "properties": { "Type": "Start", "ID": 851, "OUT_ID": 1998.0, "catchment_area": null }, "geometry": { "type": "Point", "coordinates": [ 11302956.500347, 5464591.193963999859989 ] } },
{ "type": "Feature", "properties": { "Type": "End", "ID": 851, "OUT_ID": 1998.0, "catchment_area": 16582559525056.891 }, "geometry": { "type": "Point", "coordinates": [ 7578653.524713999591768, 5836321.051877000369132 ] } },
{ "type": "Feature", "properties": { "Type": "Start", "ID": 852, "OUT_ID": 2196.0, "catchment_area": null }, "geometry": { "type": "Point", "coordinates": [ 11799916.12899, 5434455.276385 ] } },
{ "type": "Feature", "properties": { "Type": "End", "ID": 852, "OUT_ID": 2196.0, "catchment_area": 2370542933210.6616 }, "geometry": { "type": "Point", "coordinates": [ 14118361.233833, 6055704.21783799957484 ] } },
{ "type": "Feature", "properties": { "Type": "Start", "ID": 853, "OUT_ID": 2196.0, "catchment_area": null }, "geometry": { "type": "Point", "coordinates": [ 12281210.979076, 5394003.525616999715567 ] } },
{ "type": "Feature", "properties": { "Type": "End", "ID": 853, "OUT_ID": 2196.0, "catchment_area": 2370542933210.6616 }, "geometry": { "type": "Point", "coordinates": [ 14118361.233833, 6055704.21783799957484 ] } },
{ "type": "Feature", "properties": { "Type": "Start", "ID": 854, "OUT_ID": 2196.0, "catchment_area": null }, "geometry": { "type": "Point", "coordinates": [ 12743697.321393, 5342998.962221000343561 ] } },
{ "type": "Feature", "properties": { "Type": "End", "ID": 854, "OUT_ID": 2196.0, "catchment_area": 2370542933210.6616 }, "geometry": { "type": "Point", "coordinates": [ 14118361.233833, 6055704.21783799957484 ] } },
{ "type": "Feature", "properties": { "Type": "Start", "ID": 855, "OUT_ID": 285.0, "catchment_area": null }, "geometry": { "type": "Point", "coordinates": [ 13184965.255945, 5281138.135131999850273 ] } },
{ "type": "Feature", "properties": { "Type": "End", "ID": 855, "OUT_ID": 285.0, "catchment_area": 2947108391345.7344 }, "geometry": { "type": "Point", "coordinates": [ 14661595.740022, 4321532.52500499971211 ] } },
{ "type": "Feature", "properties": { "Type": "Start", "ID": 856, "OUT_ID": 285.0, "catchment_area": null }, "geometry": { "type": "Point", "coordinates": [ 13603279.757148, 5208044.005416999571025 ] } },
{ "type": "Feature", "properties": { "Type": "End", "ID": 856, "OUT_ID": 285.0, "catchment_area": 2947108391345.7344 }, "geometry": { "type": "Point", "coordinates": [ 14661595.740022, 4321532.52500499971211 ] } },
{ "type": "Feature", "properties": { "Type": "Start", "ID": 857, "OUT_ID": 285.0, "catchment_area": null }, "geometry": { "type": "Point", "coordinates": [ 13997459.869921, 5123254.08483 ] } },
{ "type": "Feature", "properties": { "Type": "End", "ID": 857, "OUT_ID": 285.0, "catchment_area": 2947108391345.7344 }, "geometry": { "type": "Point", "coordinates": [ 14661595.740022, 4321532.52500499971211 ] } },
{ "type": "Feature", "properties": { "Type": "Start", "ID": 858, "OUT_ID": 285.0, "catchment_area": null }, "geometry": { "type": "Point", "coordinates": [ 14366716.272282, 5026200.175053999759257 ] } },
{ "type": "Feature", "properties": { "Type": "End", "ID": 858, "OUT_ID": 285.0, "catchment_area": 2947108391345.7344 }, "geometry": { "type": "Point", "coordinates": [ 14661595.740022, 4321532.52500499971211 ] } },
{ "type": "Feature", "properties": { "Type": "Start", "ID": 859, "OUT_ID": 285.0, "catchment_area": null }, "geometry": { "type": "Point", "coordinates": [ 14710465.082371, 4916172.899518 ] } },
{ "type": "Feature", "properties": { "Type": "End", "ID": 859, "OUT_ID": 285.0, "catchment_area": 2947108391345.7344 }, "geometry": { "type": "Point", "coordinates": [ 14661595.740022, 4321532.52500499971211 ] } },
{ "type": "Feature", "properties": { "Type": "Start", "ID": 860, "OUT_ID": 285.0, "catchment_area": null }, "geometry": { "type": "Point", "coordinates": [ 15028131.257092, 4792258.316371000371873 ] } },
{ "type": "Feature", "properties": { "Type": "End", "ID": 860, "OUT_ID": 285.0, "catchment_area": 2947108391345.7344 }, "geometry": { "type": "Point", "coordinates": [ 14661595.740022, 4321532.52500499971211 ] } },
{ "type": "Feature", "properties": { "Type": "Start", "ID": 861, "OUT_ID": 862.0, "catchment_area": null }, "geometry": { "type": "Point", "coordinates": [ 15318957.356367, 4653223.372208000160754 ] } },
{ "type": "Feature", "properties": { "Type": "End", "ID": 861, "OUT_ID": 862.0, "catchment_area": 11786687389.473387 }, "geometry": { "type": "Point", "coordinates": [ 15434660.229599, 4634937.047806000337005 ] } },
{ "type": "Feature", "properties": { "Type": "Start", "ID": 863, "OUT_ID": 671.0, "catchment_area": null }, "geometry": { "type": "Point", "coordinates": [ 15815346.995821, 4321885.835877999663353 ] } },
{ "type": "Feature", "properties": { "Type": "End", "ID": 863, "OUT_ID": 671.0, "catchment_area": 12768911338.596169 }, "geometry": { "type": "Point", "coordinates": [ 15779405.20468, 4279745.255297999829054 ] } },
{ "type": "Feature", "properties": { "Type": "Start", "ID": 883, "OUT_ID": 884.0, "catchment_area": null }, "geometry": { "type": "Point", "coordinates": [ 16674916.340405, -647225.512635000050068 ] } },
{ "type": "Feature", "properties": { "Type": "End", "ID": 883, "OUT_ID": 884.0, "catchment_area": 84907803601.947174 }, "geometry": { "type": "Point", "coordinates": [ 16677831.503377, -703386.657241999986582 ] } },
{ "type": "Feature", "properties": { "Type": "Start", "ID": 889, "OUT_ID": 888.0, "catchment_area": null }, "geometry": { "type": "Point", "coordinates": [ 16612234.439077, -2190069.250562999863178 ] } },
{ "type": "Feature", "properties": { "Type": "End", "ID": 889, "OUT_ID": 888.0, "catchment_area": 11022735429.044556 }, "geometry": { "type": "Point", "coordinates": [ 16625597.416243, -2207728.366688 ] } },
{ "type": "Feature", "properties": { "Type": "Start", "ID": 890, "OUT_ID": 1082.0, "catchment_area": null }, "geometry": { "type": "Point", "coordinates": [ 16589029.534999, -2443349.99994 ] } },
{ "type": "Feature", "properties": { "Type": "End", "ID": 890, "OUT_ID": 1082.0, "catchment_area": 147442728362.76431 }, "geometry": { "type": "Point", "coordinates": [ 16855427.399631001055241, -2458451.984929 ] } },
{ "type": "Feature", "properties": { "Type": "Start", "ID": 891, "OUT_ID": 1082.0, "catchment_area": null }, "geometry": { "type": "Point", "coordinates": [ 16559160.946015, -2694502.39666 ] } },
{ "type": "Feature", "properties": { "Type": "End", "ID": 891, "OUT_ID": 1082.0, "catchment_area": 147442728362.76431 }, "geometry": { "type": "Point", "coordinates": [ 16855427.399631001055241, -2458451.984929 ] } },
{ "type": "Feature", "properties": { "Type": "Start", "ID": 892, "OUT_ID": 320.0, "catchment_area": null }, "geometry": { "type": "Point", "coordinates": [ 16520386.029662, -2942957.183974000159651 ] } },
{ "type": "Feature", "properties": { "Type": "End", "ID": 892, "OUT_ID": 320.0, "catchment_area": 1036464538313.2292 }, "geometry": { "type": "Point", "coordinates": [ 15497341.134159, -3670282.806427 ] } },
{ "type": "Feature", "properties": { "Type": "Start", "ID": 893, "OUT_ID": 320.0, "catchment_area": null }, "geometry": { "type": "Point", "coordinates": [ 16469484.01251, -3188081.800557 ] } },
{ "type": "Feature", "properties": { "Type": "End", "ID": 893, "OUT_ID": 320.0, "catchment_area": 1036464538313.2292 }, "geometry": { "type": "Point", "coordinates": [ 15497341.134159, -3670282.806427 ] } },
{ "type": "Feature", "properties": { "Type": "Start", "ID": 894, "OUT_ID": 320.0, "catchment_area": null }, "geometry": { "type": "Point", "coordinates": [ 16401783.72835, -3429247.548301000148058 ] } },
{ "type": "Feature", "properties": { "Type": "End", "ID": 894, "OUT_ID": 320.0, "catchment_area": 1036464538313.2292 }, "geometry": { "type": "Point", "coordinates": [ 15497341.134159, -3670282.806427 ] } },
{ "type": "Feature", "properties": { "Type": "Start", "ID": 895, "OUT_ID": 320.0, "catchment_area": null }, "geometry": { "type": "Point", "coordinates": [ 16310500.443462, -3665978.074453 ] } },
{ "type": "Feature", "properties": { "Type": "End", "ID": 895, "OUT_ID": 320.0, "catchment_area": 1036464538313.2292 }, "geometry": { "type": "Point", "coordinates": [ 15497341.134159, -3670282.806427 ] } },
{ "type": "Feature", "properties": { "Type": "Start", "ID": 896, "OUT_ID": 188.0, "catchment_area": null }, "geometry": { "type": "Point", "coordinates": [ 16185928.267102, -3898201.277919999789447 ] } },
{ "type": "Feature", "properties": { "Type": "End", "ID": 896, "OUT_ID": 188.0, "catchment_area": 99313754855.747986 }, "geometry": { "type": "Point", "coordinates": [ 16165937.449468, -3952346.876948 ] } },
{ "type": "Feature", "properties": { "Type": "Start", "ID": 983, "OUT_ID": 790.0, "catchment_area": null }, "geometry": { "type": "Point", "coordinates": [ 1933208.679290999891236, -2829352.959495 ] } },
{ "type": "Feature", "properties": { "Type": "End", "ID": 983, "OUT_ID": 790.0, "catchment_area": 946318206982.6272 }, "geometry": { "type": "Point", "coordinates": [ 1832903.940025, -3053920.578251 ] } },
{ "type": "Feature", "properties": { "Type": "Start", "ID": 984, "OUT_ID": 790.0, "catchment_area": null }, "geometry": { "type": "Point", "coordinates": [ 2236055.377783, -2806066.082497000228614 ] } },
{ "type": "Feature", "properties": { "Type": "End", "ID": 984, "OUT_ID": 790.0, "catchment_area": 946318206982.6272 }, "geometry": { "type": "Point", "coordinates": [ 1832903.940025, -3053920.578251 ] } },
{ "type": "Feature", "properties": { "Type": "Start", "ID": 985, "OUT_ID": 790.0, "catchment_area": null }, "geometry": { "type": "Point", "coordinates": [ 2541410.620924000162631, -2780298.763015000149608 ] } },
{ "type": "Feature", "properties": { "Type": "End", "ID": 985, "OUT_ID": 790.0, "catchment_area": 946318206982.6272 }, "geometry": { "type": "Point", "coordinates": [ 1832903.940025, -3053920.578251 ] } },
{ "type": "Feature", "properties": { "Type": "Start", "ID": 986, "OUT_ID": 790.0, "catchment_area": null }, "geometry": { "type": "Point", "coordinates": [ 2849782.571059000212699, -2752576.82957 ] } },
{ "type": "Feature", "properties": { "Type": "End", "ID": 986, "OUT_ID": 790.0, "catchment_area": 946318206982.6272 }, "geometry": { "type": "Point", "coordinates": [ 1832903.940025, -3053920.578251 ] } },
{ "type": "Feature", "properties": { "Type": "Start", "ID": 987, "OUT_ID": 797.0, "catchment_area": null }, "geometry": { "type": "Point", "coordinates": [ 3161810.429157, -2723637.161487999837846 ] } },
{ "type": "Feature", "properties": { "Type": "End", "ID": 987, "OUT_ID": 797.0, "catchment_area": 388196731892.19293 }, "geometry": { "type": "Point", "coordinates": [ 3681990.624551999848336, -2740516.05544999986887 ] } },
{ "type": "Feature", "properties": { "Type": "Start", "ID": 988, "OUT_ID": 797.0, "catchment_area": null }, "geometry": { "type": "Point", "coordinates": [ 3478347.391208999790251, -2694502.39666 ] } },
{ "type": "Feature", "properties": { "Type": "End", "ID": 988, "OUT_ID": 797.0, "catchment_area": 388196731892.19293 }, "geometry": { "type": "Point", "coordinates": [ 3681990.624551999848336, -2740516.05544999986887 ] } },
{ "type": "Feature", "properties": { "Type": "Start", "ID": 989, "OUT_ID": 797.0, "catchment_area": null }, "geometry": { "type": "Point", "coordinates": [ 3800600.251776999793947, -2666571.472413000185043 ] } },
{ "type": "Feature", "properties": { "Type": "End", "ID": 989, "OUT_ID": 797.0, "catchment_area": 19535342988.108669 }, "geometry": { "type": "Point", "coordinates": [ 3807352.43367200018838, -2688281.968317000195384 ] } },
{ "type": "Feature", "properties": { "Type": "Start", "ID": 993, "OUT_ID": 801.0, "catchment_area": null }, "geometry": { "type": "Point", "coordinates": [ 5193905.388767000287771, -2611201.17208500020206 ] } },
{ "type": "Feature", "properties": { "Type": "End", "ID": 993, "OUT_ID": 801.0, "catchment_area": 15715583185.964516 }, "geometry": { "type": "Point", "coordinates": [ 5165438.699144000187516, -2709175.60317 ] } },
{ "type": "Feature", "properties": { "Type": "Start", "ID": 1018, "OUT_ID": 1017.0, "catchment_area": null }, "geometry": { "type": "Point", "coordinates": [ 12868536.742454, -2752576.82957 ] } },
{ "type": "Feature", "properties": { "Type": "End", "ID": 1018, "OUT_ID": 1017.0, "catchment_area": 21936334863.742138 }, "geometry": { "type": "Point", "coordinates": [ 12718487.698655, -2750962.872876999899745 ] } },
{ "type": "Feature", "properties": { "Type": "Start", "ID": 1019, "OUT_ID": 1017.0, "catchment_area": null }, "geometry": { "type": "Point", "coordinates": [ 13180564.596099, -2723637.161487999837846 ] } },
{ "type": "Feature", "properties": { "Type": "End", "ID": 1019, "OUT_ID": 1017.0, "catchment_area": 71156668314.228226 }, "geometry": { "type": "Point", "coordinates": [ 12676700.428948, -2698728.785743 ] } },
{ "type": "Feature", "properties": { "Type": "Start", "ID": 1020, "OUT_ID": 1403.0, "catchment_area": null }, "geometry": { "type": "Point", "coordinates": [ 13497101.568169, -2694502.39666 ] } },
{ "type": "Feature", "properties": { "Type": "End", "ID": 1020, "OUT_ID": 1403.0, "catchment_area": 478997879188.87683 }, "geometry": { "type": "Point", "coordinates": [ 13272169.02227, -2155494.279554999899119 ] } },
{ "type": "Feature", "properties": { "Type": "Start", "ID": 1021, "OUT_ID": 1403.0, "catchment_area": null }, "geometry": { "type": "Point", "coordinates": [ 13819354.417606, -2666571.472413000185043 ] } },
{ "type": "Feature", "properties": { "Type": "End", "ID": 1021, "OUT_ID": 1403.0, "catchment_area": 478997879188.87683 }, "geometry": { "type": "Point", "coordinates": [ 13272169.02227, -2155494.279554999899119 ] } },
{ "type": "Feature", "properties": { "Type": "Start", "ID": 1022, "OUT_ID": 1403.0, "catchment_area": null }, "geometry": { "type": "Point", "coordinates": [ 14149115.143307, -2641712.150798 ] } },
{ "type": "Feature", "properties": { "Type": "End", "ID": 1022, "OUT_ID": 1403.0, "catchment_area": 478997879188.87683 }, "geometry": { "type": "Point", "coordinates": [ 13272169.02227, -2155494.279554999899119 ] } },
{ "type": "Feature", "properties": { "Type": "Start", "ID": 1023, "OUT_ID": 1982.0, "catchment_area": null }, "geometry": { "type": "Point", "coordinates": [ 14489126.891298, -2622312.724613000173122 ] } },
{ "type": "Feature", "properties": { "Type": "End", "ID": 1023, "OUT_ID": 1982.0, "catchment_area": 760677880598.42139 }, "geometry": { "type": "Point", "coordinates": [ 14337744.399794, -1518238.416525 ] } },
{ "type": "Feature", "properties": { "Type": "Start", "ID": 1024, "OUT_ID": 320.0, "catchment_area": null }, "geometry": { "type": "Point", "coordinates": [ 14843602.959588, -2611201.17208500020206 ] } },
{ "type": "Feature", "properties": { "Type": "End", "ID": 1024, "OUT_ID": 320.0, "catchment_area": 1388100712099.1853 }, "geometry": { "type": "Point", "coordinates": [ 15340638.872758, -3461346.457893 ] } },
{ "type": "Feature", "properties": { "Type": "Start", "ID": 1025, "OUT_ID": 1218.0, "catchment_area": null }, "geometry": { "type": "Point", "coordinates": [ 3714097.220631999894977, 4206895.317320000380278 ] } },
{ "type": "Feature", "properties": { "Type": "End", "ID": 1025, "OUT_ID": 1218.0, "catchment_area": 16152127163.352419 }, "geometry": { "type": "Point", "coordinates": [ 3692437.441978999879211, 4248404.803018 ] } },
{ "type": "Feature", "properties": { "Type": "Start", "ID": 1027, "OUT_ID": 1998.0, "catchment_area": null }, "geometry": { "type": "Point", "coordinates": [ 4143964.721305000130087, 4604142.353209 ] } },
{ "type": "Feature", "properties": { "Type": "End", "ID": 1027, "OUT_ID": 1998.0, "catchment_area": 16582559525056.891 }, "geometry": { "type": "Point", "coordinates": [ 7578653.524713999591768, 5836321.051877000369132 ] } },
{ "type": "Feature", "properties": { "Type": "Start", "ID": 1028, "OUT_ID": 1998.0, "catchment_area": null }, "geometry": { "type": "Point", "coordinates": [ 4403247.914095999673009, 4769296.162084000185132 ] } },
{ "type": "Feature", "properties": { "Type": "End", "ID": 1028, "OUT_ID": 1998.0, "catchment_area": 16582559525056.891 }, "geometry": { "type": "Point", "coordinates": [ 7578653.524713999591768, 5836321.051877000369132 ] } },
{ "type": "Feature", "properties": { "Type": "Start", "ID": 1029, "OUT_ID": 1998.0, "catchment_area": null }, "geometry": { "type": "Point", "coordinates": [ 4691710.907635999843478, 4916172.899518 ] } },
{ "type": "Feature", "properties": { "Type": "End", "ID": 1029, "OUT_ID": 1998.0, "catchment_area": 16582559525056.891 }, "geometry": { "type": "Point", "coordinates": [ 7578653.524713999591768, 5836321.051877000369132 ] } },
{ "type": "Feature", "properties": { "Type": "Start", "ID": 1030, "OUT_ID": 1998.0, "catchment_area": null }, "geometry": { "type": "Point", "coordinates": [ 5009377.085697, 5046702.395704999566078 ] } },
{ "type": "Feature", "properties": { "Type": "End", "ID": 1030, "OUT_ID": 1998.0, "catchment_area": 16582559525056.891 }, "geometry": { "type": "Point", "coordinates": [ 7578653.524713999591768, 5836321.051877000369132 ] } },
{ "type": "Feature", "properties": { "Type": "Start", "ID": 1031, "OUT_ID": 1998.0, "catchment_area": null }, "geometry": { "type": "Point", "coordinates": [ 5356524.082429000176489, 5162295.55988600011915 ] } },
{ "type": "Feature", "properties": { "Type": "End", "ID": 1031, "OUT_ID": 1998.0, "catchment_area": 16582559525056.891 }, "geometry": { "type": "Point", "coordinates": [ 7578653.524713999591768, 5836321.051877000369132 ] } },
{ "type": "Feature", "properties": { "Type": "Start", "ID": 1032, "OUT_ID": 1998.0, "catchment_area": null }, "geometry": { "type": "Point", "coordinates": [ 5733547.754393000155687, 5264022.216567999683321 ] } },
{ "type": "Feature", "properties": { "Type": "End", "ID": 1032, "OUT_ID": 1998.0, "catchment_area": 16582559525056.891 }, "geometry": { "type": "Point", "coordinates": [ 7578653.524713999591768, 5836321.051877000369132 ] } },
{ "type": "Feature", "properties": { "Type": "Start", "ID": 1033, "OUT_ID": 1998.0, "catchment_area": null }, "geometry": { "type": "Point", "coordinates": [ 6140762.200663999654353, 5352719.480653 ] } },
{ "type": "Feature", "properties": { "Type": "End", "ID": 1033, "OUT_ID": 1998.0, "catchment_area": 16582559525056.891 }, "geometry": { "type": "Point", "coordinates": [ 7578653.524713999591768, 5836321.051877000369132 ] } },
{ "type": "Feature", "properties": { "Type": "Start", "ID": 1034, "OUT_ID": 1998.0, "catchment_area": null }, "geometry": { "type": "Point", "coordinates": [ 6578158.262989000417292, 5429057.025948000140488 ] } },
{ "type": "Feature", "properties": { "Type": "End", "ID": 1034, "OUT_ID": 1998.0, "catchment_area": 16582559525056.891 }, "geometry": { "type": "Point", "coordinates": [ 7578653.524713999591768, 5836321.051877000369132 ] } },
{ "type": "Feature", "properties": { "Type": "Start", "ID": 1035, "OUT_ID": 1998.0, "catchment_area": null }, "geometry": { "type": "Point", "coordinates": [ 7045136.660679999738932, 5493576.63102800026536 ] } },
{ "type": "Feature", "properties": { "Type": "End", "ID": 1035, "OUT_ID": 1998.0, "catchment_area": 16582559525056.891 }, "geometry": { "type": "Point", "coordinates": [ 7578653.524713999591768, 5836321.051877000369132 ] } },
{ "type": "Feature", "properties": { "Type": "Start", "ID": 1036, "OUT_ID": 1998.0, "catchment_area": null }, "geometry": { "type": "Point", "coordinates": [ 7540238.304682999849319, 5546716.525986 ] } },
{ "type": "Feature", "properties": { "Type": "End", "ID": 1036, "OUT_ID": 1998.0, "catchment_area": 16582559525056.891 }, "geometry": { "type": "Point", "coordinates": [ 7578653.524713999591768, 5836321.051877000369132 ] } },
{ "type": "Feature", "properties": { "Type": "Start", "ID": 1037, "OUT_ID": 1998.0, "catchment_area": null }, "geometry": { "type": "Point", "coordinates": [ 8060908.017497999593616, 5588826.672619 ] } },
{ "type": "Feature", "properties": { "Type": "End", "ID": 1037, "OUT_ID": 1998.0, "catchment_area": 16582559525056.891 }, "geometry": { "type": "Point", "coordinates": [ 7578653.524713999591768, 5836321.051877000369132 ] } },
{ "type": "Feature", "properties": { "Type": "Start", "ID": 1038, "OUT_ID": 1998.0, "catchment_area": null }, "geometry": { "type": "Point", "coordinates": [ 8603341.534564999863505, 5620178.521369 ] } },
{ "type": "Feature", "properties": { "Type": "End", "ID": 1038, "OUT_ID": 1998.0, "catchment_area": 16582559525056.891 }, "geometry": { "type": "Point", "coordinates": [ 7578653.524713999591768, 5836321.051877000369132 ] } },
{ "type": "Feature", "properties": { "Type": "Start", "ID": 1039, "OUT_ID": 1998.0, "catchment_area": null }, "geometry": { "type": "Point", "coordinates": [ 9162470.146623000502586, 5640971.299697999842465 ] } },
{ "type": "Feature", "properties": { "Type": "End", "ID": 1039, "OUT_ID": 1998.0, "catchment_area": 16582559525056.891 }, "geometry": { "type": "Point", "coordinates": [ 7578653.524713999591768, 5836321.051877000369132 ] } },
{ "type": "Feature", "properties": { "Type": "Start", "ID": 1040, "OUT_ID": 2000.0, "catchment_area": null }, "geometry": { "type": "Point", "coordinates": [ 9732123.692594999447465, 5651335.992534000426531 ] } },
{ "type": "Feature", "properties": { "Type": "End", "ID": 1040, "OUT_ID": 2000.0, "catchment_area": 47146749557.893547 }, "geometry": { "type": "Point", "coordinates": [ 9730697.914616, 5710959.242757 ] } },
{ "type": "Feature", "properties": { "Type": "Start", "ID": 1041, "OUT_ID": 1998.0, "catchment_area": null }, "geometry": { "type": "Point", "coordinates": [ 10305384.650194, 5651335.992534000426531 ] } },
{ "type": "Feature", "properties": { "Type": "End", "ID": 1041, "OUT_ID": 1998.0, "catchment_area": 16582559525056.891 }, "geometry": { "type": "Point", "coordinates": [ 7578653.524713999591768, 5836321.051877000369132 ] } },
{ "type": "Feature", "properties": { "Type": "Start", "ID": 1042, "OUT_ID": 1998.0, "catchment_area": null }, "geometry": { "type": "Point", "coordinates": [ 10875038.196167, 5640971.299697999842465 ] } },
{ "type": "Feature", "properties": { "Type": "End", "ID": 1042, "OUT_ID": 1998.0, "catchment_area": 16582559525056.891 }, "geometry": { "type": "Point", "coordinates": [ 7578653.524713999591768, 5836321.051877000369132 ] } },
{ "type": "Feature", "properties": { "Type": "Start", "ID": 1043, "OUT_ID": 2196.0, "catchment_area": null }, "geometry": { "type": "Point", "coordinates": [ 11434166.81379, 5620178.521369 ] } },
{ "type": "Feature", "properties": { "Type": "End", "ID": 1043, "OUT_ID": 2196.0, "catchment_area": 2370542933210.6616 }, "geometry": { "type": "Point", "coordinates": [ 14118361.233833, 6055704.21783799957484 ] } },
{ "type": "Feature", "properties": { "Type": "Start", "ID": 1044, "OUT_ID": 2196.0, "catchment_area": null }, "geometry": { "type": "Point", "coordinates": [ 11976600.320839, 5588826.672619 ] } },
{ "type": "Feature", "properties": { "Type": "End", "ID": 1044, "OUT_ID": 2196.0, "catchment_area": 2370542933210.6616 }, "geometry": { "type": "Point", "coordinates": [ 14118361.233833, 6055704.21783799957484 ] } },
{ "type": "Feature", "properties": { "Type": "Start", "ID": 1045, "OUT_ID": 2196.0, "catchment_area": null }, "geometry": { "type": "Point", "coordinates": [ 12497270.032541, 5546716.525986 ] } },
{ "type": "Feature", "properties": { "Type": "End", "ID": 1045, "OUT_ID": 2196.0, "catchment_area": 2370542933210.6616 }, "geometry": { "type": "Point", "coordinates": [ 14118361.233833, 6055704.21783799957484 ] } },
{ "type": "Feature", "properties": { "Type": "Start", "ID": 1046, "OUT_ID": 2196.0, "catchment_area": null }, "geometry": { "type": "Point", "coordinates": [ 12992371.683222, 5493576.63102800026536 ] } },
{ "type": "Feature", "properties": { "Type": "End", "ID": 1046, "OUT_ID": 2196.0, "catchment_area": 2370542933210.6616 }, "geometry": { "type": "Point", "coordinates": [ 14118361.233833, 6055704.21783799957484 ] } },
{ "type": "Feature", "properties": { "Type": "Start", "ID": 1047, "OUT_ID": 2196.0, "catchment_area": null }, "geometry": { "type": "Point", "coordinates": [ 13459350.078687, 5429057.025948000140488 ] } },
{ "type": "Feature", "properties": { "Type": "End", "ID": 1047, "OUT_ID": 2196.0, "catchment_area": 2370542933210.6616 }, "geometry": { "type": "Point", "coordinates": [ 14118361.233833, 6055704.21783799957484 ] } },
{ "type": "Feature", "properties": { "Type": "Start", "ID": 1048, "OUT_ID": 2196.0, "catchment_area": null }, "geometry": { "type": "Point", "coordinates": [ 13896746.143238, 5352719.480653 ] } },
{ "type": "Feature", "properties": { "Type": "End", "ID": 1048, "OUT_ID": 2196.0, "catchment_area": 2370542933210.6616 }, "geometry": { "type": "Point", "coordinates": [ 14118361.233833, 6055704.21783799957484 ] } },
{ "type": "Feature", "properties": { "Type": "Start", "ID": 1049, "OUT_ID": 285.0, "catchment_area": null }, "geometry": { "type": "Point", "coordinates": [ 14303960.588397, 5264022.216567999683321 ] } },
{ "type": "Feature", "properties": { "Type": "End", "ID": 1049, "OUT_ID": 285.0, "catchment_area": 2947108391345.7344 }, "geometry": { "type": "Point", "coordinates": [ 14661595.740022, 4321532.52500499971211 ] } },
{ "type": "Feature", "properties": { "Type": "Start", "ID": 1050, "OUT_ID": 1243.0, "catchment_area": null }, "geometry": { "type": "Point", "coordinates": [ 14680984.2637, 5162295.55988600011915 ] } },
{ "type": "Feature", "properties": { "Type": "End", "ID": 1050, "OUT_ID": 1243.0, "catchment_area": 72902844223.779831 }, "geometry": { "type": "Point", "coordinates": [ 15100362.071944, 5199065.188848 ] } },
{ "type": "Feature", "properties": { "Type": "Start", "ID": 1051, "OUT_ID": 1243.0, "catchment_area": null }, "geometry": { "type": "Point", "coordinates": [ 15028131.257092, 5046702.395704999566078 ] } },
{ "type": "Feature", "properties": { "Type": "End", "ID": 1051, "OUT_ID": 1243.0, "catchment_area": 85016939596.294144 }, "geometry": { "type": "Point", "coordinates": [ 15257064.333345, 5167724.736568000167608 ] } },
{ "type": "Feature", "properties": { "Type": "Start", "ID": 1052, "OUT_ID": 285.0, "catchment_area": null }, "geometry": { "type": "Point", "coordinates": [ 15345797.431813, 4916172.899518 ] } },
{ "type": "Feature", "properties": { "Type": "End", "ID": 1052, "OUT_ID": 285.0, "catchment_area": 2947108391345.7344 }, "geometry": { "type": "Point", "coordinates": [ 14661595.740022, 4321532.52500499971211 ] } },
{ "type": "Feature", "properties": { "Type": "Start", "ID": 1055, "OUT_ID": 1056.0, "catchment_area": null }, "geometry": { "type": "Point", "coordinates": [ 16123388.943779, 4417983.38487199973315 ] } },
{ "type": "Feature", "properties": { "Type": "End", "ID": 1055, "OUT_ID": 1056.0, "catchment_area": 12659775344.249193 }, "geometry": { "type": "Point", "coordinates": [ 16124150.179761, 4415553.881845000199974 ] } },
{ "type": "Feature", "properties": { "Type": "Start", "ID": 1083, "OUT_ID": 1082.0, "catchment_area": null }, "geometry": { "type": "Point", "coordinates": [ 16875697.918085001409054, -2723637.161487999837846 ] } },
{ "type": "Feature", "properties": { "Type": "End", "ID": 1083, "OUT_ID": 1082.0, "catchment_area": 32413390321.051815 }, "geometry": { "type": "Point", "coordinates": [ 16991236.026177998632193, -2573366.976623000111431 ] } },
{ "type": "Feature", "properties": { "Type": "Start", "ID": 1084, "OUT_ID": 320.0, "catchment_area": null }, "geometry": { "type": "Point", "coordinates": [ 16834632.447361998260021, -2977749.826314 ] } },
{ "type": "Feature", "properties": { "Type": "End", "ID": 1084, "OUT_ID": 320.0, "catchment_area": 1036464538313.2292 }, "geometry": { "type": "Point", "coordinates": [ 15497341.134159, -3670282.806427 ] } },
{ "type": "Feature", "properties": { "Type": "Start", "ID": 1085, "OUT_ID": 320.0, "catchment_area": null }, "geometry": { "type": "Point", "coordinates": [ 16781149.009142998605967, -3229674.388588999863714 ] } },
{ "type": "Feature", "properties": { "Type": "End", "ID": 1085, "OUT_ID": 320.0, "catchment_area": 1036464538313.2292 }, "geometry": { "type": "Point", "coordinates": [ 15497341.134159, -3670282.806427 ] } },
{ "type": "Feature", "properties": { "Type": "Start", "ID": 1086, "OUT_ID": 1278.0, "catchment_area": null }, "geometry": { "type": "Point", "coordinates": [ 16710744.563044, -3479043.489736 ] } },
{ "type": "Feature", "properties": { "Type": "End", "ID": 1086, "OUT_ID": 1278.0, "catchment_area": 21827198869.395161 }, "geometry": { "type": "Point", "coordinates": [ 16834533.764778, -3565814.63216 ] } },
{ "type": "Feature", "properties": { "Type": "Start", "ID": 1087, "OUT_ID": 320.0, "catchment_area": null }, "geometry": { "type": "Point", "coordinates": [ 16617030.884241, -3725616.523082000203431 ] } },
{ "type": "Feature", "properties": { "Type": "End", "ID": 1087, "OUT_ID": 320.0, "catchment_area": 1036464538313.2292 }, "geometry": { "type": "Point", "coordinates": [ 15497341.134159, -3670282.806427 ] } },
{ "type": "Feature", "properties": { "Type": "Start", "ID": 1089, "OUT_ID": 897.0, "catchment_area": null }, "geometry": { "type": "Point", "coordinates": [ -13565243.701652, 3969399.618572 ] } },
{ "type": "Feature", "properties": { "Type": "End", "ID": 1089, "OUT_ID": 897.0, "catchment_area": 56314173083.039513 }, "geometry": { "type": "Point", "coordinates": [ -13523917.677237, 3997681.184777 ] } },
{ "type": "Feature", "properties": { "Type": "Start", "ID": 1090, "OUT_ID": 898.0, "catchment_area": null }, "geometry": { "type": "Point", "coordinates": [ -13439231.629943, 3725616.523082000203431 ] } },
{ "type": "Feature", "properties": { "Type": "End", "ID": 1090, "OUT_ID": 898.0, "catchment_area": 11131871423.391533 }, "geometry": { "type": "Point", "coordinates": [ -13555258.129517, 3799191.653669000137597 ] } },
{ "type": "Feature", "properties": { "Type": "Start", "ID": 1153, "OUT_ID": 961.0, "catchment_area": null }, "geometry": { "type": "Point", "coordinates": [ -4819954.193748, -2374669.814925 ] } },
{ "type": "Feature", "properties": { "Type": "End", "ID": 1153, "OUT_ID": 961.0, "catchment_area": 32959070292.786694 }, "geometry": { "type": "Point", "coordinates": [ -4873952.847922000102699, -2479345.619783 ] } },
{ "type": "Feature", "properties": { "Type": "Start", "ID": 1174, "OUT_ID": 982.0, "catchment_area": null }, "geometry": { "type": "Point", "coordinates": [ 1607963.299228, -2574807.174267999827862 ] } },
{ "type": "Feature", "properties": { "Type": "End", "ID": 1174, "OUT_ID": 982.0, "catchment_area": 13205455315.984072 }, "geometry": { "type": "Point", "coordinates": [ 1592627.13921, -2573366.976623000111431 ] } },
{ "type": "Feature", "properties": { "Type": "Start", "ID": 1175, "OUT_ID": 790.0, "catchment_area": null }, "geometry": { "type": "Point", "coordinates": [ 1905564.042226, -2557330.220902 ] } },
{ "type": "Feature", "properties": { "Type": "End", "ID": 1175, "OUT_ID": 790.0, "catchment_area": 946318206982.6272 }, "geometry": { "type": "Point", "coordinates": [ 1832903.940025, -3053920.578251 ] } },
{ "type": "Feature", "properties": { "Type": "Start", "ID": 1176, "OUT_ID": 790.0, "catchment_area": null }, "geometry": { "type": "Point", "coordinates": [ 2205938.211261999793351, -2537469.289898000191897 ] } },
{ "type": "Feature", "properties": { "Type": "End", "ID": 1176, "OUT_ID": 790.0, "catchment_area": 946318206982.6272 }, "geometry": { "type": "Point", "coordinates": [ 1832903.940025, -3053920.578251 ] } },
{ "type": "Feature", "properties": { "Type": "Start", "ID": 1177, "OUT_ID": 1374.0, "catchment_area": null }, "geometry": { "type": "Point", "coordinates": [ 2509658.742153, -2515568.78554 ] } },
{ "type": "Feature", "properties": { "Type": "End", "ID": 1177, "OUT_ID": 1374.0, "catchment_area": 2063870789095.6594 }, "geometry": { "type": "Point", "coordinates": [ 4016288.782207, -1998792.018154 ] } },
{ "type": "Feature", "properties": { "Type": "Start", "ID": 1178, "OUT_ID": 1374.0, "catchment_area": null }, "geometry": { "type": "Point", "coordinates": [ 2817399.477378999814391, -2492106.217315999791026 ] } },
{ "type": "Feature", "properties": { "Type": "End", "ID": 1178, "OUT_ID": 1374.0, "catchment_area": 2063870789095.6594 }, "geometry": { "type": "Point", "coordinates": [ 4016288.782207, -1998792.018154 ] } },
{ "type": "Feature", "properties": { "Type": "Start", "ID": 1179, "OUT_ID": 797.0, "catchment_area": null }, "geometry": { "type": "Point", "coordinates": [ 3129986.543372999876738, -2467737.010726000182331 ] } },
{ "type": "Feature", "properties": { "Type": "End", "ID": 1179, "OUT_ID": 797.0, "catchment_area": 388196731892.19293 }, "geometry": { "type": "Point", "coordinates": [ 3681990.624551999848336, -2740516.05544999986887 ] } },
{ "type": "Feature", "properties": { "Type": "Start", "ID": 1180, "OUT_ID": 797.0, "catchment_area": null }, "geometry": { "type": "Point", "coordinates": [ 3448478.812243000138551, -2443349.99994 ] } },
{ "type": "Feature", "properties": { "Type": "End", "ID": 1180, "OUT_ID": 797.0, "catchment_area": 388196731892.19293 }, "geometry": { "type": "Point", "coordinates": [ 3681990.624551999848336, -2740516.05544999986887 ] } },
{ "type": "Feature", "properties": { "Type": "Start", "ID": 1181, "OUT_ID": 797.0, "catchment_area": null }, "geometry": { "type": "Point", "coordinates": [ 3774293.908762, -2420130.189355 ] } },
{ "type": "Feature", "properties": { "Type": "End", "ID": 1181, "OUT_ID": 797.0, "catchment_area": 62316652772.123184 }, "geometry": { "type": "Point", "coordinates": [ 3755118.346539, -2698728.785743 ] } },
{ "type": "Feature", "properties": { "Type": "Start", "ID": 1184, "OUT_ID": 1376.0, "catchment_area": null }, "geometry": { "type": "Point", "coordinates": [ 4819954.193748, -2374669.814925 ] } },
{ "type": "Feature", "properties": { "Type": "End", "ID": 1184, "OUT_ID": 1376.0, "catchment_area": 37542782055.35968 }, "geometry": { "type": "Point", "coordinates": [ 4810246.906635999679565, -2364430.628089 ] } },
{ "type": "Feature", "properties": { "Type": "Start", "ID": 1185, "OUT_ID": 1376.0, "catchment_area": null }, "geometry": { "type": "Point", "coordinates": [ 5198799.977645999751985, -2374669.814925 ] } },
{ "type": "Feature", "properties": { "Type": "End", "ID": 1185, "OUT_ID": 1376.0, "catchment_area": 37542782055.35968 }, "geometry": { "type": "Point", "coordinates": [ 4841587.358916999772191, -2312196.540955 ] } },
{ "type": "Feature", "properties": { "Type": "Start", "ID": 1210, "OUT_ID": 1402.0, "catchment_area": null }, "geometry": { "type": "Point", "coordinates": [ 12836153.646547, -2492106.217315999791026 ] } },
{ "type": "Feature", "properties": { "Type": "End", "ID": 1210, "OUT_ID": 1402.0, "catchment_area": 85453483573.682053 }, "geometry": { "type": "Point", "coordinates": [ 12812509.055495, -2364430.628089 ] } },
{ "type": "Feature", "properties": { "Type": "Start", "ID": 1211, "OUT_ID": 1402.0, "catchment_area": null }, "geometry": { "type": "Point", "coordinates": [ 13148740.713654, -2467737.010726000182331 ] } },
{ "type": "Feature", "properties": { "Type": "End", "ID": 1211, "OUT_ID": 1402.0, "catchment_area": 85453483573.682053 }, "geometry": { "type": "Point", "coordinates": [ 12812509.055495, -2364430.628089 ] } },
{ "type": "Feature", "properties": { "Type": "Start", "ID": 1212, "OUT_ID": 1403.0, "catchment_area": null }, "geometry": { "type": "Point", "coordinates": [ 13467232.979185, -2443349.99994 ] } },
{ "type": "Feature", "properties": { "Type": "End", "ID": 1212, "OUT_ID": 1403.0, "catchment_area": 478997879188.87683 }, "geometry": { "type": "Point", "coordinates": [ 13272169.02227, -2155494.279554999899119 ] } },
{ "type": "Feature", "properties": { "Type": "Start", "ID": 1213, "OUT_ID": 1403.0, "catchment_area": null }, "geometry": { "type": "Point", "coordinates": [ 13793048.074591, -2420130.189355 ] } },
{ "type": "Feature", "properties": { "Type": "End", "ID": 1213, "OUT_ID": 1403.0, "catchment_area": 478997879188.87683 }, "geometry": { "type": "Point", "coordinates": [ 13272169.02227, -2155494.279554999899119 ] } },
{ "type": "Feature", "properties": { "Type": "Start", "ID": 1214, "OUT_ID": 1403.0, "catchment_area": null }, "geometry": { "type": "Point", "coordinates": [ 14128156.354859, -2399616.269568 ] } },
{ "type": "Feature", "properties": { "Type": "End", "ID": 1214, "OUT_ID": 1403.0, "catchment_area": 478997879188.87683 }, "geometry": { "type": "Point", "coordinates": [ 13272169.02227, -2155494.279554999899119 ] } },
{ "type": "Feature", "properties": { "Type": "Start", "ID": 1215, "OUT_ID": 1982.0, "catchment_area": null }, "geometry": { "type": "Point", "coordinates": [ 14475366.288291, -2383722.572991999797523 ] } },
{ "type": "Feature", "properties": { "Type": "End", "ID": 1215, "OUT_ID": 1982.0, "catchment_area": 760677880598.42139 }, "geometry": { "type": "Point", "coordinates": [ 14337744.399794, -1518238.416525 ] } },
{ "type": "Feature", "properties": { "Type": "Start", "ID": 1216, "OUT_ID": 1982.0, "catchment_area": null }, "geometry": { "type": "Point", "coordinates": [ 14838708.36403, -2374669.814925 ] } },
{ "type": "Feature", "properties": { "Type": "End", "ID": 1216, "OUT_ID": 1982.0, "catchment_area": 760677880598.42139 }, "geometry": { "type": "Point", "coordinates": [ 14337744.399794, -1518238.416525 ] } },
{ "type": "Feature", "properties": { "Type": "Start", "ID": 1219, "OUT_ID": 1998.0, "catchment_area": null }, "geometry": { "type": "Point", "coordinates": [ 3812612.834877000190318, 4699936.229886 ] } },
{ "type": "Feature", "properties": { "Type": "End", "ID": 1219, "OUT_ID": 1998.0, "catchment_area": 16582559525056.891 }, "geometry": { "type": "Point", "coordinates": [ 7578653.524713999591768, 5836321.051877000369132 ] } },
{ "type": "Feature", "properties": { "Type": "Start", "ID": 1220, "OUT_ID": 1998.0, "catchment_area": null }, "geometry": { "type": "Point", "coordinates": [ 4065134.318157999776304, 4872763.492649000138044 ] } },
{ "type": "Feature", "properties": { "Type": "End", "ID": 1220, "OUT_ID": 1998.0, "catchment_area": 16582559525056.891 }, "geometry": { "type": "Point", "coordinates": [ 7578653.524713999591768, 5836321.051877000369132 ] } },
{ "type": "Feature", "properties": { "Type": "Start", "ID": 1221, "OUT_ID": 1998.0, "catchment_area": null }, "geometry": { "type": "Point", "coordinates": [ 4347962.103113999590278, 5026200.175053999759257 ] } },
{ "type": "Feature", "properties": { "Type": "End", "ID": 1221, "OUT_ID": 1998.0, "catchment_area": 16582559525056.891 }, "geometry": { "type": "Point", "coordinates": [ 7578653.524713999591768, 5836321.051877000369132 ] } },
{ "type": "Feature", "properties": { "Type": "Start", "ID": 1222, "OUT_ID": 1998.0, "catchment_area": null }, "geometry": { "type": "Point", "coordinates": [ 4662230.088965999893844, 5162295.55988600011915 ] } },
{ "type": "Feature", "properties": { "Type": "End", "ID": 1222, "OUT_ID": 1998.0, "catchment_area": 16582559525056.891 }, "geometry": { "type": "Point", "coordinates": [ 7578653.524713999591768, 5836321.051877000369132 ] } },
{ "type": "Feature", "properties": { "Type": "Start", "ID": 1223, "OUT_ID": 1998.0, "catchment_area": null }, "geometry": { "type": "Point", "coordinates": [ 5009377.085697, 5282590.387714999727905 ] } },
{ "type": "Feature", "properties": { "Type": "End", "ID": 1223, "OUT_ID": 1998.0, "catchment_area": 16582559525056.891 }, "geometry": { "type": "Point", "coordinates": [ 7578653.524713999591768, 5836321.051877000369132 ] } },
{ "type": "Feature", "properties": { "Type": "Start", "ID": 1224, "OUT_ID": 1998.0, "catchment_area": null }, "geometry": { "type": "Point", "coordinates": [ 5391018.486061999574304, 5388273.45462999958545 ] } },
{ "type": "Feature", "properties": { "Type": "End", "ID": 1224, "OUT_ID": 1998.0, "catchment_area": 16582559525056.891 }, "geometry": { "type": "Point", "coordinates": [ 7578653.524713999591768, 5836321.051877000369132 ] } },
{ "type": "Feature", "properties": { "Type": "Start", "ID": 1225, "OUT_ID": 1998.0, "catchment_area": null }, "geometry": { "type": "Point", "coordinates": [ 5808728.904256000183523, 5480282.884677999652922 ] } },
{ "type": "Feature", "properties": { "Type": "End", "ID": 1225, "OUT_ID": 1998.0, "catchment_area": 16582559525056.891 }, "geometry": { "type": "Point", "coordinates": [ 7578653.524713999591768, 5836321.051877000369132 ] } },
{ "type": "Feature", "properties": { "Type": "Start", "ID": 1226, "OUT_ID": 1998.0, "catchment_area": null }, "geometry": { "type": "Point", "coordinates": [ 6263737.592437, 5559370.802294 ] } },
{ "type": "Feature", "properties": { "Type": "End", "ID": 1226, "OUT_ID": 1998.0, "catchment_area": 16582559525056.891 }, "geometry": { "type": "Point", "coordinates": [ 7578653.524713999591768, 5836321.051877000369132 ] } },
{ "type": "Feature", "properties": { "Type": "Start", "ID": 1227, "OUT_ID": 1998.0, "catchment_area": null }, "geometry": { "type": "Point", "coordinates": [ 6756539.32010000012815, 5626144.738540999591351 ] } },
{ "type": "Feature", "properties": { "Type": "End", "ID": 1227, "OUT_ID": 1998.0, "catchment_area": 16582559525056.891 }, "geometry": { "type": "Point", "coordinates": [ 7578653.524713999591768, 5836321.051877000369132 ] } },
{ "type": "Feature", "properties": { "Type": "Start", "ID": 1228, "OUT_ID": 1998.0, "catchment_area": null }, "geometry": { "type": "Point", "coordinates": [ 7286440.671457, 5681094.434568 ] } },
{ "type": "Feature", "properties": { "Type": "End", "ID": 1228, "OUT_ID": 1998.0, "catchment_area": 16582559525056.891 }, "geometry": { "type": "Point", "coordinates": [ 7578653.524713999591768, 5836321.051877000369132 ] } },
{ "type": "Feature", "properties": { "Type": "Start", "ID": 1229, "OUT_ID": 1998.0, "catchment_area": null }, "geometry": { "type": "Point", "coordinates": [ 7851095.714032, 5724609.429801000282168 ] } },
{ "type": "Feature", "properties": { "Type": "End", "ID": 1229, "OUT_ID": 1998.0, "catchment_area": 16582559525056.891 }, "geometry": { "type": "Point", "coordinates": [ 7578653.524713999591768, 5836321.051877000369132 ] } },
{ "type": "Feature", "properties": { "Type": "Start", "ID": 1230, "OUT_ID": 1807.0, "catchment_area": null }, "geometry": { "type": "Point", "coordinates": [ 8446128.677902, 5756990.735724999569356 ] } },
{ "type": "Feature", "properties": { "Type": "End", "ID": 1230, "OUT_ID": 1807.0, "catchment_area": 16916079123.78125 }, "geometry": { "type": "Point", "coordinates": [ 8675569.354518, 5773640.147316999733448 ] } },
{ "type": "Feature", "properties": { "Type": "Start", "ID": 1232, "OUT_ID": 2000.0, "catchment_area": null }, "geometry": { "type": "Point", "coordinates": [ 9699066.167554000392556, 5789157.527622999623418 ] } },
{ "type": "Feature", "properties": { "Type": "End", "ID": 1232, "OUT_ID": 2000.0, "catchment_area": 65372460613.838509 }, "geometry": { "type": "Point", "coordinates": [ 9688910.644909, 5784086.964743999764323 ] } },
{ "type": "Feature", "properties": { "Type": "Start", "ID": 1233, "OUT_ID": 2000.0, "catchment_area": null }, "geometry": { "type": "Point", "coordinates": [ 10338442.175236, 5789157.527622999623418 ] } },
{ "type": "Feature", "properties": { "Type": "End", "ID": 1233, "OUT_ID": 2000.0, "catchment_area": 222855700456.5246 }, "geometry": { "type": "Point", "coordinates": [ 9741144.732043, 5825874.234450999647379 ] } },
{ "type": "Feature", "properties": { "Type": "Start", "ID": 1234, "OUT_ID": 2196.0, "catchment_area": null }, "geometry": { "type": "Point", "coordinates": [ 10972533.288979, 5778458.594495999626815 ] } },
{ "type": "Feature", "properties": { "Type": "End", "ID": 1234, "OUT_ID": 2196.0, "catchment_area": 2370542933210.6616 }, "geometry": { "type": "Point", "coordinates": [ 14118361.233833, 6055704.21783799957484 ] } },
{ "type": "Feature", "properties": { "Type": "Start", "ID": 1235, "OUT_ID": 2196.0, "catchment_area": null }, "geometry": { "type": "Point", "coordinates": [ 11591379.668226, 5756990.735724999569356 ] } },
{ "type": "Feature", "properties": { "Type": "End", "ID": 1235, "OUT_ID": 2196.0, "catchment_area": 2370542933210.6616 }, "geometry": { "type": "Point", "coordinates": [ 14118361.233833, 6055704.21783799957484 ] } },
{ "type": "Feature", "properties": { "Type": "Start", "ID": 1236, "OUT_ID": 2196.0, "catchment_area": null }, "geometry": { "type": "Point", "coordinates": [ 12186412.625418, 5724609.429801000282168 ] } },
{ "type": "Feature", "properties": { "Type": "End", "ID": 1236, "OUT_ID": 2196.0, "catchment_area": 2370542933210.6616 }, "geometry": { "type": "Point", "coordinates": [ 14118361.233833, 6055704.21783799957484 ] } },
{ "type": "Feature", "properties": { "Type": "Start", "ID": 1237, "OUT_ID": 2196.0, "catchment_area": null }, "geometry": { "type": "Point", "coordinates": [ 12751067.673559, 5681094.434568 ] } },
{ "type": "Feature", "properties": { "Type": "End", "ID": 1237, "OUT_ID": 2196.0, "catchment_area": 2370542933210.6616 }, "geometry": { "type": "Point", "coordinates": [ 14118361.233833, 6055704.21783799957484 ] } },
{ "type": "Feature", "properties": { "Type": "Start", "ID": 1238, "OUT_ID": 2196.0, "catchment_area": null }, "geometry": { "type": "Point", "coordinates": [ 13280969.021576, 5626144.738540999591351 ] } },
{ "type": "Feature", "properties": { "Type": "End", "ID": 1238, "OUT_ID": 2196.0, "catchment_area": 2370542933210.6616 }, "geometry": { "type": "Point", "coordinates": [ 14118361.233833, 6055704.21783799957484 ] } },
{ "type": "Feature", "properties": { "Type": "Start", "ID": 1239, "OUT_ID": 2196.0, "catchment_area": null }, "geometry": { "type": "Point", "coordinates": [ 13773770.755918, 5559370.802294 ] } },
{ "type": "Feature", "properties": { "Type": "End", "ID": 1239, "OUT_ID": 2196.0, "catchment_area": 2370542933210.6616 }, "geometry": { "type": "Point", "coordinates": [ 14118361.233833, 6055704.21783799957484 ] } },
{ "type": "Feature", "properties": { "Type": "Start", "ID": 1240, "OUT_ID": 2196.0, "catchment_area": null }, "geometry": { "type": "Point", "coordinates": [ 14228779.43408, 5480282.884677999652922 ] } },
{ "type": "Feature", "properties": { "Type": "End", "ID": 1240, "OUT_ID": 2196.0, "catchment_area": 2370542933210.6616 }, "geometry": { "type": "Point", "coordinates": [ 14118361.233833, 6055704.21783799957484 ] } },
{ "type": "Feature", "properties": { "Type": "Start", "ID": 1241, "OUT_ID": 2196.0, "catchment_area": null }, "geometry": { "type": "Point", "coordinates": [ 14646489.860067, 5388273.45462999958545 ] } },
{ "type": "Feature", "properties": { "Type": "End", "ID": 1241, "OUT_ID": 2196.0, "catchment_area": 2370542933210.6616 }, "geometry": { "type": "Point", "coordinates": [ 14118361.233833, 6055704.21783799957484 ] } },
{ "type": "Feature", "properties": { "Type": "Start", "ID": 1242, "OUT_ID": 2196.0, "catchment_area": null }, "geometry": { "type": "Point", "coordinates": [ 15028131.257092, 5282590.387714999727905 ] } },
{ "type": "Feature", "properties": { "Type": "End", "ID": 1242, "OUT_ID": 2196.0, "catchment_area": 2370542933210.6616 }, "geometry": { "type": "Point", "coordinates": [ 14118361.233833, 6055704.21783799957484 ] } },
{ "type": "Feature", "properties": { "Type": "Start", "ID": 1244, "OUT_ID": 1435.0, "catchment_area": null }, "geometry": { "type": "Point", "coordinates": [ 15689546.241901, 5026200.175053999759257 ] } },
{ "type": "Feature", "properties": { "Type": "End", "ID": 1244, "OUT_ID": 1435.0, "catchment_area": 11350143412.085484 }, "geometry": { "type": "Point", "coordinates": [ 15768958.387253, 5115490.649434000253677 ] } },
{ "type": "Feature", "properties": { "Type": "Start", "ID": 1245, "OUT_ID": 1436.0, "catchment_area": null }, "geometry": { "type": "Point", "coordinates": [ 15972374.024631, 4872763.492649000138044 ] } },
{ "type": "Feature", "properties": { "Type": "End", "ID": 1245, "OUT_ID": 1436.0, "catchment_area": 27502270575.437904 }, "geometry": { "type": "Point", "coordinates": [ 16009235.188068, 4896107.483474000357091 ] } },
{ "type": "Feature", "properties": { "Type": "Start", "ID": 1247, "OUT_ID": 1246.0, "catchment_area": null }, "geometry": { "type": "Point", "coordinates": [ 16447913.768363, 4504927.29361 ] } },
{ "type": "Feature", "properties": { "Type": "End", "ID": 1247, "OUT_ID": 1246.0, "catchment_area": 11786687389.473387 }, "geometry": { "type": "Point", "coordinates": [ 16448001.519989, 4509575.238684999756515 ] } },
{ "type": "Feature", "properties": { "Type": "Start", "ID": 1281, "OUT_ID": 5851.0, "catchment_area": null }, "geometry": { "type": "Point", "coordinates": [ -13250917.902023, 4035775.684630999807268 ] } },
{ "type": "Feature", "properties": { "Type": "End", "ID": 1281, "OUT_ID": 5851.0, "catchment_area": 1184671218636.4224 }, "geometry": { "type": "Point", "coordinates": [ -13805981.747758, 4645383.86523300036788 ] } },
{ "type": "Feature", "properties": { "Type": "Start", "ID": 1282, "OUT_ID": 1476.0, "catchment_area": null }, "geometry": { "type": "Point", "coordinates": [ -13127165.593713, 3782189.437483999878168 ] } },
{ "type": "Feature", "properties": { "Type": "End", "ID": 1282, "OUT_ID": 1476.0, "catchment_area": 811753525952.80603 }, "geometry": { "type": "Point", "coordinates": [ -12782193.63994, 3412659.408880999777466 ] } },
{ "type": "Feature", "properties": { "Type": "Start", "ID": 1283, "OUT_ID": 1284.0, "catchment_area": null }, "geometry": { "type": "Point", "coordinates": [ -13034311.256851, 3527016.530284999869764 ] } },
{ "type": "Feature", "properties": { "Type": "End", "ID": 1283, "OUT_ID": 1284.0, "catchment_area": 11895823383.820362 }, "geometry": { "type": "Point", "coordinates": [ -13074704.527888, 3464893.496014 ] } },
{ "type": "Feature", "properties": { "Type": "Start", "ID": 1345, "OUT_ID": 1346.0, "catchment_area": null }, "geometry": { "type": "Point", "coordinates": [ -4816222.034160999581218, -2133353.129245 ] } },
{ "type": "Feature", "properties": { "Type": "End", "ID": 1345, "OUT_ID": 1346.0, "catchment_area": 84580395618.90625 }, "geometry": { "type": "Point", "coordinates": [ -4445633.333426999859512, -2134600.644700999837369 ] } },
{ "type": "Feature", "properties": { "Type": "Start", "ID": 1366, "OUT_ID": 1365.0, "catchment_area": null }, "geometry": { "type": "Point", "coordinates": [ 1588610.800938, -2300803.649412999860942 ] } },
{ "type": "Feature", "properties": { "Type": "End", "ID": 1366, "OUT_ID": 1365.0, "catchment_area": 29139310490.64254 }, "geometry": { "type": "Point", "coordinates": [ 1540393.052077, -2343536.993235 ] } },
{ "type": "Feature", "properties": { "Type": "Start", "ID": 1367, "OUT_ID": 1374.0, "catchment_area": null }, "geometry": { "type": "Point", "coordinates": [ 1883742.957417, -2285959.373267 ] } },
{ "type": "Feature", "properties": { "Type": "End", "ID": 1367, "OUT_ID": 1374.0, "catchment_area": 2063870789095.6594 }, "geometry": { "type": "Point", "coordinates": [ 4016288.782207, -1998792.018154 ] } },
{ "type": "Feature", "properties": { "Type": "Start", "ID": 1368, "OUT_ID": 1374.0, "catchment_area": null }, "geometry": { "type": "Point", "coordinates": [ 2182211.403562, -2269129.770614999812096 ] } },
{ "type": "Feature", "properties": { "Type": "End", "ID": 1368, "OUT_ID": 1374.0, "catchment_area": 2063870789095.6594 }, "geometry": { "type": "Point", "coordinates": [ 4016288.782207, -1998792.018154 ] } },
{ "type": "Feature", "properties": { "Type": "Start", "ID": 1369, "OUT_ID": 1374.0, "catchment_area": null }, "geometry": { "type": "Point", "coordinates": [ 2484705.760280999820679, -2250624.751501999795437 ] } },
{ "type": "Feature", "properties": { "Type": "End", "ID": 1369, "OUT_ID": 1374.0, "catchment_area": 2063870789095.6594 }, "geometry": { "type": "Point", "coordinates": [ 4016288.782207, -1998792.018154 ] } },
{ "type": "Feature", "properties": { "Type": "Start", "ID": 1370, "OUT_ID": 1374.0, "catchment_area": null }, "geometry": { "type": "Point", "coordinates": [ 2792029.248904999811202, -2230867.407366999890655 ] } },
{ "type": "Feature", "properties": { "Type": "End", "ID": 1370, "OUT_ID": 1374.0, "catchment_area": 2063870789095.6594 }, "geometry": { "type": "Point", "coordinates": [ 4016288.782207, -1998792.018154 ] } },
{ "type": "Feature", "properties": { "Type": "Start", "ID": 1371, "OUT_ID": 1374.0, "catchment_area": null }, "geometry": { "type": "Point", "coordinates": [ 3105149.449543000198901, -2210428.788511999882758 ] } },
{ "type": "Feature", "properties": { "Type": "End", "ID": 1371, "OUT_ID": 1374.0, "catchment_area": 2063870789095.6594 }, "geometry": { "type": "Point", "coordinates": [ 4016288.782207, -1998792.018154 ] } },
{ "type": "Feature", "properties": { "Type": "Start", "ID": 1372, "OUT_ID": 1374.0, "catchment_area": null }, "geometry": { "type": "Point", "coordinates": [ 3425273.90371200023219, -2190069.250562999863178 ] } },
{ "type": "Feature", "properties": { "Type": "End", "ID": 1372, "OUT_ID": 1374.0, "catchment_area": 107717226420.46512 }, "geometry": { "type": "Point", "coordinates": [ 3901373.790513, -2280856.088674999773502 ] } },
{ "type": "Feature", "properties": { "Type": "Start", "ID": 1373, "OUT_ID": 1374.0, "catchment_area": null }, "geometry": { "type": "Point", "coordinates": [ 3753962.520303000230342, -2170782.755452999845147 ] } },
{ "type": "Feature", "properties": { "Type": "End", "ID": 1373, "OUT_ID": 1374.0, "catchment_area": 64608508653.409676 }, "geometry": { "type": "Point", "coordinates": [ 3870033.338233000133187, -2165941.09698100015521 ] } },
{ "type": "Feature", "properties": { "Type": "Start", "ID": 1377, "OUT_ID": 1376.0, "catchment_area": null }, "geometry": { "type": "Point", "coordinates": [ 5202532.137233999557793, -2133353.129245 ] } },
{ "type": "Feature", "properties": { "Type": "End", "ID": 1377, "OUT_ID": 1376.0, "catchment_area": 64062828681.674797 }, "geometry": { "type": "Point", "coordinates": [ 4946055.53318400029093, -2145047.462127999868244 ] } },
{ "type": "Feature", "properties": { "Type": "Start", "ID": 1404, "OUT_ID": 1596.0, "catchment_area": null }, "geometry": { "type": "Point", "coordinates": [ 13444028.075106, -2190069.250562999863178 ] } },
{ "type": "Feature", "properties": { "Type": "End", "ID": 1404, "OUT_ID": 1596.0, "catchment_area": 209868517129.23447 }, "geometry": { "type": "Point", "coordinates": [ 13407977.648817, -2134600.644700999837369 ] } },
{ "type": "Feature", "properties": { "Type": "Start", "ID": 1405, "OUT_ID": 1596.0, "catchment_area": null }, "geometry": { "type": "Point", "coordinates": [ 13772716.693924, -2170782.755452999845147 ] } },
{ "type": "Feature", "properties": { "Type": "End", "ID": 1405, "OUT_ID": 1596.0, "catchment_area": 211178149061.39819 }, "geometry": { "type": "Point", "coordinates": [ 13491552.188231, -2092813.374994 ] } },
{ "type": "Feature", "properties": { "Type": "Start", "ID": 1406, "OUT_ID": 1596.0, "catchment_area": null }, "geometry": { "type": "Point", "coordinates": [ 14112046.120228, -2153834.067290000151843 ] } },
{ "type": "Feature", "properties": { "Type": "End", "ID": 1406, "OUT_ID": 1596.0, "catchment_area": 211178149061.39819 }, "geometry": { "type": "Point", "coordinates": [ 13491552.188231, -2092813.374994 ] } },
{ "type": "Feature", "properties": { "Type": "Start", "ID": 1407, "OUT_ID": 1982.0, "catchment_area": null }, "geometry": { "type": "Point", "coordinates": [ 14464840.930249, -2140767.717116000130773 ] } },
{ "type": "Feature", "properties": { "Type": "End", "ID": 1407, "OUT_ID": 1982.0, "catchment_area": 760677880598.42139 }, "geometry": { "type": "Point", "coordinates": [ 14337744.399794, -1518238.416525 ] } },
{ "type": "Feature", "properties": { "Type": "Start", "ID": 1408, "OUT_ID": 1982.0, "catchment_area": null }, "geometry": { "type": "Point", "coordinates": [ 14834976.19999, -2133353.129245 ] } },
{ "type": "Feature", "properties": { "Type": "End", "ID": 1408, "OUT_ID": 1982.0, "catchment_area": 760677880598.42139 }, "geometry": { "type": "Point", "coordinates": [ 14337744.399794, -1518238.416525 ] } },
{ "type": "Feature", "properties": { "Type": "Start", "ID": 1409, "OUT_ID": 1217.0, "catchment_area": null }, "geometry": { "type": "Point", "coordinates": [ 3065913.138392, 4353423.634434999898076 ] } },
{ "type": "Feature", "properties": { "Type": "End", "ID": 1409, "OUT_ID": 1217.0, "catchment_area": 11786687389.473387 }, "geometry": { "type": "Point", "coordinates": [ 3128309.300936, 4321532.52500499971211 ] } },
{ "type": "Feature", "properties": { "Type": "Start", "ID": 1410, "OUT_ID": 1217.0, "catchment_area": null }, "geometry": { "type": "Point", "coordinates": [ 3250697.271462, 4582744.516265000216663 ] } },
{ "type": "Feature", "properties": { "Type": "End", "ID": 1410, "OUT_ID": 1217.0, "catchment_area": 252213282935.86108 }, "geometry": { "type": "Point", "coordinates": [ 3347692.466897, 4499128.421259 ] } },
{ "type": "Feature", "properties": { "Type": "Start", "ID": 1411, "OUT_ID": 1998.0, "catchment_area": null }, "geometry": { "type": "Point", "coordinates": [ 3463443.77414199989289, 4785106.04413599986583 ] } },
{ "type": "Feature", "properties": { "Type": "End", "ID": 1411, "OUT_ID": 1998.0, "catchment_area": 16582559525056.891 }, "geometry": { "type": "Point", "coordinates": [ 7578653.524713999591768, 5836321.051877000369132 ] } },
{ "type": "Feature", "properties": { "Type": "Start", "ID": 1412, "OUT_ID": 1998.0, "catchment_area": null }, "geometry": { "type": "Point", "coordinates": [ 3705528.199114, 4964328.575038 ] } },
{ "type": "Feature", "properties": { "Type": "End", "ID": 1412, "OUT_ID": 1998.0, "catchment_area": 16582559525056.891 }, "geometry": { "type": "Point", "coordinates": [ 7578653.524713999591768, 5836321.051877000369132 ] } },
{ "type": "Feature", "properties": { "Type": "Start", "ID": 1413, "OUT_ID": 1998.0, "catchment_area": null }, "geometry": { "type": "Point", "coordinates": [ 3978705.694074000231922, 5123254.08483 ] } },
{ "type": "Feature", "properties": { "Type": "End", "ID": 1413, "OUT_ID": 1998.0, "catchment_area": 16582559525056.891 }, "geometry": { "type": "Point", "coordinates": [ 7578653.524713999591768, 5836321.051877000369132 ] } },
{ "type": "Feature", "properties": { "Type": "Start", "ID": 1414, "OUT_ID": 1998.0, "catchment_area": null }, "geometry": { "type": "Point", "coordinates": [ 4285206.417002, 5264022.216567999683321 ] } },
{ "type": "Feature", "properties": { "Type": "End", "ID": 1414, "OUT_ID": 1998.0, "catchment_area": 16582559525056.891 }, "geometry": { "type": "Point", "coordinates": [ 7578653.524713999591768, 5836321.051877000369132 ] } },
{ "type": "Feature", "properties": { "Type": "Start", "ID": 1415, "OUT_ID": 1998.0, "catchment_area": null }, "geometry": { "type": "Point", "coordinates": [ 4627735.685332999564707, 5388273.45462999958545 ] } },
{ "type": "Feature", "properties": { "Type": "End", "ID": 1415, "OUT_ID": 1998.0, "catchment_area": 16582559525056.891 }, "geometry": { "type": "Point", "coordinates": [ 7578653.524713999591768, 5836321.051877000369132 ] } },
{ "type": "Feature", "properties": { "Type": "Start", "ID": 1416, "OUT_ID": 1994.0, "catchment_area": null }, "geometry": { "type": "Point", "coordinates": [ 5009377.085697, 5497290.240802999585867 ] } },
{ "type": "Feature", "properties": { "Type": "End", "ID": 1416, "OUT_ID": 1994.0, "catchment_area": 294667184736.83466 }, "geometry": { "type": "Point", "coordinates": [ 4444608.296702000312507, 5763193.329889999702573 ] } },
{ "type": "Feature", "properties": { "Type": "Start", "ID": 1417, "OUT_ID": 1994.0, "catchment_area": null }, "geometry": { "type": "Point", "coordinates": [ 5433382.652266000397503, 5592092.041109999641776 ] } },
{ "type": "Feature", "properties": { "Type": "End", "ID": 1417, "OUT_ID": 1994.0, "catchment_area": 294667184736.83466 }, "geometry": { "type": "Point", "coordinates": [ 4444608.296702000312507, 5763193.329889999702573 ] } },
{ "type": "Feature", "properties": { "Type": "Start", "ID": 1418, "OUT_ID": 1804.0, "catchment_area": null }, "geometry": { "type": "Point", "coordinates": [ 5902819.363912999629974, 5673498.655763999558985 ] } },
{ "type": "Feature", "properties": { "Type": "End", "ID": 1418, "OUT_ID": 1804.0, "catchment_area": 317149199572.31171 }, "geometry": { "type": "Point", "coordinates": [ 6001184.093281, 5919895.591291000135243 ] } },
{ "type": "Feature", "properties": { "Type": "Start", "ID": 1419, "OUT_ID": 1804.0, "catchment_area": null }, "geometry": { "type": "Point", "coordinates": [ 6420037.490124999545515, 5742172.405453000217676 ] } },
{ "type": "Feature", "properties": { "Type": "End", "ID": 1419, "OUT_ID": 1804.0, "catchment_area": 317149199572.31171 }, "geometry": { "type": "Point", "coordinates": [ 6001184.093281, 5919895.591291000135243 ] } },
{ "type": "Feature", "properties": { "Type": "Start", "ID": 1420, "OUT_ID": 1998.0, "catchment_area": null }, "geometry": { "type": "Point", "coordinates": [ 6985947.309302000328898, 5798646.448792999610305 ] } },
{ "type": "Feature", "properties": { "Type": "End", "ID": 1420, "OUT_ID": 1998.0, "catchment_area": 24992142705.457458 }, "geometry": { "type": "Point", "coordinates": [ 7223461.732206, 5763193.329889999702573 ] } },
{ "type": "Feature", "properties": { "Type": "Start", "ID": 1421, "OUT_ID": 1998.0, "catchment_area": null }, "geometry": { "type": "Point", "coordinates": [ 7599151.856456000357866, 5843343.964808000251651 ] } },
{ "type": "Feature", "properties": { "Type": "End", "ID": 1421, "OUT_ID": 1998.0, "catchment_area": 16589980772672.486 }, "geometry": { "type": "Point", "coordinates": [ 7599547.159567999653518, 5846767.869304000400007 ] } },
{ "type": "Feature", "properties": { "Type": "Start", "ID": 1422, "OUT_ID": 1999.0, "catchment_area": null }, "geometry": { "type": "Point", "coordinates": [ 8255090.844044, 5876591.233498999848962 ] } },
{ "type": "Feature", "properties": { "Type": "End", "ID": 1422, "OUT_ID": 1999.0, "catchment_area": 335484046622.60364 }, "geometry": { "type": "Point", "coordinates": [ 8257696.657449999824166, 5878108.321584000252187 ] } },
{ "type": "Feature", "properties": { "Type": "Start", "ID": 1423, "OUT_ID": 1807.0, "catchment_area": null }, "geometry": { "type": "Point", "coordinates": [ 8945476.625032000243664, 5898626.525268999859691 ] } },
{ "type": "Feature", "properties": { "Type": "End", "ID": 1423, "OUT_ID": 1807.0, "catchment_area": 18662255033.332863 }, "geometry": { "type": "Point", "coordinates": [ 8811377.98106599971652, 5909448.773864000104368 ] } },
{ "type": "Feature", "properties": { "Type": "Start", "ID": 1424, "OUT_ID": 2000.0, "catchment_area": null }, "geometry": { "type": "Point", "coordinates": [ 9658364.553492000326514, 5909605.989694000221789 ] } },
{ "type": "Feature", "properties": { "Type": "End", "ID": 1424, "OUT_ID": 2000.0, "catchment_area": 439490649235.27155 }, "geometry": { "type": "Point", "coordinates": [ 9354612.487253999337554, 5961682.860998 ] } },
{ "type": "Feature", "properties": { "Type": "Start", "ID": 1425, "OUT_ID": 2000.0, "catchment_area": null }, "geometry": { "type": "Point", "coordinates": [ 10379143.789297, 5909605.989694000221789 ] } },
{ "type": "Feature", "properties": { "Type": "End", "ID": 1425, "OUT_ID": 2000.0, "catchment_area": 222855700456.5246 }, "geometry": { "type": "Point", "coordinates": [ 9741144.732043, 5825874.234450999647379 ] } },
{ "type": "Feature", "properties": { "Type": "Start", "ID": 1426, "OUT_ID": 2577.0, "catchment_area": null }, "geometry": { "type": "Point", "coordinates": [ 11092031.717757, 5898626.525268999859691 ] } },
{ "type": "Feature", "properties": { "Type": "End", "ID": 1426, "OUT_ID": 2577.0, "catchment_area": 534984644288.87537 }, "geometry": { "type": "Point", "coordinates": [ 11548444.146863, 6066151.035264999605715 ] } },
{ "type": "Feature", "properties": { "Type": "Start", "ID": 1427, "OUT_ID": 2577.0, "catchment_area": null }, "geometry": { "type": "Point", "coordinates": [ 11782417.495405, 5876591.233498999848962 ] } },
{ "type": "Feature", "properties": { "Type": "End", "ID": 1427, "OUT_ID": 2577.0, "catchment_area": 534984644288.87537 }, "geometry": { "type": "Point", "coordinates": [ 11548444.146863, 6066151.035264999605715 ] } },
{ "type": "Feature", "properties": { "Type": "Start", "ID": 1428, "OUT_ID": 2003.0, "catchment_area": null }, "geometry": { "type": "Point", "coordinates": [ 12438356.48522, 5843343.964808000251651 ] } },
{ "type": "Feature", "properties": { "Type": "End", "ID": 1428, "OUT_ID": 2003.0, "catchment_area": 158247191803.11493 }, "geometry": { "type": "Point", "coordinates": [ 12655806.794094, 6087044.670118000358343 ] } },
{ "type": "Feature", "properties": { "Type": "Start", "ID": 1429, "OUT_ID": 2196.0, "catchment_area": null }, "geometry": { "type": "Point", "coordinates": [ 13051561.035713, 5798646.448792999610305 ] } },
{ "type": "Feature", "properties": { "Type": "End", "ID": 1429, "OUT_ID": 2196.0, "catchment_area": 2370542933210.6616 }, "geometry": { "type": "Point", "coordinates": [ 14118361.233833, 6055704.21783799957484 ] } },
{ "type": "Feature", "properties": { "Type": "Start", "ID": 1430, "OUT_ID": 2196.0, "catchment_area": null }, "geometry": { "type": "Point", "coordinates": [ 13617470.85489, 5742172.405453000217676 ] } },
{ "type": "Feature", "properties": { "Type": "End", "ID": 1430, "OUT_ID": 2196.0, "catchment_area": 2370542933210.6616 }, "geometry": { "type": "Point", "coordinates": [ 14118361.233833, 6055704.21783799957484 ] } },
{ "type": "Feature", "properties": { "Type": "Start", "ID": 1431, "OUT_ID": 2196.0, "catchment_area": null }, "geometry": { "type": "Point", "coordinates": [ 14134688.983329, 5673498.655763999558985 ] } },
{ "type": "Feature", "properties": { "Type": "End", "ID": 1431, "OUT_ID": 2196.0, "catchment_area": 2370542933210.6616 }, "geometry": { "type": "Point", "coordinates": [ 14118361.233833, 6055704.21783799957484 ] } },
{ "type": "Feature", "properties": { "Type": "Start", "ID": 1432, "OUT_ID": 2196.0, "catchment_area": null }, "geometry": { "type": "Point", "coordinates": [ 14604125.691637, 5592092.041109999641776 ] } },
{ "type": "Feature", "properties": { "Type": "End", "ID": 1432, "OUT_ID": 2196.0, "catchment_area": 2370542933210.6616 }, "geometry": { "type": "Point", "coordinates": [ 14118361.233833, 6055704.21783799957484 ] } },
{ "type": "Feature", "properties": { "Type": "Start", "ID": 1433, "OUT_ID": 2196.0, "catchment_area": null }, "geometry": { "type": "Point", "coordinates": [ 15028131.257092, 5497290.240802999585867 ] } },
{ "type": "Feature", "properties": { "Type": "End", "ID": 1433, "OUT_ID": 2196.0, "catchment_area": 2370542933210.6616 }, "geometry": { "type": "Point", "coordinates": [ 14118361.233833, 6055704.21783799957484 ] } },
{ "type": "Feature", "properties": { "Type": "Start", "ID": 1434, "OUT_ID": 1243.0, "catchment_area": null }, "geometry": { "type": "Point", "coordinates": [ 15409772.654117, 5388273.45462999958545 ] } },
{ "type": "Feature", "properties": { "Type": "End", "ID": 1434, "OUT_ID": 1243.0, "catchment_area": 201246773575.82339 }, "geometry": { "type": "Point", "coordinates": [ 15424213.412172, 5313980.180541999638081 ] } },
{ "type": "Feature", "properties": { "Type": "Start", "ID": 1473, "OUT_ID": 5851.0, "catchment_area": null }, "geometry": { "type": "Point", "coordinates": [ -12928966.182941, 4096435.890767000149935 ] } },
{ "type": "Feature", "properties": { "Type": "End", "ID": 1473, "OUT_ID": 5851.0, "catchment_area": 1184671218636.4224 }, "geometry": { "type": "Point", "coordinates": [ -13805981.747758, 4645383.86523300036788 ] } },
{ "type": "Feature", "properties": { "Type": "Start", "ID": 1474, "OUT_ID": 1476.0, "catchment_area": null }, "geometry": { "type": "Point", "coordinates": [ -12810535.881374, 3834517.71656 ] } },
{ "type": "Feature", "properties": { "Type": "End", "ID": 1474, "OUT_ID": 1476.0, "catchment_area": 811753525952.80603 }, "geometry": { "type": "Point", "coordinates": [ -12782193.63994, 3412659.408880999777466 ] } },
{ "type": "Feature", "properties": { "Type": "Start", "ID": 1475, "OUT_ID": 1476.0, "catchment_area": null }, "geometry": { "type": "Point", "coordinates": [ -12721201.555867, 3571886.681088999845088 ] } },
{ "type": "Feature", "properties": { "Type": "End", "ID": 1475, "OUT_ID": 1476.0, "catchment_area": 811753525952.80603 }, "geometry": { "type": "Point", "coordinates": [ -12782193.63994, 3412659.408880999777466 ] } },
{ "type": "Feature", "properties": { "Type": "Start", "ID": 1537, "OUT_ID": 1731.0, "catchment_area": null }, "geometry": { "type": "Point", "coordinates": [ -4813345.186749000102282, -1888436.881601 ] } },
{ "type": "Feature", "properties": { "Type": "End", "ID": 1537, "OUT_ID": 1731.0, "catchment_area": 95493995053.603821 }, "geometry": { "type": "Point", "coordinates": [ -4341165.159160000272095, -1706281.130206 ] } },
{ "type": "Feature", "properties": { "Type": "Start", "ID": 1538, "OUT_ID": 1346.0, "catchment_area": null }, "geometry": { "type": "Point", "coordinates": [ -4437956.730200000107288, -1894507.380028000101447 ] } },
{ "type": "Feature", "properties": { "Type": "End", "ID": 1538, "OUT_ID": 1346.0, "catchment_area": 11350143412.085484 }, "geometry": { "type": "Point", "coordinates": [ -4362058.794013, -1883877.02646 ] } },
{ "type": "Feature", "properties": { "Type": "Start", "ID": 1558, "OUT_ID": 1749.0, "catchment_area": null }, "geometry": { "type": "Point", "coordinates": [ 1573283.130082, -2027720.63635 ] } },
{ "type": "Feature", "properties": { "Type": "End", "ID": 1558, "OUT_ID": 1749.0, "catchment_area": 275350113737.41992 }, "geometry": { "type": "Point", "coordinates": [ 1310563.068689, -1727174.765059999888763 ] } },
{ "type": "Feature", "properties": { "Type": "Start", "ID": 1559, "OUT_ID": 1749.0, "catchment_area": null }, "geometry": { "type": "Point", "coordinates": [ 1866482.801351, -2015227.72114 ] } },
{ "type": "Feature", "properties": { "Type": "End", "ID": 1559, "OUT_ID": 1749.0, "catchment_area": 275350113737.41992 }, "geometry": { "type": "Point", "coordinates": [ 1310563.068689, -1727174.765059999888763 ] } },
{ "type": "Feature", "properties": { "Type": "Start", "ID": 1560, "OUT_ID": 1374.0, "catchment_area": null }, "geometry": { "type": "Point", "coordinates": [ 2163474.940655, -2001091.409602 ] } },
{ "type": "Feature", "properties": { "Type": "End", "ID": 1560, "OUT_ID": 1374.0, "catchment_area": 2063870789095.6594 }, "geometry": { "type": "Point", "coordinates": [ 4016288.782207, -1998792.018154 ] } },
{ "type": "Feature", "properties": { "Type": "Start", "ID": 1561, "OUT_ID": 1374.0, "catchment_area": null }, "geometry": { "type": "Point", "coordinates": [ 2465041.591907000169158, -1985583.898798 ] } },
{ "type": "Feature", "properties": { "Type": "End", "ID": 1561, "OUT_ID": 1374.0, "catchment_area": 2063870789095.6594 }, "geometry": { "type": "Point", "coordinates": [ 4016288.782207, -1998792.018154 ] } },
{ "type": "Feature", "properties": { "Type": "Start", "ID": 1562, "OUT_ID": 1374.0, "catchment_area": null }, "geometry": { "type": "Point", "coordinates": [ 2772086.560277999844402, -1969072.191358 ] } },
{ "type": "Feature", "properties": { "Type": "End", "ID": 1562, "OUT_ID": 1374.0, "catchment_area": 2063870789095.6594 }, "geometry": { "type": "Point", "coordinates": [ 4016288.782207, -1998792.018154 ] } },
{ "type": "Feature", "properties": { "Type": "Start", "ID": 1563, "OUT_ID": 1374.0, "catchment_area": null }, "geometry": { "type": "Point", "coordinates": [ 3085684.472926000133157, -1952045.007672 ] } },
{ "type": "Feature", "properties": { "Type": "End", "ID": 1563, "OUT_ID": 1374.0, "catchment_area": 2063870789095.6594 }, "geometry": { "type": "Point", "coordinates": [ 4016288.782207, -1998792.018154 ] } },
{ "type": "Feature", "properties": { "Type": "Start", "ID": 1564, "OUT_ID": 1374.0, "catchment_area": null }, "geometry": { "type": "Point", "coordinates": [ 3407151.176327, -1935143.789329 ] } },
{ "type": "Feature", "properties": { "Type": "End", "ID": 1564, "OUT_ID": 1374.0, "catchment_area": 2063870789095.6594 }, "geometry": { "type": "Point", "coordinates": [ 4016288.782207, -1998792.018154 ] } },
{ "type": "Feature", "properties": { "Type": "Start", "ID": 1565, "OUT_ID": 1374.0, "catchment_area": null }, "geometry": { "type": "Point", "coordinates": [ 3738144.478184000123292, -1919194.557121 ] } },
{ "type": "Feature", "properties": { "Type": "End", "ID": 1565, "OUT_ID": 1374.0, "catchment_area": 2063870789095.6594 }, "geometry": { "type": "Point", "coordinates": [ 4016288.782207, -1998792.018154 ] } },
{ "type": "Feature", "properties": { "Type": "Start", "ID": 1566, "OUT_ID": 1374.0, "catchment_area": null }, "geometry": { "type": "Point", "coordinates": [ 4080806.275709, -1905232.927038 ] } },
{ "type": "Feature", "properties": { "Type": "End", "ID": 1566, "OUT_ID": 1374.0, "catchment_area": 11568415400.779434 }, "geometry": { "type": "Point", "coordinates": [ 4089416.504193999804556, -1936111.113594 ] } },
{ "type": "Feature", "properties": { "Type": "Start", "ID": 1569, "OUT_ID": 1761.0, "catchment_area": null }, "geometry": { "type": "Point", "coordinates": [ 5205408.984644999727607, -1888436.881601 ] } },
{ "type": "Feature", "properties": { "Type": "End", "ID": 1569, "OUT_ID": 1761.0, "catchment_area": 62098380783.42923 }, "geometry": { "type": "Point", "coordinates": [ 5186332.333998000249267, -1758515.21734 ] } },
{ "type": "Feature", "properties": { "Type": "Start", "ID": 1597, "OUT_ID": 1789.0, "catchment_area": null }, "geometry": { "type": "Point", "coordinates": [ 13756898.650692, -1919194.557121 ] } },
{ "type": "Feature", "properties": { "Type": "End", "ID": 1597, "OUT_ID": 1789.0, "catchment_area": 107280682443.07721 }, "geometry": { "type": "Point", "coordinates": [ 13731828.989045, -1842089.756753 ] } },
{ "type": "Feature", "properties": { "Type": "Start", "ID": 1598, "OUT_ID": 1789.0, "catchment_area": null }, "geometry": { "type": "Point", "coordinates": [ 14099560.448217, -1905232.927038 ] } },
{ "type": "Feature", "properties": { "Type": "End", "ID": 1598, "OUT_ID": 1789.0, "catchment_area": 107280682443.07721 }, "geometry": { "type": "Point", "coordinates": [ 13731828.989045, -1842089.756753 ] } },
{ "type": "Feature", "properties": { "Type": "Start", "ID": 1599, "OUT_ID": 1982.0, "catchment_area": null }, "geometry": { "type": "Point", "coordinates": [ 14456710.900482, -1894507.380028000101447 ] } },
{ "type": "Feature", "properties": { "Type": "End", "ID": 1599, "OUT_ID": 1982.0, "catchment_area": 760677880598.42139 }, "geometry": { "type": "Point", "coordinates": [ 14337744.399794, -1518238.416525 ] } },
{ "type": "Feature", "properties": { "Type": "Start", "ID": 1600, "OUT_ID": 1982.0, "catchment_area": null }, "geometry": { "type": "Point", "coordinates": [ 14832099.359257, -1888436.881601 ] } },
{ "type": "Feature", "properties": { "Type": "End", "ID": 1600, "OUT_ID": 1982.0, "catchment_area": 760677880598.42139 }, "geometry": { "type": "Point", "coordinates": [ 14337744.399794, -1518238.416525 ] } },
{ "type": "Feature", "properties": { "Type": "Start", "ID": 1601, "OUT_ID": 1217.0, "catchment_area": null }, "geometry": { "type": "Point", "coordinates": [ 2726881.442745000123978, 4415284.857661999762058 ] } },
{ "type": "Feature", "properties": { "Type": "End", "ID": 1601, "OUT_ID": 1217.0, "catchment_area": 252213282935.86108 }, "geometry": { "type": "Point", "coordinates": [ 3295458.379764, 4457341.151552 ] } },
{ "type": "Feature", "properties": { "Type": "Start", "ID": 1602, "OUT_ID": 1217.0, "catchment_area": null }, "geometry": { "type": "Point", "coordinates": [ 2899094.412662, 4651503.850510000251234 ] } },
{ "type": "Feature", "properties": { "Type": "End", "ID": 1602, "OUT_ID": 1217.0, "catchment_area": 252213282935.86108 }, "geometry": { "type": "Point", "coordinates": [ 3295458.379764, 4457341.151552 ] } },
{ "type": "Feature", "properties": { "Type": "Start", "ID": 1603, "OUT_ID": 1998.0, "catchment_area": null }, "geometry": { "type": "Point", "coordinates": [ 3097997.626443, 4859985.375203000381589 ] } },
{ "type": "Feature", "properties": { "Type": "End", "ID": 1603, "OUT_ID": 1998.0, "catchment_area": 16582559525056.891 }, "geometry": { "type": "Point", "coordinates": [ 7578653.524713999591768, 5836321.051877000369132 ] } },
{ "type": "Feature", "properties": { "Type": "Start", "ID": 1604, "OUT_ID": 1998.0, "catchment_area": null }, "geometry": { "type": "Point", "coordinates": [ 3325614.939222999848425, 5044536.580075000412762 ] } },
{ "type": "Feature", "properties": { "Type": "End", "ID": 1604, "OUT_ID": 1998.0, "catchment_area": 16582559525056.891 }, "geometry": { "type": "Point", "coordinates": [ 7578653.524713999591768, 5836321.051877000369132 ] } },
{ "type": "Feature", "properties": { "Type": "Start", "ID": 1605, "OUT_ID": 2378.0, "catchment_area": null }, "geometry": { "type": "Point", "coordinates": [ 3584525.590206, 5208044.005416999571025 ] } },
{ "type": "Feature", "properties": { "Type": "End", "ID": 1605, "OUT_ID": 2378.0, "catchment_area": 287573345104.28125 }, "geometry": { "type": "Point", "coordinates": [ 3222330.65777700021863, 5502022.894223 ] } },
{ "type": "Feature", "properties": { "Type": "Start", "ID": 1606, "OUT_ID": 2378.0, "catchment_area": null }, "geometry": { "type": "Point", "coordinates": [ 3877991.970731, 5352719.480653 ] } },
{ "type": "Feature", "properties": { "Type": "End", "ID": 1606, "OUT_ID": 2378.0, "catchment_area": 287573345104.28125 }, "geometry": { "type": "Point", "coordinates": [ 3222330.65777700021863, 5502022.894223 ] } },
{ "type": "Feature", "properties": { "Type": "Start", "ID": 1607, "OUT_ID": 2378.0, "catchment_area": null }, "geometry": { "type": "Point", "coordinates": [ 4210025.267138999886811, 5480282.884677999652922 ] } },
{ "type": "Feature", "properties": { "Type": "End", "ID": 1607, "OUT_ID": 2378.0, "catchment_area": 287573345104.28125 }, "geometry": { "type": "Point", "coordinates": [ 3222330.65777700021863, 5502022.894223 ] } },
{ "type": "Feature", "properties": { "Type": "Start", "ID": 1608, "OUT_ID": 2186.0, "catchment_area": null }, "geometry": { "type": "Point", "coordinates": [ 4585371.51912899967283, 5592092.041109999641776 ] } },
{ "type": "Feature", "properties": { "Type": "End", "ID": 1608, "OUT_ID": 2186.0, "catchment_area": 230386084066.46591 }, "geometry": { "type": "Point", "coordinates": [ 4047629.234487, 5763193.329889999702573 ] } },
{ "type": "Feature", "properties": { "Type": "Start", "ID": 1609, "OUT_ID": 1995.0, "catchment_area": null }, "geometry": { "type": "Point", "coordinates": [ 5009377.085697, 5689232.805270999670029 ] } },
{ "type": "Feature", "properties": { "Type": "End", "ID": 1609, "OUT_ID": 1995.0, "catchment_area": 52712685269.58931 }, "geometry": { "type": "Point", "coordinates": [ 4841587.358916999772191, 5836321.051877000369132 ] } },
{ "type": "Feature", "properties": { "Type": "Start", "ID": 1610, "OUT_ID": 1804.0, "catchment_area": null }, "geometry": { "type": "Point", "coordinates": [ 5487660.15245100017637, 5772580.927434000186622 ] } },
{ "type": "Feature", "properties": { "Type": "End", "ID": 1610, "OUT_ID": 1804.0, "catchment_area": 317149199572.31171 }, "geometry": { "type": "Point", "coordinates": [ 6001184.093281, 5919895.591291000135243 ] } },
{ "type": "Feature", "properties": { "Type": "Start", "ID": 1611, "OUT_ID": 1804.0, "catchment_area": null }, "geometry": { "type": "Point", "coordinates": [ 6025483.692293000407517, 5842844.514166000299156 ] } },
{ "type": "Feature", "properties": { "Type": "End", "ID": 1611, "OUT_ID": 1804.0, "catchment_area": 322715135284.00745 }, "geometry": { "type": "Point", "coordinates": [ 6022077.728135, 5909448.773864000104368 ] } },
{ "type": "Feature", "properties": { "Type": "Start", "ID": 1612, "OUT_ID": 1997.0, "catchment_area": null }, "geometry": { "type": "Point", "coordinates": [ 6626718.844971000216901, 5900593.30938300024718 ] } },
{ "type": "Feature", "properties": { "Type": "End", "ID": 1612, "OUT_ID": 1997.0, "catchment_area": 38634141998.829437 }, "geometry": { "type": "Point", "coordinates": [ 6627993.138883999548852, 5909448.773864000104368 ] } },
{ "type": "Feature", "properties": { "Type": "Start", "ID": 1613, "OUT_ID": 1998.0, "catchment_area": null }, "geometry": { "type": "Point", "coordinates": [ 7292353.634416, 5946279.011725000105798 ] } },
{ "type": "Feature", "properties": { "Type": "End", "ID": 1613, "OUT_ID": 1998.0, "catchment_area": 54677133167.834877 }, "geometry": { "type": "Point", "coordinates": [ 7296589.454192999750376, 5951236.043571 ] } },
{ "type": "Feature", "properties": { "Type": "Start", "ID": 1614, "OUT_ID": 2191.0, "catchment_area": null }, "geometry": { "type": "Point", "coordinates": [ 8018704.076777, 5980249.40864 ] } },
{ "type": "Feature", "properties": { "Type": "End", "ID": 1614, "OUT_ID": 2191.0, "catchment_area": 11131871423.391533 }, "geometry": { "type": "Point", "coordinates": [ 8017419.85663599986583, 5982576.495850999839604 ] } },
{ "type": "Feature", "properties": { "Type": "Start", "ID": 1615, "OUT_ID": 1807.0, "catchment_area": null }, "geometry": { "type": "Point", "coordinates": [ 8795838.919454999268055, 6002758.138589000329375 ] } },
{ "type": "Feature", "properties": { "Type": "End", "ID": 1615, "OUT_ID": 1807.0, "catchment_area": 19862750971.149597 }, "geometry": { "type": "Point", "coordinates": [ 8800931.163638999685645, 6013916.948130999691784 ] } },
{ "type": "Feature", "properties": { "Type": "Start", "ID": 1616, "OUT_ID": 2000.0, "catchment_area": null }, "geometry": { "type": "Point", "coordinates": [ 9607076.306687999516726, 6013971.252309000119567 ] } },
{ "type": "Feature", "properties": { "Type": "End", "ID": 1616, "OUT_ID": 2000.0, "catchment_area": 439490649235.27155 }, "geometry": { "type": "Point", "coordinates": [ 9354612.487253999337554, 5961682.860998 ] } },
{ "type": "Feature", "properties": { "Type": "Start", "ID": 1617, "OUT_ID": 2577.0, "catchment_area": null }, "geometry": { "type": "Point", "coordinates": [ 10430432.036102, 6013971.252309000119567 ] } },
{ "type": "Feature", "properties": { "Type": "End", "ID": 1617, "OUT_ID": 2577.0, "catchment_area": 281243457432.15662 }, "geometry": { "type": "Point", "coordinates": [ 11308167.346049, 6045257.400410999543965 ] } },
{ "type": "Feature", "properties": { "Type": "Start", "ID": 1618, "OUT_ID": 2577.0, "catchment_area": null }, "geometry": { "type": "Point", "coordinates": [ 11241669.421108, 6002758.138589000329375 ] } },
{ "type": "Feature", "properties": { "Type": "End", "ID": 1618, "OUT_ID": 2577.0, "catchment_area": 281243457432.15662 }, "geometry": { "type": "Point", "coordinates": [ 11308167.346049, 6045257.400410999543965 ] } },
{ "type": "Feature", "properties": { "Type": "Start", "ID": 1619, "OUT_ID": 2577.0, "catchment_area": null }, "geometry": { "type": "Point", "coordinates": [ 12018804.267126, 5980249.40864 ] } },
{ "type": "Feature", "properties": { "Type": "End", "ID": 1619, "OUT_ID": 2577.0, "catchment_area": 534984644288.87537 }, "geometry": { "type": "Point", "coordinates": [ 11548444.146863, 6066151.035264999605715 ] } },
{ "type": "Feature", "properties": { "Type": "Start", "ID": 1620, "OUT_ID": 2003.0, "catchment_area": null }, "geometry": { "type": "Point", "coordinates": [ 12745154.705034, 5946279.011725000105798 ] } },
{ "type": "Feature", "properties": { "Type": "End", "ID": 1620, "OUT_ID": 2003.0, "catchment_area": 158247191803.11493 }, "geometry": { "type": "Point", "coordinates": [ 12655806.794094, 6087044.670118000358343 ] } },
{ "type": "Feature", "properties": { "Type": "Start", "ID": 1621, "OUT_ID": 2196.0, "catchment_area": null }, "geometry": { "type": "Point", "coordinates": [ 13410789.500045, 5900593.30938300024718 ] } },
{ "type": "Feature", "properties": { "Type": "End", "ID": 1621, "OUT_ID": 2196.0, "catchment_area": 2370542933210.6616 }, "geometry": { "type": "Point", "coordinates": [ 14118361.233833, 6055704.21783799957484 ] } },
{ "type": "Feature", "properties": { "Type": "Start", "ID": 1622, "OUT_ID": 2196.0, "catchment_area": null }, "geometry": { "type": "Point", "coordinates": [ 14012024.64493, 5842844.514166000299156 ] } },
{ "type": "Feature", "properties": { "Type": "End", "ID": 1622, "OUT_ID": 2196.0, "catchment_area": 2370542933210.6616 }, "geometry": { "type": "Point", "coordinates": [ 14118361.233833, 6055704.21783799957484 ] } },
{ "type": "Feature", "properties": { "Type": "Start", "ID": 1623, "OUT_ID": 2197.0, "catchment_area": null }, "geometry": { "type": "Point", "coordinates": [ 14549848.189225, 5772580.927434000186622 ] } },
{ "type": "Feature", "properties": { "Type": "End", "ID": 1623, "OUT_ID": 2197.0, "catchment_area": 209868517129.23447 }, "geometry": { "type": "Point", "coordinates": [ 15069021.619664, 6024363.76555799972266 ] } },
{ "type": "Feature", "properties": { "Type": "Start", "ID": 1624, "OUT_ID": 2196.0, "catchment_area": null }, "geometry": { "type": "Point", "coordinates": [ 15028131.257092, 5689232.805270999670029 ] } },
{ "type": "Feature", "properties": { "Type": "End", "ID": 1624, "OUT_ID": 2196.0, "catchment_area": 2370542933210.6616 }, "geometry": { "type": "Point", "coordinates": [ 14118361.233833, 6055704.21783799957484 ] } },
{ "type": "Feature", "properties": { "Type": "Start", "ID": 1625, "OUT_ID": 2196.0, "catchment_area": null }, "geometry": { "type": "Point", "coordinates": [ 15452136.822547, 5592092.041109999641776 ] } },
{ "type": "Feature", "properties": { "Type": "End", "ID": 1625, "OUT_ID": 2196.0, "catchment_area": 2370542933210.6616 }, "geometry": { "type": "Point", "coordinates": [ 14118361.233833, 6055704.21783799957484 ] } },
{ "type": "Feature", "properties": { "Type": "Start", "ID": 1626, "OUT_ID": 1435.0, "catchment_area": null }, "geometry": { "type": "Point", "coordinates": [ 15827483.080103, 5480282.884677999652922 ] } },
{ "type": "Feature", "properties": { "Type": "End", "ID": 1626, "OUT_ID": 1435.0, "catchment_area": 45837117625.729836 }, "geometry": { "type": "Point", "coordinates": [ 15894320.196374, 5449788.807089 ] } },
{ "type": "Feature", "properties": { "Type": "Start", "ID": 1665, "OUT_ID": 5851.0, "catchment_area": null }, "geometry": { "type": "Point", "coordinates": [ -12600611.021658, 4150849.281647999770939 ] } },
{ "type": "Feature", "properties": { "Type": "End", "ID": 1665, "OUT_ID": 5851.0, "catchment_area": 1184671218636.4224 }, "geometry": { "type": "Point", "coordinates": [ -13805981.747758, 4645383.86523300036788 ] } },
{ "type": "Feature", "properties": { "Type": "Start", "ID": 1666, "OUT_ID": 1476.0, "catchment_area": null }, "geometry": { "type": "Point", "coordinates": [ -12490113.94813, 3881866.969591999892145 ] } },
{ "type": "Feature", "properties": { "Type": "End", "ID": 1666, "OUT_ID": 1476.0, "catchment_area": 811753525952.80603 }, "geometry": { "type": "Point", "coordinates": [ -12782193.63994, 3412659.408880999777466 ] } },
{ "type": "Feature", "properties": { "Type": "Start", "ID": 1667, "OUT_ID": 1476.0, "catchment_area": null }, "geometry": { "type": "Point", "coordinates": [ -12406507.155139, 3612821.855837 ] } },
{ "type": "Feature", "properties": { "Type": "End", "ID": 1667, "OUT_ID": 1476.0, "catchment_area": 811753525952.80603 }, "geometry": { "type": "Point", "coordinates": [ -12782193.63994, 3412659.408880999777466 ] } },
{ "type": "Feature", "properties": { "Type": "Start", "ID": 1668, "OUT_ID": 1476.0, "catchment_area": null }, "geometry": { "type": "Point", "coordinates": [ -12342579.110036, 3343801.867844 ] } },
{ "type": "Feature", "properties": { "Type": "End", "ID": 1668, "OUT_ID": 1476.0, "catchment_area": 811753525952.80603 }, "geometry": { "type": "Point", "coordinates": [ -12782193.63994, 3412659.408880999777466 ] } },
{ "type": "Feature", "properties": { "Type": "Start", "ID": 1669, "OUT_ID": 1477.0, "catchment_area": null }, "geometry": { "type": "Point", "coordinates": [ -12293228.663947, 3074863.911247 ] } },
{ "type": "Feature", "properties": { "Type": "End", "ID": 1669, "OUT_ID": 1477.0, "catchment_area": 25210414694.151409 }, "geometry": { "type": "Point", "coordinates": [ -12416555.030006, 3026127.164092999882996 ] } },
{ "type": "Feature", "properties": { "Type": "Start", "ID": 1671, "OUT_ID": 1670.0, "catchment_area": null }, "geometry": { "type": "Point", "coordinates": [ -12224692.381544, 2537469.289898000191897 ] } },
{ "type": "Feature", "properties": { "Type": "End", "ID": 1671, "OUT_ID": 1670.0, "catchment_area": 1294243756960.7861 }, "geometry": { "type": "Point", "coordinates": [ -12207618.681471, 2545573.56246400019154 ] } },
{ "type": "Feature", "properties": { "Type": "Start", "ID": 1716, "OUT_ID": 1333.0, "catchment_area": null }, "geometry": { "type": "Point", "coordinates": [ 17311107.80915, -5946279.011725000105798 ] } },
{ "type": "Feature", "properties": { "Type": "End", "ID": 1716, "OUT_ID": 1333.0, "catchment_area": 13751135287.718952 }, "geometry": { "type": "Point", "coordinates": [ 17315087.366406001150608, -5937242.188023 ] } },
{ "type": "Feature", "properties": { "Type": "Start", "ID": 1729, "OUT_ID": 2115.0, "catchment_area": null }, "geometry": { "type": "Point", "coordinates": [ -4811116.97685999982059, -1640806.878267 ] } },
{ "type": "Feature", "properties": { "Type": "End", "ID": 1729, "OUT_ID": 2115.0, "catchment_area": 660600173782.24451 }, "geometry": { "type": "Point", "coordinates": [ -4059101.088639, -1152599.806591 ] } },
{ "type": "Feature", "properties": { "Type": "Start", "ID": 1730, "OUT_ID": 1731.0, "catchment_area": null }, "geometry": { "type": "Point", "coordinates": [ -4431650.764912, -1645746.030661 ] } },
{ "type": "Feature", "properties": { "Type": "End", "ID": 1730, "OUT_ID": 1731.0, "catchment_area": 25101278699.804436 }, "geometry": { "type": "Point", "coordinates": [ -4341165.159160000272095, -1612259.773366 ] } },
{ "type": "Feature", "properties": { "Type": "Start", "ID": 1750, "OUT_ID": 1749.0, "catchment_area": null }, "geometry": { "type": "Point", "coordinates": [ 1561163.503273, -1755488.764764 ] } },
{ "type": "Feature", "properties": { "Type": "End", "ID": 1750, "OUT_ID": 1749.0, "catchment_area": 275350113737.41992 }, "geometry": { "type": "Point", "coordinates": [ 1310563.068689, -1727174.765059999888763 ] } },
{ "type": "Feature", "properties": { "Type": "Start", "ID": 1751, "OUT_ID": 1749.0, "catchment_area": null }, "geometry": { "type": "Point", "coordinates": [ 1852850.531906000105664, -1745108.186909 ] } },
{ "type": "Feature", "properties": { "Type": "End", "ID": 1751, "OUT_ID": 1749.0, "catchment_area": 275350113737.41992 }, "geometry": { "type": "Point", "coordinates": [ 1310563.068689, -1727174.765059999888763 ] } },
{ "type": "Feature", "properties": { "Type": "Start", "ID": 1752, "OUT_ID": 1374.0, "catchment_area": null }, "geometry": { "type": "Point", "coordinates": [ 2148697.234838, -1733380.646303 ] } },
{ "type": "Feature", "properties": { "Type": "End", "ID": 1752, "OUT_ID": 1374.0, "catchment_area": 2063870789095.6594 }, "geometry": { "type": "Point", "coordinates": [ 4016288.782207, -1998792.018154 ] } },
{ "type": "Feature", "properties": { "Type": "Start", "ID": 1753, "OUT_ID": 1374.0, "catchment_area": null }, "geometry": { "type": "Point", "coordinates": [ 2449558.433325000107288, -1720539.608079 ] } },
{ "type": "Feature", "properties": { "Type": "End", "ID": 1753, "OUT_ID": 1374.0, "catchment_area": 2063870789095.6594 }, "geometry": { "type": "Point", "coordinates": [ 4016288.782207, -1998792.018154 ] } },
{ "type": "Feature", "properties": { "Type": "Start", "ID": 1754, "OUT_ID": 1374.0, "catchment_area": null }, "geometry": { "type": "Point", "coordinates": [ 2756415.842826, -1706896.760472000110894 ] } },
{ "type": "Feature", "properties": { "Type": "End", "ID": 1754, "OUT_ID": 1374.0, "catchment_area": 2063870789095.6594 }, "geometry": { "type": "Point", "coordinates": [ 4016288.782207, -1998792.018154 ] } },
{ "type": "Feature", "properties": { "Type": "Start", "ID": 1755, "OUT_ID": 1374.0, "catchment_area": null }, "geometry": { "type": "Point", "coordinates": [ 3070425.180067, -1692862.763675 ] } },
{ "type": "Feature", "properties": { "Type": "End", "ID": 1755, "OUT_ID": 1374.0, "catchment_area": 2063870789095.6594 }, "geometry": { "type": "Point", "coordinates": [ 4016288.782207, -1998792.018154 ] } },
{ "type": "Feature", "properties": { "Type": "Start", "ID": 1756, "OUT_ID": 1374.0, "catchment_area": null }, "geometry": { "type": "Point", "coordinates": [ 3392981.80369699979201, -1678970.59687 ] } },
{ "type": "Feature", "properties": { "Type": "End", "ID": 1756, "OUT_ID": 1374.0, "catchment_area": 2063870789095.6594 }, "geometry": { "type": "Point", "coordinates": [ 4016288.782207, -1998792.018154 ] } },
{ "type": "Feature", "properties": { "Type": "Start", "ID": 1757, "OUT_ID": 1374.0, "catchment_area": null }, "geometry": { "type": "Point", "coordinates": [ 3725812.076413999777287, -1665898.807108 ] } },
{ "type": "Feature", "properties": { "Type": "End", "ID": 1757, "OUT_ID": 1374.0, "catchment_area": 2063870789095.6594 }, "geometry": { "type": "Point", "coordinates": [ 4016288.782207, -1998792.018154 ] } },
{ "type": "Feature", "properties": { "Type": "Start", "ID": 1758, "OUT_ID": 1952.0, "catchment_area": null }, "geometry": { "type": "Point", "coordinates": [ 4071099.016849999781698, -1654488.872796 ] } },
{ "type": "Feature", "properties": { "Type": "End", "ID": 1758, "OUT_ID": 1952.0, "catchment_area": 67336908512.084068 }, "geometry": { "type": "Point", "coordinates": [ 4517736.018689, -1476451.146818999899551 ] } },
{ "type": "Feature", "properties": { "Type": "Start", "ID": 1759, "OUT_ID": 1567.0, "catchment_area": null }, "geometry": { "type": "Point", "coordinates": [ 4431650.764912, -1645746.030661 ] } },
{ "type": "Feature", "properties": { "Type": "End", "ID": 1759, "OUT_ID": 1567.0, "catchment_area": 27283998586.74395 }, "geometry": { "type": "Point", "coordinates": [ 4517736.018689, -1654047.043073 ] } },
{ "type": "Feature", "properties": { "Type": "Start", "ID": 1762, "OUT_ID": 1954.0, "catchment_area": null }, "geometry": { "type": "Point", "coordinates": [ 5587103.406483000144362, -1645746.030661 ] } },
{ "type": "Feature", "properties": { "Type": "End", "ID": 1762, "OUT_ID": 1954.0, "catchment_area": 16042991169.005444 }, "geometry": { "type": "Point", "coordinates": [ 5604205.031066000461578, -1633153.408219 ] } },
{ "type": "Feature", "properties": { "Type": "Start", "ID": 1790, "OUT_ID": 1982.0, "catchment_area": null }, "geometry": { "type": "Point", "coordinates": [ 14089853.188244, -1654488.872796 ] } },
{ "type": "Feature", "properties": { "Type": "End", "ID": 1790, "OUT_ID": 1982.0, "catchment_area": 22263742846.783066 }, "geometry": { "type": "Point", "coordinates": [ 14097467.59898, -1497344.781672 ] } },
{ "type": "Feature", "properties": { "Type": "Start", "ID": 1791, "OUT_ID": 1982.0, "catchment_area": null }, "geometry": { "type": "Point", "coordinates": [ 14450404.940759, -1645746.030661 ] } },
{ "type": "Feature", "properties": { "Type": "End", "ID": 1791, "OUT_ID": 1982.0, "catchment_area": 760677880598.42139 }, "geometry": { "type": "Point", "coordinates": [ 14337744.399794, -1518238.416525 ] } },
{ "type": "Feature", "properties": { "Type": "Start", "ID": 1792, "OUT_ID": 2176.0, "catchment_area": null }, "geometry": { "type": "Point", "coordinates": [ 14829871.143802, -1640806.878267 ] } },
{ "type": "Feature", "properties": { "Type": "End", "ID": 1792, "OUT_ID": 2176.0, "catchment_area": 1197985809946.7534 }, "geometry": { "type": "Point", "coordinates": [ 15194383.428784, -1131706.171737000113353 ] } },
{ "type": "Feature", "properties": { "Type": "Start", "ID": 1793, "OUT_ID": 2759.0, "catchment_area": null }, "geometry": { "type": "Point", "coordinates": [ 2379698.355122, 4469357.567250000312924 ] } },
{ "type": "Feature", "properties": { "Type": "End", "ID": 1793, "OUT_ID": 2759.0, "catchment_area": 2253658283265.0503 }, "geometry": { "type": "Point", "coordinates": [ 1519499.417223, 5188618.371421 ] } },
{ "type": "Feature", "properties": { "Type": "Start", "ID": 1794, "OUT_ID": 2759.0, "catchment_area": null }, "geometry": { "type": "Point", "coordinates": [ 2536231.991458000149578, 4711305.961997999809682 ] } },
{ "type": "Feature", "properties": { "Type": "End", "ID": 1794, "OUT_ID": 2759.0, "catchment_area": 2253658283265.0503 }, "geometry": { "type": "Point", "coordinates": [ 1519499.417223, 5188618.371421 ] } },
{ "type": "Feature", "properties": { "Type": "Start", "ID": 1795, "OUT_ID": 1998.0, "catchment_area": null }, "geometry": { "type": "Point", "coordinates": [ 2717710.930848999880254, 4924861.227876000106335 ] } },
{ "type": "Feature", "properties": { "Type": "End", "ID": 1795, "OUT_ID": 1998.0, "catchment_area": 16582559525056.891 }, "geometry": { "type": "Point", "coordinates": [ 7578653.524713999591768, 5836321.051877000369132 ] } },
{ "type": "Feature", "properties": { "Type": "Start", "ID": 1796, "OUT_ID": 2571.0, "catchment_area": null }, "geometry": { "type": "Point", "coordinates": [ 2926629.759591000154614, 5113829.875906 ] } },
{ "type": "Feature", "properties": { "Type": "End", "ID": 1796, "OUT_ID": 2571.0, "catchment_area": 116884649945.61108 }, "geometry": { "type": "Point", "coordinates": [ 2647755.699308, 5334873.815395000390708 ] } },
{ "type": "Feature", "properties": { "Type": "Start", "ID": 1797, "OUT_ID": 2378.0, "catchment_area": null }, "geometry": { "type": "Point", "coordinates": [ 3166211.086776, 5281138.135131999850273 ] } },
{ "type": "Feature", "properties": { "Type": "End", "ID": 1797, "OUT_ID": 2378.0, "catchment_area": 96585354997.073593 }, "geometry": { "type": "Point", "coordinates": [ 3065628.39637599978596, 5481129.259368999861181 ] } },
{ "type": "Feature", "properties": { "Type": "Start", "ID": 1798, "OUT_ID": 2378.0, "catchment_area": null }, "geometry": { "type": "Point", "coordinates": [ 3440595.908406000118703, 5429057.025948000140488 ] } },
{ "type": "Feature", "properties": { "Type": "End", "ID": 1798, "OUT_ID": 2378.0, "catchment_area": 287573345104.28125 }, "geometry": { "type": "Point", "coordinates": [ 3222330.65777700021863, 5502022.894223 ] } },
{ "type": "Feature", "properties": { "Type": "Start", "ID": 1799, "OUT_ID": 2378.0, "catchment_area": null }, "geometry": { "type": "Point", "coordinates": [ 3755016.578958, 5559370.802294 ] } },
{ "type": "Feature", "properties": { "Type": "End", "ID": 1799, "OUT_ID": 2378.0, "catchment_area": 287573345104.28125 }, "geometry": { "type": "Point", "coordinates": [ 3222330.65777700021863, 5502022.894223 ] } },
{ "type": "Feature", "properties": { "Type": "Start", "ID": 1800, "OUT_ID": 2378.0, "catchment_area": null }, "geometry": { "type": "Point", "coordinates": [ 4115934.807481000199914, 5673498.655763999558985 ] } },
{ "type": "Feature", "properties": { "Type": "End", "ID": 1800, "OUT_ID": 2378.0, "catchment_area": 287573345104.28125 }, "geometry": { "type": "Point", "coordinates": [ 3222330.65777700021863, 5502022.894223 ] } },
{ "type": "Feature", "properties": { "Type": "Start", "ID": 1801, "OUT_ID": 1994.0, "catchment_area": null }, "geometry": { "type": "Point", "coordinates": [ 4531094.018943999893963, 5772580.927434000186622 ] } },
{ "type": "Feature", "properties": { "Type": "End", "ID": 1801, "OUT_ID": 1994.0, "catchment_area": 294667184736.83466 }, "geometry": { "type": "Point", "coordinates": [ 4444608.296702000312507, 5763193.329889999702573 ] } },
{ "type": "Feature", "properties": { "Type": "Start", "ID": 1802, "OUT_ID": 1995.0, "catchment_area": null }, "geometry": { "type": "Point", "coordinates": [ 5009377.085697, 5857539.679796 ] } },
{ "type": "Feature", "properties": { "Type": "End", "ID": 1802, "OUT_ID": 1995.0, "catchment_area": 13096319321.637096 }, "geometry": { "type": "Point", "coordinates": [ 5040076.890023999847472, 5867661.504157000221312 ] } },
{ "type": "Feature", "properties": { "Type": "Start", "ID": 1806, "OUT_ID": 2191.0, "catchment_area": null }, "geometry": { "type": "Point", "coordinates": [ 7719492.898083000443876, 6068998.125981000252068 ] } },
{ "type": "Feature", "properties": { "Type": "End", "ID": 1806, "OUT_ID": 2191.0, "catchment_area": 448548936766.07056 }, "geometry": { "type": "Point", "coordinates": [ 7704015.333835000172257, 6087044.670118000358343 ] } },
{ "type": "Feature", "properties": { "Type": "Start", "ID": 1808, "OUT_ID": 2000.0, "catchment_area": null }, "geometry": { "type": "Point", "coordinates": [ 9540438.764102999120951, 6103304.056597 ] } },
{ "type": "Feature", "properties": { "Type": "End", "ID": 1808, "OUT_ID": 2000.0, "catchment_area": 16806943129.434273 }, "geometry": { "type": "Point", "coordinates": [ 9542655.200935000553727, 6118385.122398000210524 ] } },
{ "type": "Feature", "properties": { "Type": "Start", "ID": 1809, "OUT_ID": 2577.0, "catchment_area": null }, "geometry": { "type": "Point", "coordinates": [ 10497069.578686, 6103304.056597 ] } },
{ "type": "Feature", "properties": { "Type": "End", "ID": 1809, "OUT_ID": 2577.0, "catchment_area": 281243457432.15662 }, "geometry": { "type": "Point", "coordinates": [ 11308167.346049, 6045257.400410999543965 ] } },
{ "type": "Feature", "properties": { "Type": "Start", "ID": 1810, "OUT_ID": 2577.0, "catchment_area": null }, "geometry": { "type": "Point", "coordinates": [ 11434318.898479, 6091898.157921999692917 ] } },
{ "type": "Feature", "properties": { "Type": "End", "ID": 1810, "OUT_ID": 2577.0, "catchment_area": 292811872832.9361 }, "geometry": { "type": "Point", "coordinates": [ 11423082.337743, 6055704.21783799957484 ] } },
{ "type": "Feature", "properties": { "Type": "Start", "ID": 1811, "OUT_ID": 2194.0, "catchment_area": null }, "geometry": { "type": "Point", "coordinates": [ 12318015.440254, 6068998.125981000252068 ] } },
{ "type": "Feature", "properties": { "Type": "End", "ID": 1811, "OUT_ID": 2194.0, "catchment_area": 678825884838.18945 }, "geometry": { "type": "Point", "coordinates": [ 12206593.644746, 6097491.487545000389218 ] } },
{ "type": "Feature", "properties": { "Type": "Start", "ID": 1812, "OUT_ID": 2003.0, "catchment_area": null }, "geometry": { "type": "Point", "coordinates": [ 13125023.283508, 6034429.586570999585092 ] } },
{ "type": "Feature", "properties": { "Type": "End", "ID": 1812, "OUT_ID": 2003.0, "catchment_area": 45837117625.729836 }, "geometry": { "type": "Point", "coordinates": [ 12791615.420642, 6087044.670118000358343 ] } },
{ "type": "Feature", "properties": { "Type": "Start", "ID": 1813, "OUT_ID": 2196.0, "catchment_area": null }, "geometry": { "type": "Point", "coordinates": [ 13844862.622136, 5987925.926571000367403 ] } },
{ "type": "Feature", "properties": { "Type": "End", "ID": 1813, "OUT_ID": 2196.0, "catchment_area": 2370542933210.6616 }, "geometry": { "type": "Point", "coordinates": [ 14118361.233833, 6055704.21783799957484 ] } },
{ "type": "Feature", "properties": { "Type": "Start", "ID": 1814, "OUT_ID": 2005.0, "catchment_area": null }, "geometry": { "type": "Point", "coordinates": [ 14477236.255361, 5929121.199927000328898 ] } },
{ "type": "Feature", "properties": { "Type": "End", "ID": 1814, "OUT_ID": 2005.0, "catchment_area": 11022735429.044556 }, "geometry": { "type": "Point", "coordinates": [ 14588468.018035, 6013916.948130999691784 ] } },
{ "type": "Feature", "properties": { "Type": "Start", "ID": 1815, "OUT_ID": 2197.0, "catchment_area": null }, "geometry": { "type": "Point", "coordinates": [ 15028131.257092, 5857539.679796 ] } },
{ "type": "Feature", "properties": { "Type": "End", "ID": 1815, "OUT_ID": 2197.0, "catchment_area": 209868517129.23447 }, "geometry": { "type": "Point", "coordinates": [ 15069021.619664, 6024363.76555799972266 ] } },
{ "type": "Feature", "properties": { "Type": "Start", "ID": 1816, "OUT_ID": 2390.0, "catchment_area": null }, "geometry": { "type": "Point", "coordinates": [ 15506414.324958, 5772580.927434000186622 ] } },
{ "type": "Feature", "properties": { "Type": "End", "ID": 1816, "OUT_ID": 2390.0, "catchment_area": 314966479685.37219 }, "geometry": { "type": "Point", "coordinates": [ 16646491.051097, 6066151.035264999605715 ] } },
{ "type": "Feature", "properties": { "Type": "Start", "ID": 1817, "OUT_ID": 2390.0, "catchment_area": null }, "geometry": { "type": "Point", "coordinates": [ 15921573.530855, 5673498.655763999558985 ] } },
{ "type": "Feature", "properties": { "Type": "End", "ID": 1817, "OUT_ID": 2390.0, "catchment_area": 314966479685.37219 }, "geometry": { "type": "Point", "coordinates": [ 16646491.051097, 6066151.035264999605715 ] } },
{ "type": "Feature", "properties": { "Type": "Start", "ID": 1818, "OUT_ID": 1627.0, "catchment_area": null }, "geometry": { "type": "Point", "coordinates": [ 16282491.758265, 5559370.802294 ] } },
{ "type": "Feature", "properties": { "Type": "End", "ID": 1818, "OUT_ID": 1627.0, "catchment_area": 19317070999.414719 }, "geometry": { "type": "Point", "coordinates": [ 16228618.354029, 5460235.624516 ] } },
{ "type": "Feature", "properties": { "Type": "Start", "ID": 1857, "OUT_ID": 1476.0, "catchment_area": null }, "geometry": { "type": "Point", "coordinates": [ -12266842.883343, 4198705.769564 ] } },
{ "type": "Feature", "properties": { "Type": "End", "ID": 1857, "OUT_ID": 1476.0, "catchment_area": 811753525952.80603 }, "geometry": { "type": "Point", "coordinates": [ -12782193.63994, 3412659.408880999777466 ] } },
{ "type": "Feature", "properties": { "Type": "Start", "ID": 1858, "OUT_ID": 1476.0, "catchment_area": null }, "geometry": { "type": "Point", "coordinates": [ -12166531.476432, 3923778.941399000119418 ] } },
{ "type": "Feature", "properties": { "Type": "End", "ID": 1858, "OUT_ID": 1476.0, "catchment_area": 811753525952.80603 }, "geometry": { "type": "Point", "coordinates": [ -12782193.63994, 3412659.408880999777466 ] } },
{ "type": "Feature", "properties": { "Type": "Start", "ID": 1859, "OUT_ID": 1476.0, "catchment_area": null }, "geometry": { "type": "Point", "coordinates": [ -12090505.752271, 3649279.941054 ] } },
{ "type": "Feature", "properties": { "Type": "End", "ID": 1859, "OUT_ID": 1476.0, "catchment_area": 811753525952.80603 }, "geometry": { "type": "Point", "coordinates": [ -12782193.63994, 3412659.408880999777466 ] } },
{ "type": "Feature", "properties": { "Type": "Start", "ID": 1860, "OUT_ID": 2630.0, "catchment_area": null }, "geometry": { "type": "Point", "coordinates": [ -12032240.897019, 3375344.867399 ] } },
{ "type": "Feature", "properties": { "Type": "End", "ID": 1860, "OUT_ID": 2630.0, "catchment_area": 853770883776.39172 }, "geometry": { "type": "Point", "coordinates": [ -10901766.503133, 2806743.998132000211626 ] } },
{ "type": "Feature", "properties": { "Type": "Start", "ID": 1861, "OUT_ID": 2630.0, "catchment_area": null }, "geometry": { "type": "Point", "coordinates": [ -11987150.34728, 3102027.947145000100136 ] } },
{ "type": "Feature", "properties": { "Type": "End", "ID": 1861, "OUT_ID": 2630.0, "catchment_area": 853770883776.39172 }, "geometry": { "type": "Point", "coordinates": [ -10901766.503133, 2806743.998132000211626 ] } },
{ "type": "Feature", "properties": { "Type": "Start", "ID": 1862, "OUT_ID": 1670.0, "catchment_area": null }, "geometry": { "type": "Point", "coordinates": [ -11951962.846233, 2829352.959495 ] } },
{ "type": "Feature", "properties": { "Type": "End", "ID": 1862, "OUT_ID": 1670.0, "catchment_area": 29139310490.64254 }, "geometry": { "type": "Point", "coordinates": [ -12134490.959484, 2806743.998132000211626 ] } },
{ "type": "Feature", "properties": { "Type": "Start", "ID": 1906, "OUT_ID": 1714.0, "catchment_area": null }, "geometry": { "type": "Point", "coordinates": [ 18621943.615704998373985, -6091898.157921999692917 ] } },
{ "type": "Feature", "properties": { "Type": "End", "ID": 1906, "OUT_ID": 1714.0, "catchment_area": 39834637936.646172 }, "geometry": { "type": "Point", "coordinates": [ 18620939.544744998216629, -6104391.266850000247359 ] } },
{ "type": "Feature", "properties": { "Type": "Start", "ID": 1907, "OUT_ID": 1715.0, "catchment_area": null }, "geometry": { "type": "Point", "coordinates": [ 17738247.07393, -6068998.125981000252068 ] } },
{ "type": "Feature", "properties": { "Type": "End", "ID": 1907, "OUT_ID": 1715.0, "catchment_area": 43545261744.443344 }, "geometry": { "type": "Point", "coordinates": [ 17858321.872595001012087, -5979029.45773 ] } },
{ "type": "Feature", "properties": { "Type": "Start", "ID": 1908, "OUT_ID": 1525.0, "catchment_area": null }, "geometry": { "type": "Point", "coordinates": [ 16931239.230676, -6034429.586570999585092 ] } },
{ "type": "Feature", "properties": { "Type": "End", "ID": 1908, "OUT_ID": 1525.0, "catchment_area": 242281907450.28629 }, "geometry": { "type": "Point", "coordinates": [ 16918108.304191, -5916348.553170000202954 ] } },
{ "type": "Feature", "properties": { "Type": "Start", "ID": 1909, "OUT_ID": 1526.0, "catchment_area": null }, "geometry": { "type": "Point", "coordinates": [ 16211399.892048, -5987925.926571000367403 ] } },
{ "type": "Feature", "properties": { "Type": "End", "ID": 1909, "OUT_ID": 1526.0, "catchment_area": 17789167078.557056 }, "geometry": { "type": "Point", "coordinates": [ 16291299.258589, -5885008.100889000110328 ] } },
{ "type": "Feature", "properties": { "Type": "Start", "ID": 1910, "OUT_ID": 1719.0, "catchment_area": null }, "geometry": { "type": "Point", "coordinates": [ 15579026.258823, -5929121.199927000328898 ] } },
{ "type": "Feature", "properties": { "Type": "End", "ID": 1910, "OUT_ID": 1719.0, "catchment_area": 22918558812.864918 }, "geometry": { "type": "Point", "coordinates": [ 15580915.673573, -5832774.013756000436842 ] } },
{ "type": "Feature", "properties": { "Type": "Start", "ID": 1911, "OUT_ID": 1720.0, "catchment_area": null }, "geometry": { "type": "Point", "coordinates": [ 15028131.257092, -5857539.679796 ] } },
{ "type": "Feature", "properties": { "Type": "End", "ID": 1911, "OUT_ID": 1720.0, "catchment_area": 12223231366.86129 }, "geometry": { "type": "Point", "coordinates": [ 15027234.349957, -5811880.378902000375092 ] } },
{ "type": "Feature", "properties": { "Type": "Start", "ID": 1921, "OUT_ID": 2115.0, "catchment_area": null }, "geometry": { "type": "Point", "coordinates": [ -4809394.439097000285983, -1391136.777015999890864 ] } },
{ "type": "Feature", "properties": { "Type": "End", "ID": 1921, "OUT_ID": 2115.0, "catchment_area": 660600173782.24451 }, "geometry": { "type": "Point", "coordinates": [ -4059101.088639, -1152599.806591 ] } },
{ "type": "Feature", "properties": { "Type": "Start", "ID": 1922, "OUT_ID": 1923.0, "catchment_area": null }, "geometry": { "type": "Point", "coordinates": [ -4426770.931429999880493, -1395101.642804 ] } },
{ "type": "Feature", "properties": { "Type": "End", "ID": 1922, "OUT_ID": 1923.0, "catchment_area": 108481178380.89395 }, "geometry": { "type": "Point", "coordinates": [ -4299377.88945300038904, -1403323.424832 ] } },
{ "type": "Feature", "properties": { "Type": "Start", "ID": 1942, "OUT_ID": 1941.0, "catchment_area": null }, "geometry": { "type": "Point", "coordinates": [ 1551645.090138, -1484025.686364 ] } },
{ "type": "Feature", "properties": { "Type": "End", "ID": 1942, "OUT_ID": 1941.0, "catchment_area": 12659775344.249193 }, "geometry": { "type": "Point", "coordinates": [ 1446371.695236, -1403323.424832 ] } },
{ "type": "Feature", "properties": { "Type": "Start", "ID": 1943, "OUT_ID": 1374.0, "catchment_area": null }, "geometry": { "type": "Point", "coordinates": [ 1842154.198258, -1475558.277729 ] } },
{ "type": "Feature", "properties": { "Type": "End", "ID": 1943, "OUT_ID": 1374.0, "catchment_area": 2063870789095.6594 }, "geometry": { "type": "Point", "coordinates": [ 4016288.782207, -1998792.018154 ] } },
{ "type": "Feature", "properties": { "Type": "Start", "ID": 1944, "OUT_ID": 1374.0, "catchment_area": null }, "geometry": { "type": "Point", "coordinates": [ 2137115.35464, -1466004.199575 ] } },
{ "type": "Feature", "properties": { "Type": "End", "ID": 1944, "OUT_ID": 1374.0, "catchment_area": 2063870789095.6594 }, "geometry": { "type": "Point", "coordinates": [ 4016288.782207, -1998792.018154 ] } },
{ "type": "Feature", "properties": { "Type": "Start", "ID": 1945, "OUT_ID": 1374.0, "catchment_area": null }, "geometry": { "type": "Point", "coordinates": [ 2437440.21582099981606, -1455558.437219 ] } },
{ "type": "Feature", "properties": { "Type": "End", "ID": 1945, "OUT_ID": 1374.0, "catchment_area": 2063870789095.6594 }, "geometry": { "type": "Point", "coordinates": [ 4016288.782207, -1998792.018154 ] } },
{ "type": "Feature", "properties": { "Type": "Start", "ID": 1946, "OUT_ID": 1374.0, "catchment_area": null }, "geometry": { "type": "Point", "coordinates": [ 2744170.506256000138819, -1444479.317611 ] } },
{ "type": "Feature", "properties": { "Type": "End", "ID": 1946, "OUT_ID": 1374.0, "catchment_area": 2063870789095.6594 }, "geometry": { "type": "Point", "coordinates": [ 4016288.782207, -1998792.018154 ] } },
{ "type": "Feature", "properties": { "Type": "Start", "ID": 1947, "OUT_ID": 1374.0, "catchment_area": null }, "geometry": { "type": "Point", "coordinates": [ 3058523.244089, -1433104.395759 ] } },
{ "type": "Feature", "properties": { "Type": "End", "ID": 1947, "OUT_ID": 1374.0, "catchment_area": 2063870789095.6594 }, "geometry": { "type": "Point", "coordinates": [ 4016288.782207, -1998792.018154 ] } },
{ "type": "Feature", "properties": { "Type": "Start", "ID": 1948, "OUT_ID": 3092.0, "catchment_area": null }, "geometry": { "type": "Point", "coordinates": [ 3381952.398792999796569, -1421867.976083 ] } },
{ "type": "Feature", "properties": { "Type": "End", "ID": 1948, "OUT_ID": 3092.0, "catchment_area": 3856320360250.3901 }, "geometry": { "type": "Point", "coordinates": [ 1028498.998168, 38337.38005400000111 ] } },
{ "type": "Feature", "properties": { "Type": "Start", "ID": 1949, "OUT_ID": 1374.0, "catchment_area": null }, "geometry": { "type": "Point", "coordinates": [ 3716232.93627, -1411318.200653 ] } },
{ "type": "Feature", "properties": { "Type": "End", "ID": 1949, "OUT_ID": 1374.0, "catchment_area": 2063870789095.6594 }, "geometry": { "type": "Point", "coordinates": [ 4016288.782207, -1998792.018154 ] } },
{ "type": "Feature", "properties": { "Type": "Start", "ID": 1950, "OUT_ID": 2335.0, "catchment_area": null }, "geometry": { "type": "Point", "coordinates": [ 4063574.34136, -1402129.342242 ] } },
{ "type": "Feature", "properties": { "Type": "End", "ID": 1950, "OUT_ID": 2335.0, "catchment_area": 162503495582.64697 }, "geometry": { "type": "Point", "coordinates": [ 4486395.566408, -1152599.806591 ] } },
{ "type": "Feature", "properties": { "Type": "Start", "ID": 1951, "OUT_ID": 1952.0, "catchment_area": null }, "geometry": { "type": "Point", "coordinates": [ 4426770.931429999880493, -1395101.642804 ] } },
{ "type": "Feature", "properties": { "Type": "End", "ID": 1951, "OUT_ID": 1952.0, "catchment_area": 75085564110.71936 }, "geometry": { "type": "Point", "coordinates": [ 4507289.201262, -1371982.972551 ] } },
{ "type": "Feature", "properties": { "Type": "Start", "ID": 1983, "OUT_ID": 2175.0, "catchment_area": null }, "geometry": { "type": "Point", "coordinates": [ 14445525.106165, -1395101.642804 ] } },
{ "type": "Feature", "properties": { "Type": "End", "ID": 1983, "OUT_ID": 2175.0, "catchment_area": 55659357116.957657 }, "geometry": { "type": "Point", "coordinates": [ 14442212.574061, -1392876.607405 ] } },
{ "type": "Feature", "properties": { "Type": "Start", "ID": 1984, "OUT_ID": 2176.0, "catchment_area": null }, "geometry": { "type": "Point", "coordinates": [ 14828148.608265, -1391136.777015999890864 ] } },
{ "type": "Feature", "properties": { "Type": "End", "ID": 1984, "OUT_ID": 2176.0, "catchment_area": 40271181914.034073 }, "geometry": { "type": "Point", "coordinates": [ 14651148.922596, -1246621.163431 ] } },
{ "type": "Feature", "properties": { "Type": "Start", "ID": 1985, "OUT_ID": 2759.0, "catchment_area": null }, "geometry": { "type": "Point", "coordinates": [ 2025509.76719, 4515612.144964000210166 ] } },
{ "type": "Feature", "properties": { "Type": "End", "ID": 1985, "OUT_ID": 2759.0, "catchment_area": 2253658283265.0503 }, "geometry": { "type": "Point", "coordinates": [ 1519499.417223, 5188618.371421 ] } },
{ "type": "Feature", "properties": { "Type": "Start", "ID": 1986, "OUT_ID": 2759.0, "catchment_area": null }, "geometry": { "type": "Point", "coordinates": [ 2163471.003285000100732, 4762268.587190000340343 ] } },
{ "type": "Feature", "properties": { "Type": "End", "ID": 1986, "OUT_ID": 2759.0, "catchment_area": 2253658283265.0503 }, "geometry": { "type": "Point", "coordinates": [ 1519499.417223, 5188618.371421 ] } },
{ "type": "Feature", "properties": { "Type": "Start", "ID": 1987, "OUT_ID": 2569.0, "catchment_area": null }, "geometry": { "type": "Point", "coordinates": [ 2324051.965838000178337, 4979985.368996 ] } },
{ "type": "Feature", "properties": { "Type": "End", "ID": 1987, "OUT_ID": 2569.0, "catchment_area": 1332550490976.5745 }, "geometry": { "type": "Point", "coordinates": [ 2104521.19311900017783, 5167724.736568000167608 ] } },
{ "type": "Feature", "properties": { "Type": "Start", "ID": 1988, "OUT_ID": 2569.0, "catchment_area": null }, "geometry": { "type": "Point", "coordinates": [ 2510003.929422, 5172575.128966 ] } },
{ "type": "Feature", "properties": { "Type": "End", "ID": 1988, "OUT_ID": 2569.0, "catchment_area": 1286276829373.4568 }, "geometry": { "type": "Point", "coordinates": [ 2303010.72422599978745, 5219958.823700999841094 ] } },
{ "type": "Feature", "properties": { "Type": "Start", "ID": 1989, "OUT_ID": 2571.0, "catchment_area": null }, "geometry": { "type": "Point", "coordinates": [ 2724943.155563999898732, 5342998.962221000343561 ] } },
{ "type": "Feature", "properties": { "Type": "End", "ID": 1989, "OUT_ID": 2571.0, "catchment_area": 31212894383.235081 }, "geometry": { "type": "Point", "coordinates": [ 2699989.786441000178456, 5345320.632822000421584 ] } },
{ "type": "Feature", "properties": { "Type": "Start", "ID": 1990, "OUT_ID": 2378.0, "catchment_area": null }, "geometry": { "type": "Point", "coordinates": [ 2973617.510714, 5493576.63102800026536 ] } },
{ "type": "Feature", "properties": { "Type": "End", "ID": 1990, "OUT_ID": 2378.0, "catchment_area": 1009726219698.2201 }, "geometry": { "type": "Point", "coordinates": [ 2898479.317549, 5491576.076795999892056 ] } },
{ "type": "Feature", "properties": { "Type": "Start", "ID": 1991, "OUT_ID": 2378.0, "catchment_area": null }, "geometry": { "type": "Point", "coordinates": [ 3262214.851295, 5626144.738540999591351 ] } },
{ "type": "Feature", "properties": { "Type": "End", "ID": 1991, "OUT_ID": 2378.0, "catchment_area": 287573345104.28125 }, "geometry": { "type": "Point", "coordinates": [ 3222330.65777700021863, 5512469.711648999713361 ] } },
{ "type": "Feature", "properties": { "Type": "Start", "ID": 1992, "OUT_ID": 2186.0, "catchment_area": null }, "geometry": { "type": "Point", "coordinates": [ 3598716.681268999818712, 5742172.405453000217676 ] } },
{ "type": "Feature", "properties": { "Type": "End", "ID": 1992, "OUT_ID": 2186.0, "catchment_area": 40052909925.340118 }, "geometry": { "type": "Point", "coordinates": [ 3890926.973086, 5773640.147316999733448 ] } },
{ "type": "Feature", "properties": { "Type": "Start", "ID": 1993, "OUT_ID": 2186.0, "catchment_area": null }, "geometry": { "type": "Point", "coordinates": [ 3993270.479100999888033, 5842844.514166000299156 ] } },
{ "type": "Feature", "properties": { "Type": "End", "ID": 1993, "OUT_ID": 2186.0, "catchment_area": 64935916636.4506 }, "geometry": { "type": "Point", "coordinates": [ 4026735.59963299985975, 5815427.417023999616504 ] } },
{ "type": "Feature", "properties": { "Type": "Start", "ID": 2001, "OUT_ID": 2193.0, "catchment_area": null }, "geometry": { "type": "Point", "coordinates": [ 10587271.354647, 6178458.043138000182807 ] } },
{ "type": "Feature", "properties": { "Type": "End", "ID": 2001, "OUT_ID": 2193.0, "catchment_area": 37106238077.971771 }, "geometry": { "type": "Point", "coordinates": [ 10587336.943606, 6181066.02695900015533 ] } },
{ "type": "Feature", "properties": { "Type": "Start", "ID": 2002, "OUT_ID": 2194.0, "catchment_area": null }, "geometry": { "type": "Point", "coordinates": [ 11691443.355875, 6166895.090727999806404 ] } },
{ "type": "Feature", "properties": { "Type": "End", "ID": 2002, "OUT_ID": 2194.0, "catchment_area": 75958652065.495163 }, "geometry": { "type": "Point", "coordinates": [ 11726040.043117, 6201959.661812 ] } },
{ "type": "Feature", "properties": { "Type": "Start", "ID": 2006, "OUT_ID": 2197.0, "catchment_area": null }, "geometry": { "type": "Point", "coordinates": [ 15028131.257092, 6001780.308774 ] } },
{ "type": "Feature", "properties": { "Type": "End", "ID": 2006, "OUT_ID": 2197.0, "catchment_area": 209868517129.23447 }, "geometry": { "type": "Point", "coordinates": [ 15027234.349957, 6024363.76555799972266 ] } },
{ "type": "Feature", "properties": { "Type": "Start", "ID": 2007, "OUT_ID": 2390.0, "catchment_area": null }, "geometry": { "type": "Point", "coordinates": [ 15579026.258823, 5929121.199927000328898 ] } },
{ "type": "Feature", "properties": { "Type": "End", "ID": 2007, "OUT_ID": 2390.0, "catchment_area": 314966479685.37219 }, "geometry": { "type": "Point", "coordinates": [ 16646491.051097, 6066151.035264999605715 ] } },
{ "type": "Feature", "properties": { "Type": "Start", "ID": 2008, "OUT_ID": 2390.0, "catchment_area": null }, "geometry": { "type": "Point", "coordinates": [ 16044237.869254, 5842844.514166000299156 ] } },
{ "type": "Feature", "properties": { "Type": "End", "ID": 2008, "OUT_ID": 2390.0, "catchment_area": 314966479685.37219 }, "geometry": { "type": "Point", "coordinates": [ 16646491.051097, 6066151.035264999605715 ] } },
{ "type": "Feature", "properties": { "Type": "Start", "ID": 2009, "OUT_ID": 2391.0, "catchment_area": null }, "geometry": { "type": "Point", "coordinates": [ 16438791.659294, 5742172.405453000217676 ] } },
{ "type": "Feature", "properties": { "Type": "End", "ID": 2009, "OUT_ID": 2391.0, "catchment_area": 434033849517.92279 }, "geometry": { "type": "Point", "coordinates": [ 17137491.470152001827955, 6024363.76555799972266 ] } },
{ "type": "Feature", "properties": { "Type": "Start", "ID": 2010, "OUT_ID": 2391.0, "catchment_area": null }, "geometry": { "type": "Point", "coordinates": [ 16775293.492607, 5626144.738540999591351 ] } },
{ "type": "Feature", "properties": { "Type": "End", "ID": 2010, "OUT_ID": 2391.0, "catchment_area": 434033849517.92279 }, "geometry": { "type": "Point", "coordinates": [ 17137491.470152001827955, 6024363.76555799972266 ] } },
{ "type": "Feature", "properties": { "Type": "Start", "ID": 2011, "OUT_ID": 2012.0, "catchment_area": null }, "geometry": { "type": "Point", "coordinates": [ 17063890.830961998552084, 5493576.63102800026536 ] } },
{ "type": "Feature", "properties": { "Type": "End", "ID": 2011, "OUT_ID": 2012.0, "catchment_area": 15169903214.229637 }, "geometry": { "type": "Point", "coordinates": [ 17158385.105005998164415, 5481129.259368999861181 ] } },
{ "type": "Feature", "properties": { "Type": "Start", "ID": 2013, "OUT_ID": 2012.0, "catchment_area": null }, "geometry": { "type": "Point", "coordinates": [ 17527504.416707001626492, 5172575.128966 ] } },
{ "type": "Feature", "properties": { "Type": "End", "ID": 2013, "OUT_ID": 2012.0, "catchment_area": 13096319321.637096 }, "geometry": { "type": "Point", "coordinates": [ 17335981.001260001212358, 5136384.284288000315428 ] } },
{ "type": "Feature", "properties": { "Type": "Start", "ID": 2041, "OUT_ID": 2040.0, "catchment_area": null }, "geometry": { "type": "Point", "coordinates": [ 18448897.545191001147032, -2300803.649412999860942 ] } },
{ "type": "Feature", "properties": { "Type": "End", "ID": 2041, "OUT_ID": 2040.0, "catchment_area": 43654397738.790321 }, "geometry": { "type": "Point", "coordinates": [ 18464237.283344, -2291302.906101999804378 ] } },
{ "type": "Feature", "properties": { "Type": "Start", "ID": 2049, "OUT_ID": 3013.0, "catchment_area": null }, "geometry": { "type": "Point", "coordinates": [ -11928512.593997, 4239832.041309 ] } },
{ "type": "Feature", "properties": { "Type": "End", "ID": 2049, "OUT_ID": 3013.0, "catchment_area": 11786687389.473387 }, "geometry": { "type": "Point", "coordinates": [ -10097361.561276, 3433553.043734 ] } },
{ "type": "Feature", "properties": { "Type": "Start", "ID": 2050, "OUT_ID": 1476.0, "catchment_area": null }, "geometry": { "type": "Point", "coordinates": [ -11840325.037356, 3959970.528684999793768 ] } },
{ "type": "Feature", "properties": { "Type": "End", "ID": 2050, "OUT_ID": 1476.0, "catchment_area": 811753525952.80603 }, "geometry": { "type": "Point", "coordinates": [ -12782193.63994, 3412659.408880999777466 ] } },
{ "type": "Feature", "properties": { "Type": "Start", "ID": 2051, "OUT_ID": 2630.0, "catchment_area": null }, "geometry": { "type": "Point", "coordinates": [ -11773436.595111, 3680909.026164 ] } },
{ "type": "Feature", "properties": { "Type": "End", "ID": 2051, "OUT_ID": 2630.0, "catchment_area": 853770883776.39172 }, "geometry": { "type": "Point", "coordinates": [ -10901766.503133, 2806743.998132000211626 ] } },
{ "type": "Feature", "properties": { "Type": "Start", "ID": 2052, "OUT_ID": 2630.0, "catchment_area": null }, "geometry": { "type": "Point", "coordinates": [ -11722101.734383, 3402827.641671999823302 ] } },
{ "type": "Feature", "properties": { "Type": "End", "ID": 2052, "OUT_ID": 2630.0, "catchment_area": 853770883776.39172 }, "geometry": { "type": "Point", "coordinates": [ -10901766.503133, 2806743.998132000211626 ] } },
{ "type": "Feature", "properties": { "Type": "Start", "ID": 2053, "OUT_ID": 2630.0, "catchment_area": null }, "geometry": { "type": "Point", "coordinates": [ -11682306.919987, 3125785.898665000218898 ] } },
{ "type": "Feature", "properties": { "Type": "End", "ID": 2053, "OUT_ID": 2630.0, "catchment_area": 853770883776.39172 }, "geometry": { "type": "Point", "coordinates": [ -10901766.503133, 2806743.998132000211626 ] } },
{ "type": "Feature", "properties": { "Type": "Start", "ID": 2054, "OUT_ID": 2630.0, "catchment_area": null }, "geometry": { "type": "Point", "coordinates": [ -11651198.08716, 2849787.267333 ] } },
{ "type": "Feature", "properties": { "Type": "End", "ID": 2054, "OUT_ID": 2630.0, "catchment_area": 853770883776.39172 }, "geometry": { "type": "Point", "coordinates": [ -10901766.503133, 2806743.998132000211626 ] } },
{ "type": "Feature", "properties": { "Type": "Start", "ID": 2055, "OUT_ID": 1864.0, "catchment_area": null }, "geometry": { "type": "Point", "coordinates": [ -11626717.472849, 2574807.174267999827862 ] } },
{ "type": "Feature", "properties": { "Type": "End", "ID": 2055, "OUT_ID": 1864.0, "catchment_area": 29684990462.377419 }, "geometry": { "type": "Point", "coordinates": [ -11737511.89727, 2420211.753343999851495 ] } },
{ "type": "Feature", "properties": { "Type": "Start", "ID": 2056, "OUT_ID": 1864.0, "catchment_area": null }, "geometry": { "type": "Point", "coordinates": [ -11607364.968993, 2300803.649412999860942 ] } },
{ "type": "Feature", "properties": { "Type": "End", "ID": 2056, "OUT_ID": 1864.0, "catchment_area": 135110361001.55605 }, "geometry": { "type": "Point", "coordinates": [ -11716618.262416, 2347084.031357000116259 ] } },
{ "type": "Feature", "properties": { "Type": "Start", "ID": 2099, "OUT_ID": 1715.0, "catchment_area": null }, "geometry": { "type": "Point", "coordinates": [ 17348815.494412001222372, -6143675.911739000119269 ] } },
{ "type": "Feature", "properties": { "Type": "End", "ID": 2099, "OUT_ID": 1715.0, "catchment_area": 153881752029.23587 }, "geometry": { "type": "Point", "coordinates": [ 18109045.490835998207331, -6156625.35398400016129 ] } },
{ "type": "Feature", "properties": { "Type": "Start", "ID": 2100, "OUT_ID": 1526.0, "catchment_area": null }, "geometry": { "type": "Point", "coordinates": [ 16451964.150299, -6108619.265615999698639 ] } },
{ "type": "Feature", "properties": { "Type": "End", "ID": 2100, "OUT_ID": 1526.0, "catchment_area": 19862750971.149597 }, "geometry": { "type": "Point", "coordinates": [ 16448001.519989, -5905901.735743000172079 ] } },
{ "type": "Feature", "properties": { "Type": "Start", "ID": 2101, "OUT_ID": 1718.0, "catchment_area": null }, "geometry": { "type": "Point", "coordinates": [ 15681252.806254, -6061447.755568999797106 ] } },
{ "type": "Feature", "properties": { "Type": "End", "ID": 2101, "OUT_ID": 1718.0, "catchment_area": 182802790531.18448 }, "geometry": { "type": "Point", "coordinates": [ 16103256.544908, -5864114.466036000289023 ] } },
{ "type": "Feature", "properties": { "Type": "Start", "ID": 2102, "OUT_ID": 1720.0, "catchment_area": null }, "geometry": { "type": "Point", "coordinates": [ 15028131.257092, -6001780.308774 ] } },
{ "type": "Feature", "properties": { "Type": "End", "ID": 2102, "OUT_ID": 1720.0, "catchment_area": 17134351112.475201 }, "geometry": { "type": "Point", "coordinates": [ 15069021.619664, -5811880.378902000375092 ] } },
{ "type": "Feature", "properties": { "Type": "Start", "ID": 2103, "OUT_ID": 1912.0, "catchment_area": null }, "geometry": { "type": "Point", "coordinates": [ 14477236.255361, -5929121.199927000328898 ] } },
{ "type": "Feature", "properties": { "Type": "End", "ID": 2103, "OUT_ID": 1912.0, "catchment_area": 145696552453.21271 }, "geometry": { "type": "Point", "coordinates": [ 14452659.391488, -5822327.196329000405967 ] } },
{ "type": "Feature", "properties": { "Type": "Start", "ID": 2104, "OUT_ID": 1913.0, "catchment_area": null }, "geometry": { "type": "Point", "coordinates": [ 14012024.64493, -5842844.514166000299156 ] } },
{ "type": "Feature", "properties": { "Type": "End", "ID": 2104, "OUT_ID": 1913.0, "catchment_area": 16479535146.393347 }, "geometry": { "type": "Point", "coordinates": [ 14013893.059566, -5822327.196329000405967 ] } },
{ "type": "Feature", "properties": { "Type": "Start", "ID": 2113, "OUT_ID": 2115.0, "catchment_area": null }, "geometry": { "type": "Point", "coordinates": [ -4808077.017451000399888, -1139946.25123 ] } },
{ "type": "Feature", "properties": { "Type": "End", "ID": 2113, "OUT_ID": 2115.0, "catchment_area": 660600173782.24451 }, "geometry": { "type": "Point", "coordinates": [ -4059101.088639, -1152599.806591 ] } },
{ "type": "Feature", "properties": { "Type": "Start", "ID": 2114, "OUT_ID": 1923.0, "catchment_area": null }, "geometry": { "type": "Point", "coordinates": [ -4423036.028931000269949, -1143053.657193 ] } },
{ "type": "Feature", "properties": { "Type": "End", "ID": 2114, "OUT_ID": 1923.0, "catchment_area": 23682510773.293751 }, "geometry": { "type": "Point", "coordinates": [ -4184462.897758999839425, -1298855.250564000103623 ] } },
{ "type": "Feature", "properties": { "Type": "Start", "ID": 2134, "OUT_ID": 2133.0, "catchment_area": null }, "geometry": { "type": "Point", "coordinates": [ 1544277.418545, -1213236.747844999888912 ] } },
{ "type": "Feature", "properties": { "Type": "End", "ID": 2134, "OUT_ID": 2133.0, "catchment_area": 11022735429.044556 }, "geometry": { "type": "Point", "coordinates": [ 1529946.23465, -1215280.711151000112295 ] } },
{ "type": "Feature", "properties": { "Type": "Start", "ID": 2135, "OUT_ID": 2325.0, "catchment_area": null }, "geometry": { "type": "Point", "coordinates": [ 1833880.95374, -1206520.261815 ] } },
{ "type": "Feature", "properties": { "Type": "End", "ID": 2135, "OUT_ID": 2325.0, "catchment_area": 192625030022.41229 }, "geometry": { "type": "Point", "coordinates": [ 1477712.147516, -954110.275482999975793 ] } },
{ "type": "Feature", "properties": { "Type": "Start", "ID": 2136, "OUT_ID": 3092.0, "catchment_area": null }, "geometry": { "type": "Point", "coordinates": [ 2128165.204129000194371, -1198949.045403 ] } },
{ "type": "Feature", "properties": { "Type": "End", "ID": 2136, "OUT_ID": 3092.0, "catchment_area": 3856320360250.3901 }, "geometry": { "type": "Point", "coordinates": [ 1028498.998168, 38337.38005400000111 ] } },
{ "type": "Feature", "properties": { "Type": "Start", "ID": 2137, "OUT_ID": 3092.0, "catchment_area": null }, "geometry": { "type": "Point", "coordinates": [ 2428085.603751, -1190680.491899 ] } },
{ "type": "Feature", "properties": { "Type": "End", "ID": 2137, "OUT_ID": 3092.0, "catchment_area": 3856320360250.3901 }, "geometry": { "type": "Point", "coordinates": [ 1028498.998168, 38337.38005400000111 ] } },
{ "type": "Feature", "properties": { "Type": "Start", "ID": 2138, "OUT_ID": 3092.0, "catchment_area": null }, "geometry": { "type": "Point", "coordinates": [ 2734729.557015, -1181921.957678 ] } },
{ "type": "Feature", "properties": { "Type": "End", "ID": 2138, "OUT_ID": 3092.0, "catchment_area": 3856320360250.3901 }, "geometry": { "type": "Point", "coordinates": [ 1028498.998168, 38337.38005400000111 ] } },
{ "type": "Feature", "properties": { "Type": "Start", "ID": 2139, "OUT_ID": 3092.0, "catchment_area": null }, "geometry": { "type": "Point", "coordinates": [ 3049360.031411, -1172942.67956 ] } },
{ "type": "Feature", "properties": { "Type": "End", "ID": 2139, "OUT_ID": 3092.0, "catchment_area": 3856320360250.3901 }, "geometry": { "type": "Point", "coordinates": [ 1028498.998168, 38337.38005400000111 ] } },
{ "type": "Feature", "properties": { "Type": "Start", "ID": 2140, "OUT_ID": 3092.0, "catchment_area": null }, "geometry": { "type": "Point", "coordinates": [ 3373474.036981, -1164086.770036 ] } },
{ "type": "Feature", "properties": { "Type": "End", "ID": 2140, "OUT_ID": 3092.0, "catchment_area": 3856320360250.3901 }, "geometry": { "type": "Point", "coordinates": [ 1028498.998168, 38337.38005400000111 ] } },
{ "type": "Feature", "properties": { "Type": "Start", "ID": 2141, "OUT_ID": 1374.0, "catchment_area": null }, "geometry": { "type": "Point", "coordinates": [ 3708881.118799999821931, -1155785.679658999899402 ] } },
{ "type": "Feature", "properties": { "Type": "End", "ID": 2141, "OUT_ID": 1374.0, "catchment_area": 2063870789095.6594 }, "geometry": { "type": "Point", "coordinates": [ 4016288.782207, -1998792.018154 ] } },
{ "type": "Feature", "properties": { "Type": "Start", "ID": 2142, "OUT_ID": 2335.0, "catchment_area": null }, "geometry": { "type": "Point", "coordinates": [ 4057808.003982, -1148566.937481 ] } },
{ "type": "Feature", "properties": { "Type": "End", "ID": 2142, "OUT_ID": 2335.0, "catchment_area": 109790810313.05766 }, "geometry": { "type": "Point", "coordinates": [ 4340140.122434999793768, -880982.553496 ] } },
{ "type": "Feature", "properties": { "Type": "Start", "ID": 2143, "OUT_ID": 2335.0, "catchment_area": null }, "geometry": { "type": "Point", "coordinates": [ 4423036.028931000269949, -1143053.657193 ] } },
{ "type": "Feature", "properties": { "Type": "End", "ID": 2143, "OUT_ID": 2335.0, "catchment_area": 19535342988.108669 }, "geometry": { "type": "Point", "coordinates": [ 4423714.661848000250757, -1089918.90203 ] } },
{ "type": "Feature", "properties": { "Type": "Start", "ID": 2177, "OUT_ID": 2759.0, "catchment_area": null }, "geometry": { "type": "Point", "coordinates": [ 1665394.113233, 4554063.743706 ] } },
{ "type": "Feature", "properties": { "Type": "End", "ID": 2177, "OUT_ID": 2759.0, "catchment_area": 2253658283265.0503 }, "geometry": { "type": "Point", "coordinates": [ 1519499.417223, 5188618.371421 ] } },
{ "type": "Feature", "properties": { "Type": "Start", "ID": 2178, "OUT_ID": 2759.0, "catchment_area": null }, "geometry": { "type": "Point", "coordinates": [ 1782170.794933000113815, 4804513.14682099968195 ] } },
{ "type": "Feature", "properties": { "Type": "End", "ID": 2178, "OUT_ID": 2759.0, "catchment_area": 2253658283265.0503 }, "geometry": { "type": "Point", "coordinates": [ 1519499.417223, 5188618.371421 ] } },
{ "type": "Feature", "properties": { "Type": "Start", "ID": 2179, "OUT_ID": 2759.0, "catchment_area": null }, "geometry": { "type": "Point", "coordinates": [ 1918610.261306, 5025576.917387000285089 ] } },
{ "type": "Feature", "properties": { "Type": "End", "ID": 2179, "OUT_ID": 2759.0, "catchment_area": 2253658283265.0503 }, "geometry": { "type": "Point", "coordinates": [ 1519499.417223, 5188618.371421 ] } },
{ "type": "Feature", "properties": { "Type": "Start", "ID": 2180, "OUT_ID": 2569.0, "catchment_area": null }, "geometry": { "type": "Point", "coordinates": [ 2077474.34224, 5221076.776483000256121 ] } },
{ "type": "Feature", "properties": { "Type": "End", "ID": 2180, "OUT_ID": 2569.0, "catchment_area": 1517536001394.6985 }, "geometry": { "type": "Point", "coordinates": [ 2052287.105985, 5199065.188848 ] } },
{ "type": "Feature", "properties": { "Type": "Start", "ID": 2181, "OUT_ID": 2569.0, "catchment_area": null }, "geometry": { "type": "Point", "coordinates": [ 2262456.803228000178933, 5394003.525616999715567 ] } },
{ "type": "Feature", "properties": { "Type": "End", "ID": 2181, "OUT_ID": 2569.0, "catchment_area": 1236292543962.542 }, "geometry": { "type": "Point", "coordinates": [ 2334351.176506999880075, 5324426.997968999668956 ] } },
{ "type": "Feature", "properties": { "Type": "Start", "ID": 2182, "OUT_ID": 2378.0, "catchment_area": null }, "geometry": { "type": "Point", "coordinates": [ 2478515.866712000221014, 5546716.525986 ] } },
{ "type": "Feature", "properties": { "Type": "End", "ID": 2182, "OUT_ID": 2378.0, "catchment_area": 287573345104.28125 }, "geometry": { "type": "Point", "coordinates": [ 3222330.65777700021863, 5512469.711648999713361 ] } },
{ "type": "Feature", "properties": { "Type": "Start", "ID": 2183, "OUT_ID": 2378.0, "catchment_area": null }, "geometry": { "type": "Point", "coordinates": [ 2732313.499938, 5681094.434568 ] } },
{ "type": "Feature", "properties": { "Type": "End", "ID": 2183, "OUT_ID": 2378.0, "catchment_area": 287573345104.28125 }, "geometry": { "type": "Point", "coordinates": [ 3222330.65777700021863, 5512469.711648999713361 ] } },
{ "type": "Feature", "properties": { "Type": "Start", "ID": 2184, "OUT_ID": 2571.0, "catchment_area": null }, "geometry": { "type": "Point", "coordinates": [ 3032806.862092, 5798646.448792999610305 ] } },
{ "type": "Feature", "properties": { "Type": "End", "ID": 2184, "OUT_ID": 2571.0, "catchment_area": 149734584244.05081 }, "geometry": { "type": "Point", "coordinates": [ 2689542.969015, 5752746.512464 ] } },
{ "type": "Feature", "properties": { "Type": "Start", "ID": 2185, "OUT_ID": 2378.0, "catchment_area": null }, "geometry": { "type": "Point", "coordinates": [ 3392035.326423999853432, 5900593.30938300024718 ] } },
{ "type": "Feature", "properties": { "Type": "End", "ID": 2185, "OUT_ID": 2378.0, "catchment_area": 18989663016.373791 }, "geometry": { "type": "Point", "coordinates": [ 3358139.284324000123888, 5972129.678423999808729 ] } },
{ "type": "Feature", "properties": { "Type": "Start", "ID": 2198, "OUT_ID": 2580.0, "catchment_area": null }, "geometry": { "type": "Point", "coordinates": [ 15681252.806254, 6061447.755568999797106 ] } },
{ "type": "Feature", "properties": { "Type": "End", "ID": 2198, "OUT_ID": 2580.0, "catchment_area": 16479535146.393347 }, "geometry": { "type": "Point", "coordinates": [ 15664490.212986, 6087044.670118000358343 ] } },
{ "type": "Feature", "properties": { "Type": "Start", "ID": 2199, "OUT_ID": 2580.0, "catchment_area": null }, "geometry": { "type": "Point", "coordinates": [ 16211399.892048, 5987925.926571000367403 ] } },
{ "type": "Feature", "properties": { "Type": "End", "ID": 2199, "OUT_ID": 2580.0, "catchment_area": 41799085834.891731 }, "geometry": { "type": "Point", "coordinates": [ 16186831.084322, 6045257.400410999543965 ] } },
{ "type": "Feature", "properties": { "Type": "Start", "ID": 2200, "OUT_ID": 2391.0, "catchment_area": null }, "geometry": { "type": "Point", "coordinates": [ 16645473.014139, 5900593.30938300024718 ] } },
{ "type": "Feature", "properties": { "Type": "End", "ID": 2200, "OUT_ID": 2391.0, "catchment_area": 434033849517.92279 }, "geometry": { "type": "Point", "coordinates": [ 17137491.470152001827955, 6024363.76555799972266 ] } },
{ "type": "Feature", "properties": { "Type": "Start", "ID": 2201, "OUT_ID": 2391.0, "catchment_area": null }, "geometry": { "type": "Point", "coordinates": [ 17004701.478471, 5798646.448792999610305 ] } },
{ "type": "Feature", "properties": { "Type": "End", "ID": 2201, "OUT_ID": 2391.0, "catchment_area": 434033849517.92279 }, "geometry": { "type": "Point", "coordinates": [ 17137491.470152001827955, 6024363.76555799972266 ] } },
{ "type": "Feature", "properties": { "Type": "Start", "ID": 2202, "OUT_ID": 2391.0, "catchment_area": null }, "geometry": { "type": "Point", "coordinates": [ 17305194.840625, 5681094.434568 ] } },
{ "type": "Feature", "properties": { "Type": "End", "ID": 2202, "OUT_ID": 2391.0, "catchment_area": 434033849517.92279 }, "geometry": { "type": "Point", "coordinates": [ 17137491.470152001827955, 6024363.76555799972266 ] } },
{ "type": "Feature", "properties": { "Type": "Start", "ID": 2204, "OUT_ID": 2203.0, "catchment_area": null }, "geometry": { "type": "Point", "coordinates": [ 17775051.535108, 5394003.525616999715567 ] } },
{ "type": "Feature", "properties": { "Type": "End", "ID": 2204, "OUT_ID": 2203.0, "catchment_area": 187604774282.45142 }, "geometry": { "type": "Point", "coordinates": [ 17753853.698328, 5439341.989662 ] } },
{ "type": "Feature", "properties": { "Type": "Start", "ID": 2205, "OUT_ID": 2206.0, "catchment_area": null }, "geometry": { "type": "Point", "coordinates": [ 17960034.005002, 5221076.776483000256121 ] } },
{ "type": "Feature", "properties": { "Type": "End", "ID": 2205, "OUT_ID": 2206.0, "catchment_area": 12550639349.902218 }, "geometry": { "type": "Point", "coordinates": [ 18004577.316569, 5240852.458555 ] } },
{ "type": "Feature", "properties": { "Type": "Start", "ID": 2241, "OUT_ID": 3013.0, "catchment_area": null }, "geometry": { "type": "Point", "coordinates": [ -11586388.33603, 4274139.056154999881983 ] } },
{ "type": "Feature", "properties": { "Type": "End", "ID": 2241, "OUT_ID": 3013.0, "catchment_area": 11786687389.473387 }, "geometry": { "type": "Point", "coordinates": [ -10097361.561276, 3433553.043734 ] } },
{ "type": "Feature", "properties": { "Type": "Start", "ID": 2242, "OUT_ID": 3013.0, "catchment_area": null }, "geometry": { "type": "Point", "coordinates": [ -11511967.427044, 3990270.585644000209868 ] } },
{ "type": "Feature", "properties": { "Type": "End", "ID": 2242, "OUT_ID": 3013.0, "catchment_area": 345306286113.83142 }, "geometry": { "type": "Point", "coordinates": [ -10243617.00525, 3454446.678588000126183 ] } },
{ "type": "Feature", "properties": { "Type": "Start", "ID": 2243, "OUT_ID": 3013.0, "catchment_area": null }, "geometry": { "type": "Point", "coordinates": [ -11455507.405828, 3707482.873771000187844 ] } },
{ "type": "Feature", "properties": { "Type": "End", "ID": 2243, "OUT_ID": 3013.0, "catchment_area": 304380288233.71552 }, "geometry": { "type": "Point", "coordinates": [ -10295851.092384, 3287297.599760000128299 ] } },
{ "type": "Feature", "properties": { "Type": "Start", "ID": 2244, "OUT_ID": 2630.0, "catchment_area": null }, "geometry": { "type": "Point", "coordinates": [ -11412139.792376, 3425993.893487 ] } },
{ "type": "Feature", "properties": { "Type": "End", "ID": 2244, "OUT_ID": 2630.0, "catchment_area": 101714746731.38145 }, "geometry": { "type": "Point", "coordinates": [ -10786851.511439, 3067914.433800000231713 ] } },
{ "type": "Feature", "properties": { "Type": "Start", "ID": 2245, "OUT_ID": 2630.0, "catchment_area": null }, "geometry": { "type": "Point", "coordinates": [ -11378483.145835, 3145871.691531000193208 ] } },
{ "type": "Feature", "properties": { "Type": "End", "ID": 2245, "OUT_ID": 2630.0, "catchment_area": 853770883776.39172 }, "geometry": { "type": "Point", "coordinates": [ -10901766.503133, 2806743.998132000211626 ] } },
{ "type": "Feature", "properties": { "Type": "Start", "ID": 2246, "OUT_ID": 2630.0, "catchment_area": null }, "geometry": { "type": "Point", "coordinates": [ -11352140.278895, 2867108.02698600012809 ] } },
{ "type": "Feature", "properties": { "Type": "End", "ID": 2246, "OUT_ID": 2630.0, "catchment_area": 853770883776.39172 }, "geometry": { "type": "Point", "coordinates": [ -10901766.503133, 2806743.998132000211626 ] } },
{ "type": "Feature", "properties": { "Type": "Start", "ID": 2247, "OUT_ID": 2630.0, "catchment_area": null }, "geometry": { "type": "Point", "coordinates": [ -11331384.949079, 2589654.317805000115186 ] } },
{ "type": "Feature", "properties": { "Type": "End", "ID": 2247, "OUT_ID": 2630.0, "catchment_area": 853770883776.39172 }, "geometry": { "type": "Point", "coordinates": [ -10901766.503133, 2806743.998132000211626 ] } },
{ "type": "Feature", "properties": { "Type": "Start", "ID": 2248, "OUT_ID": 1864.0, "catchment_area": null }, "geometry": { "type": "Point", "coordinates": [ -11314958.722942, 2313438.204440999776125 ] } },
{ "type": "Feature", "properties": { "Type": "End", "ID": 2248, "OUT_ID": 1864.0, "catchment_area": 135110361001.55605 }, "geometry": { "type": "Point", "coordinates": [ -11716618.262416, 2347084.031357000116259 ] } },
{ "type": "Feature", "properties": { "Type": "Start", "ID": 2249, "OUT_ID": 2250.0, "catchment_area": null }, "geometry": { "type": "Point", "coordinates": [ -11301935.344394, 2038370.796483 ] } },
{ "type": "Feature", "properties": { "Type": "End", "ID": 2249, "OUT_ID": 2250.0, "catchment_area": 114265386081.28366 }, "geometry": { "type": "Point", "coordinates": [ -11361426.469908, 1950104.969142 ] } },
{ "type": "Feature", "properties": { "Type": "Start", "ID": 2285, "OUT_ID": 2092.0, "catchment_area": null }, "geometry": { "type": "Point", "coordinates": [ -15835281.78967, -6169511.034466999582946 ] } },
{ "type": "Feature", "properties": { "Type": "End", "ID": 2285, "OUT_ID": 2092.0, "catchment_area": 130963193216.37097 }, "geometry": { "type": "Point", "coordinates": [ -15832664.328539, -6156625.35398400016129 ] } },
{ "type": "Feature", "properties": { "Type": "Start", "ID": 2286, "OUT_ID": 1901.0, "catchment_area": null }, "geometry": { "type": "Point", "coordinates": [ -16824709.98455, -6204957.913336999714375 ] } },
{ "type": "Feature", "properties": { "Type": "End", "ID": 2286, "OUT_ID": 1901.0, "catchment_area": 13205455315.984072 }, "geometry": { "type": "Point", "coordinates": [ -16825111.984076, -6198412.623691 ] } },
{ "type": "Feature", "properties": { "Type": "Start", "ID": 2290, "OUT_ID": 1715.0, "catchment_area": null }, "geometry": { "type": "Point", "coordinates": [ 18004980.796751, -6228432.233548999764025 ] } },
{ "type": "Feature", "properties": { "Type": "End", "ID": 2290, "OUT_ID": 1715.0, "catchment_area": 992810140574.43884 }, "geometry": { "type": "Point", "coordinates": [ 18004577.316569, -6261093.528250999748707 ] } },
{ "type": "Feature", "properties": { "Type": "Start", "ID": 2291, "OUT_ID": 1715.0, "catchment_area": null }, "geometry": { "type": "Point", "coordinates": [ 16824709.98455, -6204957.913336999714375 ] } },
{ "type": "Feature", "properties": { "Type": "End", "ID": 2291, "OUT_ID": 1715.0, "catchment_area": 983424445060.599 }, "geometry": { "type": "Point", "coordinates": [ 17858321.872595001012087, -6261093.528250999748707 ] } },
{ "type": "Feature", "properties": { "Type": "Start", "ID": 2292, "OUT_ID": 1718.0, "catchment_area": null }, "geometry": { "type": "Point", "coordinates": [ 15835281.78967, -6169511.034466999582946 ] } },
{ "type": "Feature", "properties": { "Type": "End", "ID": 2292, "OUT_ID": 1718.0, "catchment_area": 182802790531.18448 }, "geometry": { "type": "Point", "coordinates": [ 16103256.544908, -5864114.466036000289023 ] } },
{ "type": "Feature", "properties": { "Type": "Start", "ID": 2293, "OUT_ID": 1720.0, "catchment_area": null }, "geometry": { "type": "Point", "coordinates": [ 15028131.257092, -6121805.448185999877751 ] } },
{ "type": "Feature", "properties": { "Type": "End", "ID": 2293, "OUT_ID": 1720.0, "catchment_area": 14405951253.800806 }, "geometry": { "type": "Point", "coordinates": [ 15173489.793931, -5822327.196329000405967 ] } },
{ "type": "Feature", "properties": { "Type": "Start", "ID": 2294, "OUT_ID": 1912.0, "catchment_area": null }, "geometry": { "type": "Point", "coordinates": [ 14375009.70793, -6061447.755568999797106 ] } },
{ "type": "Feature", "properties": { "Type": "End", "ID": 2294, "OUT_ID": 1912.0, "catchment_area": 13205455315.984072 }, "geometry": { "type": "Point", "coordinates": [ 14379531.669501, -5853667.648609000258148 ] } },
{ "type": "Feature", "properties": { "Type": "Start", "ID": 2295, "OUT_ID": 2105.0, "catchment_area": null }, "geometry": { "type": "Point", "coordinates": [ 13844862.622136, -5987925.926571000367403 ] } },
{ "type": "Feature", "properties": { "Type": "End", "ID": 2295, "OUT_ID": 2105.0, "catchment_area": 17243487106.822178 }, "geometry": { "type": "Point", "coordinates": [ 13846743.980739, -5832774.013756000436842 ] } },
{ "type": "Feature", "properties": { "Type": "Start", "ID": 2296, "OUT_ID": 2105.0, "catchment_area": null }, "geometry": { "type": "Point", "coordinates": [ 13410789.500045, -5900593.30938300024718 ] } },
{ "type": "Feature", "properties": { "Type": "End", "ID": 2296, "OUT_ID": 2105.0, "catchment_area": 29466718473.683468 }, "geometry": { "type": "Point", "coordinates": [ 13407977.648817, -5843220.831182999536395 ] } },
{ "type": "Feature", "properties": { "Type": "Start", "ID": 2305, "OUT_ID": 2881.0, "catchment_area": null }, "geometry": { "type": "Point", "coordinates": [ -4807093.601032, -887641.914206000044942 ] } },
{ "type": "Feature", "properties": { "Type": "End", "ID": 2305, "OUT_ID": 2881.0, "catchment_area": 321078095368.8028 }, "geometry": { "type": "Point", "coordinates": [ -4654569.681961, -327301.229881 ] } },
{ "type": "Feature", "properties": { "Type": "Start", "ID": 2306, "OUT_ID": 2115.0, "catchment_area": null }, "geometry": { "type": "Point", "coordinates": [ -4420246.543941999785602, -889978.15198700001929 ] } },
{ "type": "Feature", "properties": { "Type": "End", "ID": 2306, "OUT_ID": 2115.0, "catchment_area": 660600173782.24451 }, "geometry": { "type": "Point", "coordinates": [ -4059101.088639, -1152599.806591 ] } },
{ "type": "Feature", "properties": { "Type": "Start", "ID": 2307, "OUT_ID": 2308.0, "catchment_area": null }, "geometry": { "type": "Point", "coordinates": [ -4053497.384906, -894126.194067999953404 ] } },
{ "type": "Feature", "properties": { "Type": "End", "ID": 2307, "OUT_ID": 2308.0, "catchment_area": 13532863299.025 }, "geometry": { "type": "Point", "coordinates": [ -3881505.192385000176728, -891429.370923000038601 ] } },
{ "type": "Feature", "properties": { "Type": "Start", "ID": 2326, "OUT_ID": 2325.0, "catchment_area": null }, "geometry": { "type": "Point", "coordinates": [ 1538728.708546, -943016.176011999952607 ] } },
{ "type": "Feature", "properties": { "Type": "End", "ID": 2326, "OUT_ID": 2325.0, "catchment_area": 13532863299.025 }, "geometry": { "type": "Point", "coordinates": [ 1477712.147516, -943663.458055999944918 ] } },
{ "type": "Feature", "properties": { "Type": "Start", "ID": 2327, "OUT_ID": 3092.0, "catchment_area": null }, "geometry": { "type": "Point", "coordinates": [ 1827653.518786, -937922.382085000048392 ] } },
{ "type": "Feature", "properties": { "Type": "End", "ID": 2327, "OUT_ID": 3092.0, "catchment_area": 3856320360250.3901 }, "geometry": { "type": "Point", "coordinates": [ 1028498.998168, 38337.38005400000111 ] } },
{ "type": "Feature", "properties": { "Type": "Start", "ID": 2328, "OUT_ID": 3092.0, "catchment_area": null }, "geometry": { "type": "Point", "coordinates": [ 2121432.603552000131458, -932183.961250999942422 ] } },
{ "type": "Feature", "properties": { "Type": "End", "ID": 2328, "OUT_ID": 3092.0, "catchment_area": 3856320360250.3901 }, "geometry": { "type": "Point", "coordinates": [ 1028498.998168, 38337.38005400000111 ] } },
{ "type": "Feature", "properties": { "Type": "Start", "ID": 2329, "OUT_ID": 3092.0, "catchment_area": null }, "geometry": { "type": "Point", "coordinates": [ 2421054.298471, -925921.866949000046588 ] } },
{ "type": "Feature", "properties": { "Type": "End", "ID": 2329, "OUT_ID": 3092.0, "catchment_area": 3856320360250.3901 }, "geometry": { "type": "Point", "coordinates": [ 1028498.998168, 38337.38005400000111 ] } },
{ "type": "Feature", "properties": { "Type": "Start", "ID": 2330, "OUT_ID": 3092.0, "catchment_area": null }, "geometry": { "type": "Point", "coordinates": [ 2727639.970416000112891, -919294.833226999966428 ] } },
{ "type": "Feature", "properties": { "Type": "End", "ID": 2330, "OUT_ID": 3092.0, "catchment_area": 3856320360250.3901 }, "geometry": { "type": "Point", "coordinates": [ 1028498.998168, 38337.38005400000111 ] } },
{ "type": "Feature", "properties": { "Type": "Start", "ID": 2331, "OUT_ID": 3092.0, "catchment_area": null }, "geometry": { "type": "Point", "coordinates": [ 3042486.317795, -912508.001462999964133 ] } },
{ "type": "Feature", "properties": { "Type": "End", "ID": 2331, "OUT_ID": 3092.0, "catchment_area": 3856320360250.3901 }, "geometry": { "type": "Point", "coordinates": [ 1028498.998168, 38337.38005400000111 ] } },
{ "type": "Feature", "properties": { "Type": "Start", "ID": 2332, "OUT_ID": 3092.0, "catchment_area": null }, "geometry": { "type": "Point", "coordinates": [ 3367121.418806000147015, -905822.233304 ] } },
{ "type": "Feature", "properties": { "Type": "End", "ID": 2332, "OUT_ID": 3092.0, "catchment_area": 3856320360250.3901 }, "geometry": { "type": "Point", "coordinates": [ 1028498.998168, 38337.38005400000111 ] } },
{ "type": "Feature", "properties": { "Type": "Start", "ID": 2333, "OUT_ID": 3092.0, "catchment_area": null }, "geometry": { "type": "Point", "coordinates": [ 3703379.12959, -899562.944069999968633 ] } },
{ "type": "Feature", "properties": { "Type": "End", "ID": 2333, "OUT_ID": 3092.0, "catchment_area": 3856320360250.3901 }, "geometry": { "type": "Point", "coordinates": [ 1028498.998168, 38337.38005400000111 ] } },
{ "type": "Feature", "properties": { "Type": "Start", "ID": 2334, "OUT_ID": 2335.0, "catchment_area": null }, "geometry": { "type": "Point", "coordinates": [ 4053497.384906, -894126.194067999953404 ] } },
{ "type": "Feature", "properties": { "Type": "End", "ID": 2334, "OUT_ID": 2335.0, "catchment_area": 109790810313.05766 }, "geometry": { "type": "Point", "coordinates": [ 4340140.122434999793768, -880982.553496 ] } },
{ "type": "Feature", "properties": { "Type": "Start", "ID": 2362, "OUT_ID": 2170.0, "catchment_area": null }, "geometry": { "type": "Point", "coordinates": [ 12746394.147377, -919294.833226999966428 ] } },
{ "type": "Feature", "properties": { "Type": "End", "ID": 2362, "OUT_ID": 2170.0, "catchment_area": 28484494524.560684 }, "geometry": { "type": "Point", "coordinates": [ 12749828.150935, -933216.640630000038072 ] } },
{ "type": "Feature", "properties": { "Type": "Start", "ID": 2369, "OUT_ID": 5781.0, "catchment_area": null }, "geometry": { "type": "Point", "coordinates": [ 1300407.259735, 4584749.705663999542594 ] } },
{ "type": "Feature", "properties": { "Type": "End", "ID": 2369, "OUT_ID": 5781.0, "catchment_area": 124524169549.8994 }, "geometry": { "type": "Point", "coordinates": [ 1425478.060383, 4436447.516698 ] } },
{ "type": "Feature", "properties": { "Type": "Start", "ID": 2370, "OUT_ID": 2759.0, "catchment_area": null }, "geometry": { "type": "Point", "coordinates": [ 1393737.513024, 4838154.119087999686599 ] } },
{ "type": "Feature", "properties": { "Type": "End", "ID": 2370, "OUT_ID": 2759.0, "catchment_area": 2253658283265.0503 }, "geometry": { "type": "Point", "coordinates": [ 1519499.417223, 5188618.371421 ] } },
{ "type": "Feature", "properties": { "Type": "Start", "ID": 2371, "OUT_ID": 2948.0, "catchment_area": null }, "geometry": { "type": "Point", "coordinates": [ 1503149.305005, 5061821.740628000348806 ] } },
{ "type": "Feature", "properties": { "Type": "End", "ID": 2371, "OUT_ID": 2948.0, "catchment_area": 360476189328.0611 }, "geometry": { "type": "Point", "coordinates": [ 735988.110220000031404, 5199065.188848 ] } },
{ "type": "Feature", "properties": { "Type": "Start", "ID": 2372, "OUT_ID": 2759.0, "catchment_area": null }, "geometry": { "type": "Point", "coordinates": [ 1631153.733999, 5259583.799805000424385 ] } },
{ "type": "Feature", "properties": { "Type": "End", "ID": 2372, "OUT_ID": 2759.0, "catchment_area": 2661172086156.6582 }, "geometry": { "type": "Point", "coordinates": [ 1310563.068689, 5324426.997968999668956 ] } },
{ "type": "Feature", "properties": { "Type": "Start", "ID": 2373, "OUT_ID": 2759.0, "catchment_area": null }, "geometry": { "type": "Point", "coordinates": [ 1781161.962048, 5434455.276385 ] } },
{ "type": "Feature", "properties": { "Type": "End", "ID": 2373, "OUT_ID": 2759.0, "catchment_area": 2661172086156.6582 }, "geometry": { "type": "Point", "coordinates": [ 1310563.068689, 5324426.997968999668956 ] } },
{ "type": "Feature", "properties": { "Type": "Start", "ID": 2374, "OUT_ID": 2569.0, "catchment_area": null }, "geometry": { "type": "Point", "coordinates": [ 1957846.153897, 5588826.672619 ] } },
{ "type": "Feature", "properties": { "Type": "End", "ID": 2374, "OUT_ID": 2569.0, "catchment_area": 83489035675.436493 }, "geometry": { "type": "Point", "coordinates": [ 1937372.114292, 5606491.06849000044167 ] } },
{ "type": "Feature", "properties": { "Type": "Start", "ID": 2375, "OUT_ID": 2378.0, "catchment_area": null }, "geometry": { "type": "Point", "coordinates": [ 2167658.457363000139594, 5724609.429801000282168 ] } },
{ "type": "Feature", "properties": { "Type": "End", "ID": 2375, "OUT_ID": 2378.0, "catchment_area": 287573345104.28125 }, "geometry": { "type": "Point", "coordinates": [ 3222330.65777700021863, 5512469.711648999713361 ] } },
{ "type": "Feature", "properties": { "Type": "Start", "ID": 2376, "OUT_ID": 2570.0, "catchment_area": null }, "geometry": { "type": "Point", "coordinates": [ 2419602.314938, 5843343.964808000251651 ] } },
{ "type": "Feature", "properties": { "Type": "End", "ID": 2376, "OUT_ID": 2570.0, "catchment_area": 86108299539.763916 }, "geometry": { "type": "Point", "coordinates": [ 2376138.446213, 5752746.512464 ] } },
{ "type": "Feature", "properties": { "Type": "Start", "ID": 2377, "OUT_ID": 2571.0, "catchment_area": null }, "geometry": { "type": "Point", "coordinates": [ 2726400.536979, 5946279.011725000105798 ] } },
{ "type": "Feature", "properties": { "Type": "End", "ID": 2377, "OUT_ID": 2571.0, "catchment_area": 11459279406.432459 }, "geometry": { "type": "Point", "coordinates": [ 2825351.595561999827623, 5993023.313277999870479 ] } },
{ "type": "Feature", "properties": { "Type": "Start", "ID": 2389, "OUT_ID": 2580.0, "catchment_area": null }, "geometry": { "type": "Point", "coordinates": [ 15835281.78967, 6169511.034466999582946 ] } },
{ "type": "Feature", "properties": { "Type": "End", "ID": 2389, "OUT_ID": 2580.0, "catchment_area": 99750298833.13588 }, "geometry": { "type": "Point", "coordinates": [ 15831639.291814, 6181066.02695900015533 ] } },
{ "type": "Feature", "properties": { "Type": "Start", "ID": 2392, "OUT_ID": 2391.0, "catchment_area": null }, "geometry": { "type": "Point", "coordinates": [ 17311107.80915, 5946279.011725000105798 ] } },
{ "type": "Feature", "properties": { "Type": "End", "ID": 2392, "OUT_ID": 2391.0, "catchment_area": 434033849517.92279 }, "geometry": { "type": "Point", "coordinates": [ 17137491.470152001827955, 6024363.76555799972266 ] } },
{ "type": "Feature", "properties": { "Type": "Start", "ID": 2393, "OUT_ID": 2584.0, "catchment_area": null }, "geometry": { "type": "Point", "coordinates": [ 17617906.028964001685381, 5843343.964808000251651 ] } },
{ "type": "Feature", "properties": { "Type": "End", "ID": 2393, "OUT_ID": 2584.0, "catchment_area": 258215762624.94476 }, "geometry": { "type": "Point", "coordinates": [ 17941896.412009, 5972129.678423999808729 ] } },
{ "type": "Feature", "properties": { "Type": "Start", "ID": 2394, "OUT_ID": 2584.0, "catchment_area": null }, "geometry": { "type": "Point", "coordinates": [ 17869849.888765998184681, 5724609.429801000282168 ] } },
{ "type": "Feature", "properties": { "Type": "End", "ID": 2394, "OUT_ID": 2584.0, "catchment_area": 258215762624.94476 }, "geometry": { "type": "Point", "coordinates": [ 17941896.412009, 5972129.678423999808729 ] } },
{ "type": "Feature", "properties": { "Type": "Start", "ID": 2433, "OUT_ID": 5265.0, "catchment_area": null }, "geometry": { "type": "Point", "coordinates": [ -11241191.148047, 4301588.132453000172973 ] } },
{ "type": "Feature", "properties": { "Type": "End", "ID": 2433, "OUT_ID": 5265.0, "catchment_area": 2131425969596.4375 }, "geometry": { "type": "Point", "coordinates": [ -10348085.179517, 5324426.997968999668956 ] } },
{ "type": "Feature", "properties": { "Type": "Start", "ID": 2434, "OUT_ID": 3013.0, "catchment_area": null }, "geometry": { "type": "Point", "coordinates": [ -11181889.318343, 4014579.138371999841183 ] } },
{ "type": "Feature", "properties": { "Type": "End", "ID": 2434, "OUT_ID": 3013.0, "catchment_area": 11786687389.473387 }, "geometry": { "type": "Point", "coordinates": [ -10097361.561276, 3433553.043734 ] } },
{ "type": "Feature", "properties": { "Type": "Start", "ID": 2435, "OUT_ID": 3013.0, "catchment_area": null }, "geometry": { "type": "Point", "coordinates": [ -11136901.794792, 3728858.362729 ] } },
{ "type": "Feature", "properties": { "Type": "End", "ID": 2435, "OUT_ID": 3013.0, "catchment_area": 304380288233.71552 }, "geometry": { "type": "Point", "coordinates": [ -10295851.092384, 3287297.599760000128299 ] } },
{ "type": "Feature", "properties": { "Type": "Start", "ID": 2436, "OUT_ID": 3013.0, "catchment_area": null }, "geometry": { "type": "Point", "coordinates": [ -11102330.387015, 3444674.585709999781102 ] } },
{ "type": "Feature", "properties": { "Type": "End", "ID": 2436, "OUT_ID": 3013.0, "catchment_area": 304380288233.71552 }, "geometry": { "type": "Point", "coordinates": [ -10295851.092384, 3287297.599760000128299 ] } },
{ "type": "Feature", "properties": { "Type": "Start", "ID": 2437, "OUT_ID": 2630.0, "catchment_area": null }, "geometry": { "type": "Point", "coordinates": [ -11075480.590038, 3162104.848183 ] } },
{ "type": "Feature", "properties": { "Type": "End", "ID": 2437, "OUT_ID": 2630.0, "catchment_area": 54677133167.834877 }, "geometry": { "type": "Point", "coordinates": [ -10880872.868279, 2973893.076959 ] } },
{ "type": "Feature", "properties": { "Type": "Start", "ID": 2438, "OUT_ID": 2630.0, "catchment_area": null }, "geometry": { "type": "Point", "coordinates": [ -11054447.555942, 2881134.445944999810308 ] } },
{ "type": "Feature", "properties": { "Type": "End", "ID": 2438, "OUT_ID": 2630.0, "catchment_area": 853770883776.39172 }, "geometry": { "type": "Point", "coordinates": [ -10901766.503133, 2806743.998132000211626 ] } },
{ "type": "Feature", "properties": { "Type": "Start", "ID": 2439, "OUT_ID": 2631.0, "catchment_area": null }, "geometry": { "type": "Point", "coordinates": [ -11037861.355903, 2601698.508464000187814 ] } },
{ "type": "Feature", "properties": { "Type": "End", "ID": 2439, "OUT_ID": 2631.0, "catchment_area": 22700286824.170967 }, "geometry": { "type": "Point", "coordinates": [ -10880872.868279, 2556020.379891000222415 ] } },
{ "type": "Feature", "properties": { "Type": "Start", "ID": 2440, "OUT_ID": 2632.0, "catchment_area": null }, "geometry": { "type": "Point", "coordinates": [ -11024723.568749, 2323702.894578 ] } },
{ "type": "Feature", "properties": { "Type": "End", "ID": 2440, "OUT_ID": 2632.0, "catchment_area": 125724665487.71613 }, "geometry": { "type": "Point", "coordinates": [ -10964447.407693, 2378424.483637 ] } },
{ "type": "Feature", "properties": { "Type": "Start", "ID": 2441, "OUT_ID": 2250.0, "catchment_area": null }, "geometry": { "type": "Point", "coordinates": [ -11014299.08509, 2047034.43884 ] } },
{ "type": "Feature", "properties": { "Type": "End", "ID": 2441, "OUT_ID": 2250.0, "catchment_area": 114265386081.28366 }, "geometry": { "type": "Point", "coordinates": [ -11361426.469908, 1950104.969142 ] } },
{ "type": "Feature", "properties": { "Type": "Start", "ID": 2475, "OUT_ID": 2282.0, "catchment_area": null }, "geometry": { "type": "Point", "coordinates": [ -13604298.363885, -6108619.265615999698639 ] } },
{ "type": "Feature", "properties": { "Type": "End", "ID": 2475, "OUT_ID": 2282.0, "catchment_area": 14078543270.759878 }, "geometry": { "type": "Point", "coordinates": [ -13607492.21665, -6104391.266850000247359 ] } },
{ "type": "Feature", "properties": { "Type": "Start", "ID": 2476, "OUT_ID": 2283.0, "catchment_area": null }, "geometry": { "type": "Point", "coordinates": [ -14220980.724514, -6169511.034466999582946 ] } },
{ "type": "Feature", "properties": { "Type": "End", "ID": 2476, "OUT_ID": 2283.0, "catchment_area": 26410910631.968143 }, "geometry": { "type": "Point", "coordinates": [ -14265641.714533, -6125284.90170400030911 ] } },
{ "type": "Feature", "properties": { "Type": "Start", "ID": 2477, "OUT_ID": 1902.0, "catchment_area": null }, "geometry": { "type": "Point", "coordinates": [ -15028131.257092, -6217629.775801000185311 ] } },
{ "type": "Feature", "properties": { "Type": "End", "ID": 2477, "OUT_ID": 1902.0, "catchment_area": 237807331682.06027 }, "geometry": { "type": "Point", "coordinates": [ -17702644.647920001298189, -6229753.075970999896526 ] } },
{ "type": "Feature", "properties": { "Type": "Start", "ID": 2478, "OUT_ID": 1902.0, "catchment_area": null }, "geometry": { "type": "Point", "coordinates": [ -16091867.293751, -6253378.588068 ] } },
{ "type": "Feature", "properties": { "Type": "End", "ID": 2478, "OUT_ID": 1902.0, "catchment_area": 237807331682.06027 }, "geometry": { "type": "Point", "coordinates": [ -17702644.647920001298189, -6229753.075970999896526 ] } },
{ "type": "Feature", "properties": { "Type": "Start", "ID": 2479, "OUT_ID": 2095.0, "catchment_area": null }, "geometry": { "type": "Point", "coordinates": [ -17468424.224108, -6277050.458614000119269 ] } },
{ "type": "Feature", "properties": { "Type": "End", "ID": 2479, "OUT_ID": 2095.0, "catchment_area": 603412912744.4292 }, "geometry": { "type": "Point", "coordinates": [ -18298113.241241998970509, -6292433.980530999600887 ] } },
{ "type": "Feature", "properties": { "Type": "Start", "ID": 2482, "OUT_ID": 1715.0, "catchment_area": null }, "geometry": { "type": "Point", "coordinates": [ 17468424.224108, -6277050.458614000119269 ] } },
{ "type": "Feature", "properties": { "Type": "End", "ID": 2482, "OUT_ID": 1715.0, "catchment_area": 983424445060.599 }, "geometry": { "type": "Point", "coordinates": [ 17858321.872595001012087, -6261093.528250999748707 ] } },
{ "type": "Feature", "properties": { "Type": "Start", "ID": 2483, "OUT_ID": 1715.0, "catchment_area": null }, "geometry": { "type": "Point", "coordinates": [ 16091867.293751, -6253378.588068 ] } },
{ "type": "Feature", "properties": { "Type": "End", "ID": 2483, "OUT_ID": 1715.0, "catchment_area": 983424445060.599 }, "geometry": { "type": "Point", "coordinates": [ 17858321.872595001012087, -6261093.528250999748707 ] } },
{ "type": "Feature", "properties": { "Type": "Start", "ID": 2484, "OUT_ID": 1715.0, "catchment_area": null }, "geometry": { "type": "Point", "coordinates": [ 15028131.257092, -6217629.775801000185311 ] } },
{ "type": "Feature", "properties": { "Type": "End", "ID": 2484, "OUT_ID": 1715.0, "catchment_area": 983424445060.599 }, "geometry": { "type": "Point", "coordinates": [ 17858321.872595001012087, -6261093.528250999748707 ] } },
{ "type": "Feature", "properties": { "Type": "Start", "ID": 2485, "OUT_ID": 1715.0, "catchment_area": null }, "geometry": { "type": "Point", "coordinates": [ 14220980.724514, -6169511.034466999582946 ] } },
{ "type": "Feature", "properties": { "Type": "End", "ID": 2485, "OUT_ID": 1715.0, "catchment_area": 983424445060.599 }, "geometry": { "type": "Point", "coordinates": [ 17858321.872595001012087, -6261093.528250999748707 ] } },
{ "type": "Feature", "properties": { "Type": "Start", "ID": 2486, "OUT_ID": 2105.0, "catchment_area": null }, "geometry": { "type": "Point", "coordinates": [ 13604298.363885, -6108619.265615999698639 ] } },
{ "type": "Feature", "properties": { "Type": "End", "ID": 2486, "OUT_ID": 2105.0, "catchment_area": 60461340868.224594 }, "geometry": { "type": "Point", "coordinates": [ 13606467.179925, -5843220.831182999536395 ] } },
{ "type": "Feature", "properties": { "Type": "Start", "ID": 2487, "OUT_ID": 2297.0, "catchment_area": null }, "geometry": { "type": "Point", "coordinates": [ 13125023.283508, -6034429.586570999585092 ] } },
{ "type": "Feature", "properties": { "Type": "End", "ID": 2487, "OUT_ID": 2297.0, "catchment_area": 11350143412.085484 }, "geometry": { "type": "Point", "coordinates": [ 13125913.578296, -5853667.648609000258148 ] } },
{ "type": "Feature", "properties": { "Type": "Start", "ID": 2488, "OUT_ID": 2297.0, "catchment_area": null }, "geometry": { "type": "Point", "coordinates": [ 12745154.705034, -5946279.011725000105798 ] } },
{ "type": "Feature", "properties": { "Type": "End", "ID": 2488, "OUT_ID": 2297.0, "catchment_area": 138602712820.65927 }, "geometry": { "type": "Point", "coordinates": [ 12885636.777482, -5832774.013756000436842 ] } },
{ "type": "Feature", "properties": { "Type": "Start", "ID": 2489, "OUT_ID": 2490.0, "catchment_area": null }, "geometry": { "type": "Point", "coordinates": [ 12438356.48522, -5843343.964808000251651 ] } },
{ "type": "Feature", "properties": { "Type": "End", "ID": 2489, "OUT_ID": 2490.0, "catchment_area": 76395196042.883057 }, "geometry": { "type": "Point", "coordinates": [ 12311061.819013, -5822327.196329000405967 ] } },
{ "type": "Feature", "properties": { "Type": "Start", "ID": 2497, "OUT_ID": 2881.0, "catchment_area": null }, "geometry": { "type": "Point", "coordinates": [ -4806394.379932999610901, -634547.685466 ] } },
{ "type": "Feature", "properties": { "Type": "End", "ID": 2497, "OUT_ID": 2881.0, "catchment_area": 321078095368.8028 }, "geometry": { "type": "Point", "coordinates": [ -4654569.681961, -327301.229881 ] } },
{ "type": "Feature", "properties": { "Type": "Start", "ID": 2498, "OUT_ID": 2691.0, "catchment_area": null }, "geometry": { "type": "Point", "coordinates": [ -4418262.395356999710202, -636174.757039000047371 ] } },
{ "type": "Feature", "properties": { "Type": "End", "ID": 2498, "OUT_ID": 2691.0, "catchment_area": 72793708229.432861 }, "geometry": { "type": "Point", "coordinates": [ -4194909.7151859998703, -504897.126135000027716 ] } },
{ "type": "Feature", "properties": { "Type": "Start", "ID": 2499, "OUT_ID": 2691.0, "catchment_area": null }, "geometry": { "type": "Point", "coordinates": [ -4050429.181516999844462, -639065.236065999954008 ] } },
{ "type": "Feature", "properties": { "Type": "End", "ID": 2499, "OUT_ID": 2691.0, "catchment_area": 38306734015.788506 }, "geometry": { "type": "Point", "coordinates": [ -4079994.723491999786347, -567578.030694999964908 ] } },
{ "type": "Feature", "properties": { "Type": "Start", "ID": 2518, "OUT_ID": 2517.0, "catchment_area": null }, "geometry": { "type": "Point", "coordinates": [ 1534759.425085, -673248.745231 ] } },
{ "type": "Feature", "properties": { "Type": "End", "ID": 2518, "OUT_ID": 2517.0, "catchment_area": 48783789473.098183 }, "geometry": { "type": "Point", "coordinates": [ 1383690.790676, -672046.204962000017986 ] } },
{ "type": "Feature", "properties": { "Type": "Start", "ID": 2519, "OUT_ID": 3092.0, "catchment_area": null }, "geometry": { "type": "Point", "coordinates": [ 1823199.653788999887183, -669680.814724000054412 ] } },
{ "type": "Feature", "properties": { "Type": "End", "ID": 2519, "OUT_ID": 3092.0, "catchment_area": 3856320360250.3901 }, "geometry": { "type": "Point", "coordinates": [ 1028498.998168, 38337.38005400000111 ] } },
{ "type": "Feature", "properties": { "Type": "Start", "ID": 2520, "OUT_ID": 3092.0, "catchment_area": null }, "geometry": { "type": "Point", "coordinates": [ 2116619.09867599979043, -665662.091389999957755 ] } },
{ "type": "Feature", "properties": { "Type": "End", "ID": 2520, "OUT_ID": 3092.0, "catchment_area": 3856320360250.3901 }, "geometry": { "type": "Point", "coordinates": [ 1028498.998168, 38337.38005400000111 ] } },
{ "type": "Feature", "properties": { "Type": "Start", "ID": 2521, "OUT_ID": 3092.0, "catchment_area": null }, "geometry": { "type": "Point", "coordinates": [ 2416029.70067200018093, -661278.24095100001432 ] } },
{ "type": "Feature", "properties": { "Type": "End", "ID": 2521, "OUT_ID": 3092.0, "catchment_area": 3856320360250.3901 }, "geometry": { "type": "Point", "coordinates": [ 1028498.998168, 38337.38005400000111 ] } },
{ "type": "Feature", "properties": { "Type": "Start", "ID": 2522, "OUT_ID": 3092.0, "catchment_area": null }, "geometry": { "type": "Point", "coordinates": [ 2722576.944015, -656641.454551000031643 ] } },
{ "type": "Feature", "properties": { "Type": "End", "ID": 2522, "OUT_ID": 3092.0, "catchment_area": 3856320360250.3901 }, "geometry": { "type": "Point", "coordinates": [ 1028498.998168, 38337.38005400000111 ] } },
{ "type": "Feature", "properties": { "Type": "Start", "ID": 2523, "OUT_ID": 3092.0, "catchment_area": null }, "geometry": { "type": "Point", "coordinates": [ 3037581.193639, -651896.218576999963261 ] } },
{ "type": "Feature", "properties": { "Type": "End", "ID": 2523, "OUT_ID": 3092.0, "catchment_area": 3856320360250.3901 }, "geometry": { "type": "Point", "coordinates": [ 1028498.998168, 38337.38005400000111 ] } },
{ "type": "Feature", "properties": { "Type": "Start", "ID": 2524, "OUT_ID": 3092.0, "catchment_area": null }, "geometry": { "type": "Point", "coordinates": [ 3362592.003498, -647225.512635000050068 ] } },
{ "type": "Feature", "properties": { "Type": "End", "ID": 2524, "OUT_ID": 3092.0, "catchment_area": 3856320360250.3901 }, "geometry": { "type": "Point", "coordinates": [ 1028498.998168, 38337.38005400000111 ] } },
{ "type": "Feature", "properties": { "Type": "Start", "ID": 2525, "OUT_ID": 3092.0, "catchment_area": null }, "geometry": { "type": "Point", "coordinates": [ 3699459.672733, -642856.646324999979697 ] } },
{ "type": "Feature", "properties": { "Type": "End", "ID": 2525, "OUT_ID": 3092.0, "catchment_area": 3856320360250.3901 }, "geometry": { "type": "Point", "coordinates": [ 1028498.998168, 38337.38005400000111 ] } },
{ "type": "Feature", "properties": { "Type": "Start", "ID": 2526, "OUT_ID": 2527.0, "catchment_area": null }, "geometry": { "type": "Point", "coordinates": [ 4050429.181516999844462, -639065.236065999954008 ] } },
{ "type": "Feature", "properties": { "Type": "End", "ID": 2526, "OUT_ID": 2527.0, "catchment_area": 159229415752.2377 }, "geometry": { "type": "Point", "coordinates": [ 4319246.487580999732018, -692939.839814999955706 ] } },
{ "type": "Feature", "properties": { "Type": "Start", "ID": 2551, "OUT_ID": 2359.0, "catchment_area": null }, "geometry": { "type": "Point", "coordinates": [ 11841953.819618, -669680.814724000054412 ] } },
{ "type": "Feature", "properties": { "Type": "End", "ID": 2551, "OUT_ID": 2359.0, "catchment_area": 12114095372.514315 }, "geometry": { "type": "Point", "coordinates": [ 11840955.034811, -651152.57010899996385 ] } },
{ "type": "Feature", "properties": { "Type": "Start", "ID": 2561, "OUT_ID": 5781.0, "catchment_area": null }, "geometry": { "type": "Point", "coordinates": [ 931607.517865999951027, 4607714.235197000205517 ] } },
{ "type": "Feature", "properties": { "Type": "End", "ID": 2561, "OUT_ID": 5781.0, "catchment_area": 124524169549.8994 }, "geometry": { "type": "Point", "coordinates": [ 1425478.060383, 4436447.516698 ] } },
{ "type": "Feature", "properties": { "Type": "Start", "ID": 2562, "OUT_ID": 2948.0, "catchment_area": null }, "geometry": { "type": "Point", "coordinates": [ 999647.383469, 4863291.10565899964422 ] } },
{ "type": "Feature", "properties": { "Type": "End", "ID": 2562, "OUT_ID": 2948.0, "catchment_area": 360476189328.0611 }, "geometry": { "type": "Point", "coordinates": [ 735988.110220000031404, 5199065.188848 ] } },
{ "type": "Feature", "properties": { "Type": "Start", "ID": 2563, "OUT_ID": 2948.0, "catchment_area": null }, "geometry": { "type": "Point", "coordinates": [ 1079627.270341, 5088870.917487000115216 ] } },
{ "type": "Feature", "properties": { "Type": "End", "ID": 2563, "OUT_ID": 2948.0, "catchment_area": 360476189328.0611 }, "geometry": { "type": "Point", "coordinates": [ 735988.110220000031404, 5199065.188848 ] } },
{ "type": "Feature", "properties": { "Type": "Start", "ID": 2564, "OUT_ID": 2759.0, "catchment_area": null }, "geometry": { "type": "Point", "coordinates": [ 1173557.231672, 5288293.179236999712884 ] } },
{ "type": "Feature", "properties": { "Type": "End", "ID": 2564, "OUT_ID": 2759.0, "catchment_area": 2752737185413.7705 }, "geometry": { "type": "Point", "coordinates": [ 1206094.894422, 5376661.085102000273764 ] } },
{ "type": "Feature", "properties": { "Type": "Start", "ID": 2565, "OUT_ID": 2759.0, "catchment_area": null }, "geometry": { "type": "Point", "coordinates": [ 1284202.325613, 5464591.193963999859989 ] } },
{ "type": "Feature", "properties": { "Type": "End", "ID": 2565, "OUT_ID": 2759.0, "catchment_area": 33177342281.480644 }, "geometry": { "type": "Point", "coordinates": [ 1226988.529275, 5439341.989662 ] } },
{ "type": "Feature", "properties": { "Type": "Start", "ID": 2566, "OUT_ID": 2759.0, "catchment_area": null }, "geometry": { "type": "Point", "coordinates": [ 1415412.63683, 5620178.521369 ] } },
{ "type": "Feature", "properties": { "Type": "End", "ID": 2566, "OUT_ID": 2759.0, "catchment_area": 2661172086156.6582 }, "geometry": { "type": "Point", "coordinates": [ 1310563.068689, 5324426.997968999668956 ] } },
{ "type": "Feature", "properties": { "Type": "Start", "ID": 2567, "OUT_ID": 2762.0, "catchment_area": null }, "geometry": { "type": "Point", "coordinates": [ 1572625.493492, 5756990.735724999569356 ] } },
{ "type": "Feature", "properties": { "Type": "End", "ID": 2567, "OUT_ID": 2762.0, "catchment_area": 51075645354.384674 }, "geometry": { "type": "Point", "coordinates": [ 1446371.695236, 5825874.234450999647379 ] } },
{ "type": "Feature", "properties": { "Type": "Start", "ID": 2568, "OUT_ID": 2569.0, "catchment_area": null }, "geometry": { "type": "Point", "coordinates": [ 1763663.32735, 5876591.233498999848962 ] } },
{ "type": "Feature", "properties": { "Type": "End", "ID": 2568, "OUT_ID": 2569.0, "catchment_area": 11131871423.391533 }, "geometry": { "type": "Point", "coordinates": [ 1749329.400611, 5909448.773864000104368 ] } },
{ "type": "Feature", "properties": { "Type": "Start", "ID": 2585, "OUT_ID": 2584.0, "catchment_area": null }, "geometry": { "type": "Point", "coordinates": [ 18273845.018778, 5876591.233498999848962 ] } },
{ "type": "Feature", "properties": { "Type": "End", "ID": 2585, "OUT_ID": 2584.0, "catchment_area": 258215762624.94476 }, "geometry": { "type": "Point", "coordinates": [ 17941896.412009, 5972129.678423999808729 ] } },
{ "type": "Feature", "properties": { "Type": "Start", "ID": 2586, "OUT_ID": 2972.0, "catchment_area": null }, "geometry": { "type": "Point", "coordinates": [ 18464882.84595799818635, 5756990.735724999569356 ] } },
{ "type": "Feature", "properties": { "Type": "End", "ID": 2586, "OUT_ID": 2972.0, "catchment_area": 278296785584.78827 }, "geometry": { "type": "Point", "coordinates": [ 19811876.731389001011848, 5742299.695036999881268 ] } },
{ "type": "Feature", "properties": { "Type": "Start", "ID": 2587, "OUT_ID": 2395.0, "catchment_area": null }, "geometry": { "type": "Point", "coordinates": [ 18622095.700394, 5620178.521369 ] } },
{ "type": "Feature", "properties": { "Type": "End", "ID": 2587, "OUT_ID": 2395.0, "catchment_area": 92874731189.276413 }, "geometry": { "type": "Point", "coordinates": [ 18192620.030250001698732, 5575150.616209999658167 ] } },
{ "type": "Feature", "properties": { "Type": "Start", "ID": 2624, "OUT_ID": 2816.0, "catchment_area": null }, "geometry": { "type": "Point", "coordinates": [ 19162645.659394, -4322168.634405000135303 ] } },
{ "type": "Feature", "properties": { "Type": "End", "ID": 2624, "OUT_ID": 2816.0, "catchment_area": 11022735429.044556 }, "geometry": { "type": "Point", "coordinates": [ 19247748.590347, -4349325.939163000322878 ] } },
{ "type": "Feature", "properties": { "Type": "Start", "ID": 2625, "OUT_ID": 5265.0, "catchment_area": null }, "geometry": { "type": "Point", "coordinates": [ -10893616.849224, 4322168.634405000135303 ] } },
{ "type": "Feature", "properties": { "Type": "End", "ID": 2625, "OUT_ID": 5265.0, "catchment_area": 2131425969596.4375 }, "geometry": { "type": "Point", "coordinates": [ -10348085.179517, 5324426.997968999668956 ] } },
{ "type": "Feature", "properties": { "Type": "Start", "ID": 2626, "OUT_ID": 3013.0, "catchment_area": null }, "geometry": { "type": "Point", "coordinates": [ -10850494.082992, 4032840.571229999884963 ] } },
{ "type": "Feature", "properties": { "Type": "End", "ID": 2626, "OUT_ID": 3013.0, "catchment_area": 11786687389.473387 }, "geometry": { "type": "Point", "coordinates": [ -10097361.561276, 3433553.043734 ] } },
{ "type": "Feature", "properties": { "Type": "Start", "ID": 2627, "OUT_ID": 3013.0, "catchment_area": null }, "geometry": { "type": "Point", "coordinates": [ -10817785.771646, 3744947.128870000131428 ] } },
{ "type": "Feature", "properties": { "Type": "End", "ID": 2627, "OUT_ID": 3013.0, "catchment_area": 345306286113.83142 }, "geometry": { "type": "Point", "coordinates": [ -10243617.00525, 3454446.678588000126183 ] } },
{ "type": "Feature", "properties": { "Type": "Start", "ID": 2628, "OUT_ID": 2821.0, "catchment_area": null }, "geometry": { "type": "Point", "coordinates": [ -10792644.737758, 3458760.390497 ] } },
{ "type": "Feature", "properties": { "Type": "End", "ID": 2628, "OUT_ID": 2821.0, "catchment_area": 45837117625.729836 }, "geometry": { "type": "Point", "coordinates": [ -10557021.528051, 3214169.877773 ] } },
{ "type": "Feature", "properties": { "Type": "Start", "ID": 2629, "OUT_ID": 2630.0, "catchment_area": null }, "geometry": { "type": "Point", "coordinates": [ -10773110.326722, 3174365.263001 ] } },
{ "type": "Feature", "properties": { "Type": "End", "ID": 2629, "OUT_ID": 2630.0, "catchment_area": 63735420698.633865 }, "geometry": { "type": "Point", "coordinates": [ -10692830.154599, 3088808.068653 ] } },
{ "type": "Feature", "properties": { "Type": "Start", "ID": 2633, "OUT_ID": 2825.0, "catchment_area": null }, "geometry": { "type": "Point", "coordinates": [ -10728541.292099, 2053610.28438499988988 ] } },
{ "type": "Feature", "properties": { "Type": "End", "ID": 2633, "OUT_ID": 2825.0, "catchment_area": 36560558106.236893 }, "geometry": { "type": "Point", "coordinates": [ -10703276.972025, 2065019.960836 ] } },
{ "type": "Feature", "properties": { "Type": "Start", "ID": 2634, "OUT_ID": 2827.0, "catchment_area": null }, "geometry": { "type": "Point", "coordinates": [ -10722516.193678, 1777048.372317 ] } },
{ "type": "Feature", "properties": { "Type": "End", "ID": 2634, "OUT_ID": 2827.0, "catchment_area": 16261263157.699394 }, "geometry": { "type": "Point", "coordinates": [ -10577915.162905, 1772509.072888 ] } },
{ "type": "Feature", "properties": { "Type": "Start", "ID": 2667, "OUT_ID": 2473.0, "catchment_area": null }, "geometry": { "type": "Point", "coordinates": [ -12707447.019772, -6143675.911739000119269 ] } },
{ "type": "Feature", "properties": { "Type": "End", "ID": 2667, "OUT_ID": 2473.0, "catchment_area": 13205455315.984072 }, "geometry": { "type": "Point", "coordinates": [ -12656831.83082, -6114838.084277000278234 ] } },
{ "type": "Feature", "properties": { "Type": "Start", "ID": 2668, "OUT_ID": 2094.0, "catchment_area": null }, "geometry": { "type": "Point", "coordinates": [ -13231552.529633, -6204957.913336999714375 ] } },
{ "type": "Feature", "properties": { "Type": "End", "ID": 2668, "OUT_ID": 2094.0, "catchment_area": 523416228888.09595 }, "geometry": { "type": "Point", "coordinates": [ -17274325.133425001055002, -6302880.797957999631763 ] } },
{ "type": "Feature", "properties": { "Type": "Start", "ID": 2669, "OUT_ID": 2094.0, "catchment_area": null }, "geometry": { "type": "Point", "coordinates": [ -13964395.220432, -6253378.588068 ] } },
{ "type": "Feature", "properties": { "Type": "End", "ID": 2669, "OUT_ID": 2094.0, "catchment_area": 523416228888.09595 }, "geometry": { "type": "Point", "coordinates": [ -17274325.133425001055002, -6302880.797957999631763 ] } },
{ "type": "Feature", "properties": { "Type": "Start", "ID": 2670, "OUT_ID": 1902.0, "catchment_area": null }, "geometry": { "type": "Point", "coordinates": [ -15028131.257092, -6289348.233222000300884 ] } },
{ "type": "Feature", "properties": { "Type": "End", "ID": 2670, "OUT_ID": 1902.0, "catchment_area": 237807331682.06027 }, "geometry": { "type": "Point", "coordinates": [ -17702644.647920001298189, -6229753.075970999896526 ] } },
{ "type": "Feature", "properties": { "Type": "Start", "ID": 2671, "OUT_ID": 2094.0, "catchment_area": null }, "geometry": { "type": "Point", "coordinates": [ -16597307.90912, -6313164.855707 ] } },
{ "type": "Feature", "properties": { "Type": "End", "ID": 2671, "OUT_ID": 2094.0, "catchment_area": 523416228888.09595 }, "geometry": { "type": "Point", "coordinates": [ -17274325.133425001055002, -6302880.797957999631763 ] } },
{ "type": "Feature", "properties": { "Type": "Start", "ID": 2672, "OUT_ID": 1903.0, "catchment_area": null }, "geometry": { "type": "Point", "coordinates": [ -18783270.938708998262882, -6325022.416190999560058 ] } },
{ "type": "Feature", "properties": { "Type": "End", "ID": 2672, "OUT_ID": 1903.0, "catchment_area": 644229774630.19812 }, "geometry": { "type": "Point", "coordinates": [ -18778666.842871, -6292433.980530999600887 ] } },
{ "type": "Feature", "properties": { "Type": "Start", "ID": 2673, "OUT_ID": 1714.0, "catchment_area": null }, "geometry": { "type": "Point", "coordinates": [ 18783270.938708998262882, -6325022.416190999560058 ] } },
{ "type": "Feature", "properties": { "Type": "End", "ID": 2673, "OUT_ID": 1714.0, "catchment_area": 1081428567984.1832 }, "geometry": { "type": "Point", "coordinates": [ 18788088.623572, -6313327.615384000353515 ] } },
{ "type": "Feature", "properties": { "Type": "Start", "ID": 2674, "OUT_ID": 1715.0, "catchment_area": null }, "geometry": { "type": "Point", "coordinates": [ 16597307.90912, -6313164.855707 ] } },
{ "type": "Feature", "properties": { "Type": "End", "ID": 2674, "OUT_ID": 1715.0, "catchment_area": 983424445060.599 }, "geometry": { "type": "Point", "coordinates": [ 17858321.872595001012087, -6261093.528250999748707 ] } },
{ "type": "Feature", "properties": { "Type": "Start", "ID": 2675, "OUT_ID": 1715.0, "catchment_area": null }, "geometry": { "type": "Point", "coordinates": [ 15028131.257092, -6289348.233222000300884 ] } },
{ "type": "Feature", "properties": { "Type": "End", "ID": 2675, "OUT_ID": 1715.0, "catchment_area": 983424445060.599 }, "geometry": { "type": "Point", "coordinates": [ 17858321.872595001012087, -6261093.528250999748707 ] } },
{ "type": "Feature", "properties": { "Type": "Start", "ID": 2676, "OUT_ID": 1715.0, "catchment_area": null }, "geometry": { "type": "Point", "coordinates": [ 13964395.220432, -6253378.588068 ] } },
{ "type": "Feature", "properties": { "Type": "End", "ID": 2676, "OUT_ID": 1715.0, "catchment_area": 983424445060.599 }, "geometry": { "type": "Point", "coordinates": [ 17858321.872595001012087, -6261093.528250999748707 ] } },
{ "type": "Feature", "properties": { "Type": "Start", "ID": 2677, "OUT_ID": 1715.0, "catchment_area": null }, "geometry": { "type": "Point", "coordinates": [ 13231552.529633, -6204957.913336999714375 ] } },
{ "type": "Feature", "properties": { "Type": "End", "ID": 2677, "OUT_ID": 1715.0, "catchment_area": 983424445060.599 }, "geometry": { "type": "Point", "coordinates": [ 17858321.872595001012087, -6261093.528250999748707 ] } },
{ "type": "Feature", "properties": { "Type": "Start", "ID": 2678, "OUT_ID": 2297.0, "catchment_area": null }, "geometry": { "type": "Point", "coordinates": [ 12707447.019772, -6143675.911739000119269 ] } },
{ "type": "Feature", "properties": { "Type": "End", "ID": 2678, "OUT_ID": 2297.0, "catchment_area": 138602712820.65927 }, "geometry": { "type": "Point", "coordinates": [ 12885636.777482, -5832774.013756000436842 ] } },
{ "type": "Feature", "properties": { "Type": "Start", "ID": 2679, "OUT_ID": 2490.0, "catchment_area": null }, "geometry": { "type": "Point", "coordinates": [ 12318015.440254, -6068998.125981000252068 ] } },
{ "type": "Feature", "properties": { "Type": "End", "ID": 2679, "OUT_ID": 2490.0, "catchment_area": 76395196042.883057 }, "geometry": { "type": "Point", "coordinates": [ 12311061.819013, -5822327.196329000405967 ] } },
{ "type": "Feature", "properties": { "Type": "Start", "ID": 2680, "OUT_ID": 2490.0, "catchment_area": null }, "geometry": { "type": "Point", "coordinates": [ 12018804.267126, -5980249.40864 ] } },
{ "type": "Feature", "properties": { "Type": "End", "ID": 2680, "OUT_ID": 2490.0, "catchment_area": 194807749909.35181 }, "geometry": { "type": "Point", "coordinates": [ 12018550.931065, -5832774.013756000436842 ] } },
{ "type": "Feature", "properties": { "Type": "Start", "ID": 2681, "OUT_ID": 2682.0, "catchment_area": null }, "geometry": { "type": "Point", "coordinates": [ 11782417.495405, -5876591.233498999848962 ] } },
{ "type": "Feature", "properties": { "Type": "End", "ID": 2681, "OUT_ID": 2682.0, "catchment_area": 15060767219.88266 }, "geometry": { "type": "Point", "coordinates": [ 11778274.130251, -5822327.196329000405967 ] } },
{ "type": "Feature", "properties": { "Type": "Start", "ID": 2689, "OUT_ID": 2881.0, "catchment_area": null }, "geometry": { "type": "Point", "coordinates": [ -4805945.653292000293732, -380928.491312000027392 ] } },
{ "type": "Feature", "properties": { "Type": "End", "ID": 2689, "OUT_ID": 2881.0, "catchment_area": 13532863299.025 }, "geometry": { "type": "Point", "coordinates": [ -4936633.75248199980706, -337748.047306999971624 ] } },
{ "type": "Feature", "properties": { "Type": "Start", "ID": 2690, "OUT_ID": 2882.0, "catchment_area": null }, "geometry": { "type": "Point", "coordinates": [ -4416988.649914000183344, -381888.124254999973346 ] } },
{ "type": "Feature", "properties": { "Type": "End", "ID": 2690, "OUT_ID": 2882.0, "catchment_area": 33177342281.480644 }, "geometry": { "type": "Point", "coordinates": [ -4393399.246294000186026, -337748.047306999971624 ] } },
{ "type": "Feature", "properties": { "Type": "Start", "ID": 2709, "OUT_ID": 2708.0, "catchment_area": null }, "geometry": { "type": "Point", "coordinates": [ 1248212.036266, -405614.855697 ] } },
{ "type": "Feature", "properties": { "Type": "End", "ID": 2709, "OUT_ID": 2708.0, "catchment_area": 11131871423.391533 }, "geometry": { "type": "Point", "coordinates": [ 1216541.711849, -410875.769294 ] } },
{ "type": "Feature", "properties": { "Type": "Start", "ID": 2710, "OUT_ID": 2900.0, "catchment_area": null }, "geometry": { "type": "Point", "coordinates": [ 1532203.930326, -403811.810015 ] } },
{ "type": "Feature", "properties": { "Type": "End", "ID": 2710, "OUT_ID": 2900.0, "catchment_area": 144714328504.0899 }, "geometry": { "type": "Point", "coordinates": [ 997158.545888000051491, -149705.33362700001453 ] } },
{ "type": "Feature", "properties": { "Type": "Start", "ID": 2711, "OUT_ID": 3092.0, "catchment_area": null }, "geometry": { "type": "Point", "coordinates": [ 1820331.018416, -401702.135327 ] } },
{ "type": "Feature", "properties": { "Type": "End", "ID": 2711, "OUT_ID": 3092.0, "catchment_area": 3856320360250.3901 }, "geometry": { "type": "Point", "coordinates": [ 1028498.998168, 38337.38005400000111 ] } },
{ "type": "Feature", "properties": { "Type": "Start", "ID": 2712, "OUT_ID": 3092.0, "catchment_area": null }, "geometry": { "type": "Point", "coordinates": [ 2113518.347693, -399324.09771499998169 ] } },
{ "type": "Feature", "properties": { "Type": "End", "ID": 2712, "OUT_ID": 3092.0, "catchment_area": 3856320360250.3901 }, "geometry": { "type": "Point", "coordinates": [ 1028498.998168, 38337.38005400000111 ] } },
{ "type": "Feature", "properties": { "Type": "Start", "ID": 2713, "OUT_ID": 3092.0, "catchment_area": null }, "geometry": { "type": "Point", "coordinates": [ 2412793.262362, -396729.10452 ] } },
{ "type": "Feature", "properties": { "Type": "End", "ID": 2713, "OUT_ID": 3092.0, "catchment_area": 3856320360250.3901 }, "geometry": { "type": "Point", "coordinates": [ 1028498.998168, 38337.38005400000111 ] } },
{ "type": "Feature", "properties": { "Type": "Start", "ID": 2714, "OUT_ID": 3092.0, "catchment_area": null }, "geometry": { "type": "Point", "coordinates": [ 2719316.77461599977687, -393984.465726000024006 ] } },
{ "type": "Feature", "properties": { "Type": "End", "ID": 2714, "OUT_ID": 3092.0, "catchment_area": 3856320360250.3901 }, "geometry": { "type": "Point", "coordinates": [ 1028498.998168, 38337.38005400000111 ] } },
{ "type": "Feature", "properties": { "Type": "Start", "ID": 2715, "OUT_ID": 3092.0, "catchment_area": null }, "geometry": { "type": "Point", "coordinates": [ 3034424.267502, -391176.588574 ] } },
{ "type": "Feature", "properties": { "Type": "End", "ID": 2715, "OUT_ID": 3092.0, "catchment_area": 3856320360250.3901 }, "geometry": { "type": "Point", "coordinates": [ 1028498.998168, 38337.38005400000111 ] } },
{ "type": "Feature", "properties": { "Type": "Start", "ID": 2716, "OUT_ID": 3092.0, "catchment_area": null }, "geometry": { "type": "Point", "coordinates": [ 3359678.713424, -388414.405793000012636 ] } },
{ "type": "Feature", "properties": { "Type": "End", "ID": 2716, "OUT_ID": 3092.0, "catchment_area": 3856320360250.3901 }, "geometry": { "type": "Point", "coordinates": [ 1028498.998168, 38337.38005400000111 ] } },
{ "type": "Feature", "properties": { "Type": "Start", "ID": 2717, "OUT_ID": 5596.0, "catchment_area": null }, "geometry": { "type": "Point", "coordinates": [ 3696940.449204000178725, -385832.596926999976858 ] } },
{ "type": "Feature", "properties": { "Type": "End", "ID": 2717, "OUT_ID": 5596.0, "catchment_area": 3991867265229.334 }, "geometry": { "type": "Point", "coordinates": [ 3546181.998005, 3287297.599760000128299 ] } },
{ "type": "Feature", "properties": { "Type": "Start", "ID": 2718, "OUT_ID": 2527.0, "catchment_area": null }, "geometry": { "type": "Point", "coordinates": [ 4048458.425779, -383593.763301 ] } },
{ "type": "Feature", "properties": { "Type": "End", "ID": 2718, "OUT_ID": 2527.0, "catchment_area": 107280682443.07721 }, "geometry": { "type": "Point", "coordinates": [ 4340140.122434999793768, -609365.300401999964379 ] } },
{ "type": "Feature", "properties": { "Type": "Start", "ID": 2719, "OUT_ID": 2527.0, "catchment_area": null }, "geometry": { "type": "Point", "coordinates": [ 4416988.649914000183344, -381888.124254999973346 ] } },
{ "type": "Feature", "properties": { "Type": "End", "ID": 2719, "OUT_ID": 2527.0, "catchment_area": 11022735429.044556 }, "geometry": { "type": "Point", "coordinates": [ 4434161.479275000281632, -400428.951867999974638 ] } },
{ "type": "Feature", "properties": { "Type": "Start", "ID": 2742, "OUT_ID": 2935.0, "catchment_area": null }, "geometry": { "type": "Point", "coordinates": [ 11550958.102834, -403811.810015 ] } },
{ "type": "Feature", "properties": { "Type": "End", "ID": 2742, "OUT_ID": 2935.0, "catchment_area": 74649020133.331451 }, "geometry": { "type": "Point", "coordinates": [ 11705146.408264, -254173.507894 ] } },
{ "type": "Feature", "properties": { "Type": "Start", "ID": 2743, "OUT_ID": 2744.0, "catchment_area": null }, "geometry": { "type": "Point", "coordinates": [ 11839085.194263, -401702.135327 ] } },
{ "type": "Feature", "properties": { "Type": "End", "ID": 2743, "OUT_ID": 2744.0, "catchment_area": 17025215118.128225 }, "geometry": { "type": "Point", "coordinates": [ 11872295.487091, -463109.856428000028245 ] } },
{ "type": "Feature", "properties": { "Type": "Start", "ID": 2745, "OUT_ID": 2553.0, "catchment_area": null }, "geometry": { "type": "Point", "coordinates": [ 12431547.439322, -396729.10452 ] } },
{ "type": "Feature", "properties": { "Type": "End", "ID": 2745, "OUT_ID": 2553.0, "catchment_area": 15169903214.229637 }, "geometry": { "type": "Point", "coordinates": [ 12425976.810707, -421322.586721000028774 ] } },
{ "type": "Feature", "properties": { "Type": "Start", "ID": 2746, "OUT_ID": 2554.0, "catchment_area": null }, "geometry": { "type": "Point", "coordinates": [ 12738070.944897, -393984.465726000024006 ] } },
{ "type": "Feature", "properties": { "Type": "End", "ID": 2746, "OUT_ID": 2554.0, "catchment_area": 116338969973.87621 }, "geometry": { "type": "Point", "coordinates": [ 12791615.420642, -619812.117827999987639 ] } },
{ "type": "Feature", "properties": { "Type": "Start", "ID": 2747, "OUT_ID": 2555.0, "catchment_area": null }, "geometry": { "type": "Point", "coordinates": [ 13053178.441123, -391176.588574 ] } },
{ "type": "Feature", "properties": { "Type": "End", "ID": 2747, "OUT_ID": 2555.0, "catchment_area": 18989663016.373791 }, "geometry": { "type": "Point", "coordinates": [ 13073679.491163, -431769.404148 ] } },
{ "type": "Feature", "properties": { "Type": "Start", "ID": 2748, "OUT_ID": 2556.0, "catchment_area": null }, "geometry": { "type": "Point", "coordinates": [ 13378432.887045, -388414.405793000012636 ] } },
{ "type": "Feature", "properties": { "Type": "End", "ID": 2748, "OUT_ID": 2556.0, "catchment_area": 24555598728.069557 }, "geometry": { "type": "Point", "coordinates": [ 13407977.648817, -389982.134441 ] } },
{ "type": "Feature", "properties": { "Type": "Start", "ID": 2750, "OUT_ID": 2558.0, "catchment_area": null }, "geometry": { "type": "Point", "coordinates": [ 14067212.596061, -383593.763301 ] } },
{ "type": "Feature", "properties": { "Type": "End", "ID": 2750, "OUT_ID": 2558.0, "catchment_area": 309182271984.98242 }, "geometry": { "type": "Point", "coordinates": [ 14045233.511847, -400428.951867999974638 ] } },
{ "type": "Feature", "properties": { "Type": "Start", "ID": 2752, "OUT_ID": 2560.0, "catchment_area": null }, "geometry": { "type": "Point", "coordinates": [ 14824699.819121, -380928.491312000027392 ] } },
{ "type": "Feature", "properties": { "Type": "End", "ID": 2752, "OUT_ID": 2560.0, "catchment_area": 14951631225.535685 }, "geometry": { "type": "Point", "coordinates": [ 14891425.72341, -431769.404148 ] } },
{ "type": "Feature", "properties": { "Type": "Start", "ID": 2753, "OUT_ID": 5970.0, "catchment_area": null }, "geometry": { "type": "Point", "coordinates": [ 560067.177520000026561, 4622998.060607000254095 ] } },
{ "type": "Feature", "properties": { "Type": "End", "ID": 2753, "OUT_ID": 5970.0, "catchment_area": 76504332037.230042 }, "geometry": { "type": "Point", "coordinates": [ 506158.126832999987528, 4352872.97728499956429 ] } },
{ "type": "Feature", "properties": { "Type": "Start", "ID": 2754, "OUT_ID": 2948.0, "catchment_area": null }, "geometry": { "type": "Point", "coordinates": [ 601450.851891000056639, 4880003.137222000397742 ] } },
{ "type": "Feature", "properties": { "Type": "End", "ID": 2754, "OUT_ID": 2948.0, "catchment_area": 277532833624.3595 }, "geometry": { "type": "Point", "coordinates": [ 328562.230579000024591, 5136384.284288000315428 ] } },
{ "type": "Feature", "properties": { "Type": "Start", "ID": 2755, "OUT_ID": 2948.0, "catchment_area": null }, "geometry": { "type": "Point", "coordinates": [ 650189.036549999960698, 5106839.171116 ] } },
{ "type": "Feature", "properties": { "Type": "End", "ID": 2755, "OUT_ID": 2948.0, "catchment_area": 11131871423.391533 }, "geometry": { "type": "Point", "coordinates": [ 641966.75338, 5167724.736568000167608 ] } },
{ "type": "Feature", "properties": { "Type": "Start", "ID": 2756, "OUT_ID": 2948.0, "catchment_area": null }, "geometry": { "type": "Point", "coordinates": [ 707581.862556, 5307351.657734000124037 ] } },
{ "type": "Feature", "properties": { "Type": "End", "ID": 2756, "OUT_ID": 2948.0, "catchment_area": 21499790886.354233 }, "geometry": { "type": "Point", "coordinates": [ 704647.657939999946393, 5313980.180541999638081 ] } },
{ "type": "Feature", "properties": { "Type": "Start", "ID": 2757, "OUT_ID": 2949.0, "catchment_area": null }, "geometry": { "type": "Point", "coordinates": [ 775433.287637999979779, 5484586.124292000196874 ] } },
{ "type": "Feature", "properties": { "Type": "End", "ID": 2757, "OUT_ID": 2949.0, "catchment_area": 11022735429.044556 }, "geometry": { "type": "Point", "coordinates": [ 662860.388232999946922, 5470682.441941999830306 ] } },
{ "type": "Feature", "properties": { "Type": "Start", "ID": 2758, "OUT_ID": 2759.0, "catchment_area": null }, "geometry": { "type": "Point", "coordinates": [ 856284.024882999947295, 5640971.299697999842465 ] } },
{ "type": "Feature", "properties": { "Type": "End", "ID": 2758, "OUT_ID": 2759.0, "catchment_area": 11022735429.044556 }, "geometry": { "type": "Point", "coordinates": [ 861349.919341000029817, 5679618.790477000176907 ] } },
{ "type": "Feature", "properties": { "Type": "Start", "ID": 2764, "OUT_ID": 2959.0, "catchment_area": null }, "geometry": { "type": "Point", "coordinates": [ 2032527.549378, 6228432.233548999764025 ] } },
{ "type": "Feature", "properties": { "Type": "End", "ID": 2764, "OUT_ID": 2959.0, "catchment_area": 46710205580.505646 }, "geometry": { "type": "Point", "coordinates": [ 2041840.288559, 6201959.661812 ] } },
{ "type": "Feature", "properties": { "Type": "Start", "ID": 2765, "OUT_ID": 2571.0, "catchment_area": null }, "geometry": { "type": "Point", "coordinates": [ 2569084.118681, 6277050.458614000119269 ] } },
{ "type": "Feature", "properties": { "Type": "End", "ID": 2765, "OUT_ID": 2571.0, "catchment_area": 12114095372.514315 }, "geometry": { "type": "Point", "coordinates": [ 2564181.159893999807537, 6285534.201225999742746 ] } },
{ "type": "Feature", "properties": { "Type": "Start", "ID": 2777, "OUT_ID": 2776.0, "catchment_area": null }, "geometry": { "type": "Point", "coordinates": [ 18964230.800879001617432, 5898626.525268999859691 ] } },
{ "type": "Feature", "properties": { "Type": "End", "ID": 2777, "OUT_ID": 2776.0, "catchment_area": 26847454609.356049 }, "geometry": { "type": "Point", "coordinates": [ 18976131.337253, 5940789.226144 ] } },
{ "type": "Feature", "properties": { "Type": "Start", "ID": 2778, "OUT_ID": 2972.0, "catchment_area": null }, "geometry": { "type": "Point", "coordinates": [ 19083729.224092, 5778458.594495999626815 ] } },
{ "type": "Feature", "properties": { "Type": "End", "ID": 2778, "OUT_ID": 2972.0, "catchment_area": 278296785584.78827 }, "geometry": { "type": "Point", "coordinates": [ 19811876.731389001011848, 5742299.695036999881268 ] } },
{ "type": "Feature", "properties": { "Type": "Start", "ID": 2779, "OUT_ID": 2972.0, "catchment_area": null }, "geometry": { "type": "Point", "coordinates": [ 19181224.314677998423576, 5640971.299697999842465 ] } },
{ "type": "Feature", "properties": { "Type": "End", "ID": 2779, "OUT_ID": 2972.0, "catchment_area": 278296785584.78827 }, "geometry": { "type": "Point", "coordinates": [ 19811876.731389001011848, 5742299.695036999881268 ] } },
{ "type": "Feature", "properties": { "Type": "Start", "ID": 2815, "OUT_ID": 2816.0, "catchment_area": null }, "geometry": { "type": "Point", "coordinates": [ 19538094.564653001725674, -4045025.979933000169694 ] } },
{ "type": "Feature", "properties": { "Type": "End", "ID": 2815, "OUT_ID": 2816.0, "catchment_area": 11241007417.738508 }, "geometry": { "type": "Point", "coordinates": [ 19488025.391162, -4098602.320921999868006 ] } },
{ "type": "Feature", "properties": { "Type": "Start", "ID": 2817, "OUT_ID": 3013.0, "catchment_area": null }, "geometry": { "type": "Point", "coordinates": [ -10544349.139383, 4335883.251526 ] } },
{ "type": "Feature", "properties": { "Type": "End", "ID": 2817, "OUT_ID": 3013.0, "catchment_area": 11786687389.473387 }, "geometry": { "type": "Point", "coordinates": [ -10097361.561276, 3433553.043734 ] } },
{ "type": "Feature", "properties": { "Type": "Start", "ID": 2818, "OUT_ID": 3013.0, "catchment_area": null }, "geometry": { "type": "Point", "coordinates": [ -10518167.945078, 4045025.979933000169694 ] } },
{ "type": "Feature", "properties": { "Type": "End", "ID": 2818, "OUT_ID": 3013.0, "catchment_area": 11786687389.473387 }, "geometry": { "type": "Point", "coordinates": [ -10097361.561276, 3433553.043734 ] } },
{ "type": "Feature", "properties": { "Type": "Start", "ID": 2819, "OUT_ID": 3013.0, "catchment_area": null }, "geometry": { "type": "Point", "coordinates": [ -10498312.919437, 3755696.688370999880135 ] } },
{ "type": "Feature", "properties": { "Type": "End", "ID": 2819, "OUT_ID": 3013.0, "catchment_area": 345306286113.83142 }, "geometry": { "type": "Point", "coordinates": [ -10243617.00525, 3454446.678588000126183 ] } },
{ "type": "Feature", "properties": { "Type": "Start", "ID": 2820, "OUT_ID": 3013.0, "catchment_area": null }, "geometry": { "type": "Point", "coordinates": [ -10483050.197938, 3468183.068546 ] } },
{ "type": "Feature", "properties": { "Type": "End", "ID": 2820, "OUT_ID": 3013.0, "catchment_area": 304380288233.71552 }, "geometry": { "type": "Point", "coordinates": [ -10295851.092384, 3287297.599760000128299 ] } },
{ "type": "Feature", "properties": { "Type": "Start", "ID": 2826, "OUT_ID": 2827.0, "catchment_area": null }, "geometry": { "type": "Point", "coordinates": [ -10440438.785579, 1780736.543972 ] } },
{ "type": "Feature", "properties": { "Type": "End", "ID": 2826, "OUT_ID": 2827.0, "catchment_area": 26956590603.703022 }, "geometry": { "type": "Point", "coordinates": [ -10442106.536358, 1741168.620608 ] } },
{ "type": "Feature", "properties": { "Type": "Start", "ID": 2859, "OUT_ID": 2858.0, "catchment_area": null }, "geometry": { "type": "Point", "coordinates": [ -11691443.355875, -6166895.090727999806404 ] } },
{ "type": "Feature", "properties": { "Type": "End", "ID": 2859, "OUT_ID": 2858.0, "catchment_area": 298923488516.3667 }, "geometry": { "type": "Point", "coordinates": [ -11695724.627563, -6146178.536557000130415 ] } },
{ "type": "Feature", "properties": { "Type": "Start", "ID": 2860, "OUT_ID": 2665.0, "catchment_area": null }, "geometry": { "type": "Point", "coordinates": [ -12051281.717433, -6228432.233548999764025 ] } },
{ "type": "Feature", "properties": { "Type": "End", "ID": 2860, "OUT_ID": 2665.0, "catchment_area": 65699868596.879433 }, "geometry": { "type": "Point", "coordinates": [ -12050916.420071, -6146178.536557000130415 ] } },
{ "type": "Feature", "properties": { "Type": "Start", "ID": 2861, "OUT_ID": 2094.0, "catchment_area": null }, "geometry": { "type": "Point", "coordinates": [ -12587838.290076, -6277050.458614000119269 ] } },
{ "type": "Feature", "properties": { "Type": "End", "ID": 2861, "OUT_ID": 2094.0, "catchment_area": 523416228888.09595 }, "geometry": { "type": "Point", "coordinates": [ -17274325.133425001055002, -6302880.797957999631763 ] } },
{ "type": "Feature", "properties": { "Type": "Start", "ID": 2862, "OUT_ID": 2094.0, "catchment_area": null }, "geometry": { "type": "Point", "coordinates": [ -13458954.605064, -6313164.855707 ] } },
{ "type": "Feature", "properties": { "Type": "End", "ID": 2862, "OUT_ID": 2094.0, "catchment_area": 523416228888.09595 }, "geometry": { "type": "Point", "coordinates": [ -17274325.133425001055002, -6302880.797957999631763 ] } },
{ "type": "Feature", "properties": { "Type": "Start", "ID": 2863, "OUT_ID": 2094.0, "catchment_area": null }, "geometry": { "type": "Point", "coordinates": [ -15028131.257092, -6337076.701255000196397 ] } },
{ "type": "Feature", "properties": { "Type": "End", "ID": 2863, "OUT_ID": 2094.0, "catchment_area": 523416228888.09595 }, "geometry": { "type": "Point", "coordinates": [ -17274325.133425001055002, -6302880.797957999631763 ] } },
{ "type": "Feature", "properties": { "Type": "Start", "ID": 2864, "OUT_ID": 2095.0, "catchment_area": null }, "geometry": { "type": "Point", "coordinates": [ -17988484.784425001591444, -6348981.78590099979192 ] } },
{ "type": "Feature", "properties": { "Type": "End", "ID": 2864, "OUT_ID": 2095.0, "catchment_area": 603412912744.4292 }, "geometry": { "type": "Point", "coordinates": [ -18298113.241241998970509, -6292433.980530999600887 ] } },
{ "type": "Feature", "properties": { "Type": "Start", "ID": 2865, "OUT_ID": 2098.0, "catchment_area": null }, "geometry": { "type": "Point", "coordinates": [ 17988484.784425001591444, -6348981.78590099979192 ] } },
{ "type": "Feature", "properties": { "Type": "End", "ID": 2865, "OUT_ID": 2098.0, "catchment_area": 18553119038.985886 }, "geometry": { "type": "Point", "coordinates": [ 18161279.577970001846552, -6292433.980530999600887 ] } },
{ "type": "Feature", "properties": { "Type": "Start", "ID": 2866, "OUT_ID": 1715.0, "catchment_area": null }, "geometry": { "type": "Point", "coordinates": [ 15028131.257092, -6337076.701255000196397 ] } },
{ "type": "Feature", "properties": { "Type": "End", "ID": 2866, "OUT_ID": 1715.0, "catchment_area": 983424445060.599 }, "geometry": { "type": "Point", "coordinates": [ 17858321.872595001012087, -6261093.528250999748707 ] } },
{ "type": "Feature", "properties": { "Type": "Start", "ID": 2867, "OUT_ID": 1715.0, "catchment_area": null }, "geometry": { "type": "Point", "coordinates": [ 13458954.605064, -6313164.855707 ] } },
{ "type": "Feature", "properties": { "Type": "End", "ID": 2867, "OUT_ID": 1715.0, "catchment_area": 983424445060.599 }, "geometry": { "type": "Point", "coordinates": [ 17858321.872595001012087, -6261093.528250999748707 ] } },
{ "type": "Feature", "properties": { "Type": "Start", "ID": 2868, "OUT_ID": 1715.0, "catchment_area": null }, "geometry": { "type": "Point", "coordinates": [ 12587838.290076, -6277050.458614000119269 ] } },
{ "type": "Feature", "properties": { "Type": "End", "ID": 2868, "OUT_ID": 1715.0, "catchment_area": 983424445060.599 }, "geometry": { "type": "Point", "coordinates": [ 17858321.872595001012087, -6261093.528250999748707 ] } },
{ "type": "Feature", "properties": { "Type": "Start", "ID": 2869, "OUT_ID": 2490.0, "catchment_area": null }, "geometry": { "type": "Point", "coordinates": [ 12051281.717433, -6228432.233548999764025 ] } },
{ "type": "Feature", "properties": { "Type": "End", "ID": 2869, "OUT_ID": 2490.0, "catchment_area": null }, "geometry": { "type": "Point", "coordinates": [ 12123019.105332, -6355114.885091000236571 ] } },
{ "type": "Feature", "properties": { "Type": "Start", "ID": 2870, "OUT_ID": 2682.0, "catchment_area": null }, "geometry": { "type": "Point", "coordinates": [ 11691443.355875, -6166895.090727999806404 ] } },
{ "type": "Feature", "properties": { "Type": "End", "ID": 2870, "OUT_ID": 2682.0, "catchment_area": 65263324619.491531 }, "geometry": { "type": "Point", "coordinates": [ 11705146.408264, -5811880.378902000375092 ] } },
{ "type": "Feature", "properties": { "Type": "Start", "ID": 2871, "OUT_ID": 2682.0, "catchment_area": null }, "geometry": { "type": "Point", "coordinates": [ 11434318.898479, -6091898.157921999692917 ] } },
{ "type": "Feature", "properties": { "Type": "End", "ID": 2871, "OUT_ID": 2682.0, "catchment_area": 12332367361.208265 }, "geometry": { "type": "Point", "coordinates": [ 11433529.155169, -5801433.561475999653339 ] } },
{ "type": "Feature", "properties": { "Type": "Start", "ID": 2872, "OUT_ID": 2683.0, "catchment_area": null }, "geometry": { "type": "Point", "coordinates": [ 11241669.421108, -6002758.138589000329375 ] } },
{ "type": "Feature", "properties": { "Type": "End", "ID": 2872, "OUT_ID": 2683.0, "catchment_area": 61116156834.30645 }, "geometry": { "type": "Point", "coordinates": [ 11276826.893769, -5790986.744048999622464 ] } },
{ "type": "Feature", "properties": { "Type": "Start", "ID": 2873, "OUT_ID": 2874.0, "catchment_area": null }, "geometry": { "type": "Point", "coordinates": [ 11092031.717757, -5898626.525268999859691 ] } },
{ "type": "Feature", "properties": { "Type": "End", "ID": 2873, "OUT_ID": 2874.0, "catchment_area": 20626702931.578426 }, "geometry": { "type": "Point", "coordinates": [ 11078337.362661, -5801433.561475999653339 ] } },
{ "type": "Feature", "properties": { "Type": "Start", "ID": 2901, "OUT_ID": 2900.0, "catchment_area": null }, "geometry": { "type": "Point", "coordinates": [ 1247154.845080999890342, -135163.197944000014104 ] } },
{ "type": "Feature", "properties": { "Type": "End", "ID": 2901, "OUT_ID": 2900.0, "catchment_area": 144714328504.0899 }, "geometry": { "type": "Point", "coordinates": [ 997158.545888000051491, -149705.33362700001453 ] } },
{ "type": "Feature", "properties": { "Type": "Start", "ID": 2902, "OUT_ID": 3092.0, "catchment_area": null }, "geometry": { "type": "Point", "coordinates": [ 1530958.14166, -134577.593186000012793 ] } },
{ "type": "Feature", "properties": { "Type": "End", "ID": 2902, "OUT_ID": 3092.0, "catchment_area": 3856320360250.3901 }, "geometry": { "type": "Point", "coordinates": [ 1028498.998168, 38337.38005400000111 ] } },
{ "type": "Feature", "properties": { "Type": "Start", "ID": 2903, "OUT_ID": 3092.0, "catchment_area": null }, "geometry": { "type": "Point", "coordinates": [ 1818928.983939, -133886.084395000012591 ] } },
{ "type": "Feature", "properties": { "Type": "End", "ID": 2903, "OUT_ID": 3092.0, "catchment_area": 3856320360250.3901 }, "geometry": { "type": "Point", "coordinates": [ 1028498.998168, 38337.38005400000111 ] } },
{ "type": "Feature", "properties": { "Type": "Start", "ID": 2904, "OUT_ID": 3092.0, "catchment_area": null }, "geometry": { "type": "Point", "coordinates": [ 2112000.332777999807149, -133101.649054 ] } },
{ "type": "Feature", "properties": { "Type": "End", "ID": 2904, "OUT_ID": 3092.0, "catchment_area": 3856320360250.3901 }, "geometry": { "type": "Point", "coordinates": [ 1028498.998168, 38337.38005400000111 ] } },
{ "type": "Feature", "properties": { "Type": "Start", "ID": 2905, "OUT_ID": 3092.0, "catchment_area": null }, "geometry": { "type": "Point", "coordinates": [ 2411207.411574999801815, -132242.267227 ] } },
{ "type": "Feature", "properties": { "Type": "End", "ID": 2905, "OUT_ID": 3092.0, "catchment_area": 3856320360250.3901 }, "geometry": { "type": "Point", "coordinates": [ 1028498.998168, 38337.38005400000111 ] } },
{ "type": "Feature", "properties": { "Type": "Start", "ID": 2906, "OUT_ID": 3092.0, "catchment_area": null }, "geometry": { "type": "Point", "coordinates": [ 2717718.919135, -131331.552034 ] } },
{ "type": "Feature", "properties": { "Type": "End", "ID": 2906, "OUT_ID": 3092.0, "catchment_area": 3856320360250.3901 }, "geometry": { "type": "Point", "coordinates": [ 1028498.998168, 38337.38005400000111 ] } },
{ "type": "Feature", "properties": { "Type": "Start", "ID": 2907, "OUT_ID": 3092.0, "catchment_area": null }, "geometry": { "type": "Point", "coordinates": [ 3032877.446442000102252, -130399.510036 ] } },
{ "type": "Feature", "properties": { "Type": "End", "ID": 2907, "OUT_ID": 3092.0, "catchment_area": 3856320360250.3901 }, "geometry": { "type": "Point", "coordinates": [ 1028498.998168, 38337.38005400000111 ] } },
{ "type": "Feature", "properties": { "Type": "Start", "ID": 2908, "OUT_ID": 5596.0, "catchment_area": null }, "geometry": { "type": "Point", "coordinates": [ 3358252.195338, -129483.380549 ] } },
{ "type": "Feature", "properties": { "Type": "End", "ID": 2908, "OUT_ID": 5596.0, "catchment_area": 3991867265229.334 }, "geometry": { "type": "Point", "coordinates": [ 3546181.998005, 3287297.599760000128299 ] } },
{ "type": "Feature", "properties": { "Type": "Start", "ID": 2909, "OUT_ID": 5596.0, "catchment_area": null }, "geometry": { "type": "Point", "coordinates": [ 3695707.947631999850273, -128628.433266 ] } },
{ "type": "Feature", "properties": { "Type": "End", "ID": 2909, "OUT_ID": 5596.0, "catchment_area": 3991867265229.334 }, "geometry": { "type": "Point", "coordinates": [ 3546181.998005, 3287297.599760000128299 ] } },
{ "type": "Feature", "properties": { "Type": "Start", "ID": 2910, "OUT_ID": 2527.0, "catchment_area": null }, "geometry": { "type": "Point", "coordinates": [ 4047495.125905000139028, -127888.500618 ] } },
{ "type": "Feature", "properties": { "Type": "End", "ID": 2910, "OUT_ID": 2527.0, "catchment_area": 107280682443.07721 }, "geometry": { "type": "Point", "coordinates": [ 4340140.122434999793768, -609365.300401999964379 ] } },
{ "type": "Feature", "properties": { "Type": "Start", "ID": 2911, "OUT_ID": 2912.0, "catchment_area": null }, "geometry": { "type": "Point", "coordinates": [ 4416366.525355, -127325.846936 ] } },
{ "type": "Feature", "properties": { "Type": "End", "ID": 2911, "OUT_ID": 2912.0, "catchment_area": 97676714940.54335 }, "geometry": { "type": "Point", "coordinates": [ 4465501.931555000133812, -222833.055614000011701 ] } },
{ "type": "Feature", "properties": { "Type": "Start", "ID": 2932, "OUT_ID": 2740.0, "catchment_area": null }, "geometry": { "type": "Point", "coordinates": [ 10985418.171608, -135634.443995 ] } },
{ "type": "Feature", "properties": { "Type": "End", "ID": 2932, "OUT_ID": 2740.0, "catchment_area": 14733359236.841734 }, "geometry": { "type": "Point", "coordinates": [ 10973869.188394, -149705.33362700001453 ] } },
{ "type": "Feature", "properties": { "Type": "Start", "ID": 2933, "OUT_ID": 3126.0, "catchment_area": null }, "geometry": { "type": "Point", "coordinates": [ 11265909.017589, -135163.197944000014104 ] } },
{ "type": "Feature", "properties": { "Type": "End", "ID": 2933, "OUT_ID": 3126.0, "catchment_area": 42781309784.014511 }, "geometry": { "type": "Point", "coordinates": [ 11569337.781717, -97471.246492999998736 ] } },
{ "type": "Feature", "properties": { "Type": "Start", "ID": 2934, "OUT_ID": 3126.0, "catchment_area": null }, "geometry": { "type": "Point", "coordinates": [ 11549712.315281, -134577.593186000012793 ] } },
{ "type": "Feature", "properties": { "Type": "End", "ID": 2934, "OUT_ID": 3126.0, "catchment_area": 42781309784.014511 }, "geometry": { "type": "Point", "coordinates": [ 11569337.781717, -97471.246492999998736 ] } },
{ "type": "Feature", "properties": { "Type": "Start", "ID": 2936, "OUT_ID": 2935.0, "catchment_area": null }, "geometry": { "type": "Point", "coordinates": [ 12130754.505286, -133101.649054 ] } },
{ "type": "Feature", "properties": { "Type": "End", "ID": 2936, "OUT_ID": 2935.0, "catchment_area": 88836699398.438309 }, "geometry": { "type": "Point", "coordinates": [ 12091678.653052, -87024.429065999996965 ] } },
{ "type": "Feature", "properties": { "Type": "Start", "ID": 2937, "OUT_ID": 2553.0, "catchment_area": null }, "geometry": { "type": "Point", "coordinates": [ 12429961.581856, -132242.267227 ] } },
{ "type": "Feature", "properties": { "Type": "End", "ID": 2937, "OUT_ID": 2553.0, "catchment_area": 52276141292.201408 }, "geometry": { "type": "Point", "coordinates": [ 12582679.072107, -494450.308708 ] } },
{ "type": "Feature", "properties": { "Type": "Start", "ID": 2938, "OUT_ID": 2554.0, "catchment_area": null }, "geometry": { "type": "Point", "coordinates": [ 12736473.08719, -131331.552034 ] } },
{ "type": "Feature", "properties": { "Type": "End", "ID": 2938, "OUT_ID": 2554.0, "catchment_area": 116338969973.87621 }, "geometry": { "type": "Point", "coordinates": [ 12791615.420642, -619812.117827999987639 ] } },
{ "type": "Feature", "properties": { "Type": "Start", "ID": 2939, "OUT_ID": 3132.0, "catchment_area": null }, "geometry": { "type": "Point", "coordinates": [ 13051631.61227, -130399.510036 ] } },
{ "type": "Feature", "properties": { "Type": "End", "ID": 2939, "OUT_ID": 3132.0, "catchment_area": 12332367361.208265 }, "geometry": { "type": "Point", "coordinates": [ 13052785.856309, -139258.516200000012759 ] } },
{ "type": "Feature", "properties": { "Type": "Start", "ID": 2940, "OUT_ID": 3132.0, "catchment_area": null }, "geometry": { "type": "Point", "coordinates": [ 13377006.361167, -129483.380549 ] } },
{ "type": "Feature", "properties": { "Type": "End", "ID": 2940, "OUT_ID": 3132.0, "catchment_area": 547317011650.08368 }, "geometry": { "type": "Point", "coordinates": [ 13324403.109404, -66130.794213000001037 ] } },
{ "type": "Feature", "properties": { "Type": "Start", "ID": 2944, "OUT_ID": 2751.0, "catchment_area": null }, "geometry": { "type": "Point", "coordinates": [ 14824480.753495, -127009.725108 ] } },
{ "type": "Feature", "properties": { "Type": "End", "ID": 2944, "OUT_ID": 2751.0, "catchment_area": 52712685269.58931 }, "geometry": { "type": "Point", "coordinates": [ 14682489.374876, -316854.412453999975696 ] } },
{ "type": "Feature", "properties": { "Type": "Start", "ID": 2945, "OUT_ID": 3138.0, "catchment_area": null }, "geometry": { "type": "Point", "coordinates": [ 186874.730139, 4630631.671957000158727 ] } },
{ "type": "Feature", "properties": { "Type": "End", "ID": 2945, "OUT_ID": 3138.0, "catchment_area": 86435707522.80484 }, "geometry": { "type": "Point", "coordinates": [ -256459.545317000010982, 4603596.595525999553502 ] } },
{ "type": "Feature", "properties": { "Type": "Start", "ID": 2946, "OUT_ID": 2948.0, "catchment_area": null }, "geometry": { "type": "Point", "coordinates": [ 200762.093319, 4888344.791307999752462 ] } },
{ "type": "Feature", "properties": { "Type": "End", "ID": 2946, "OUT_ID": 2948.0, "catchment_area": 187277366299.41049 }, "geometry": { "type": "Point", "coordinates": [ 297221.778298, 5021469.292593999765813 ] } },
{ "type": "Feature", "properties": { "Type": "Start", "ID": 2947, "OUT_ID": 2948.0, "catchment_area": null }, "geometry": { "type": "Point", "coordinates": [ 217133.192486000014469, 5115803.595261 ] } },
{ "type": "Feature", "properties": { "Type": "End", "ID": 2947, "OUT_ID": 2948.0, "catchment_area": 288337297064.71008 }, "geometry": { "type": "Point", "coordinates": [ 203200.421458, 5146831.101715000346303 ] } },
{ "type": "Feature", "properties": { "Type": "Start", "ID": 2969, "OUT_ID": 2968.0, "catchment_area": null }, "geometry": { "type": "Point", "coordinates": [ 19677118.727113001048565, 5909605.989694000221789 ] } },
{ "type": "Feature", "properties": { "Type": "End", "ID": 2969, "OUT_ID": 2968.0, "catchment_area": 43108717767.055443 }, "geometry": { "type": "Point", "coordinates": [ 19717855.374549001455307, 5961682.860998 ] } },
{ "type": "Feature", "properties": { "Type": "Start", "ID": 2970, "OUT_ID": 2972.0, "catchment_area": null }, "geometry": { "type": "Point", "coordinates": [ 19717820.338948, 5789157.527622999623418 ] } },
{ "type": "Feature", "properties": { "Type": "End", "ID": 2970, "OUT_ID": 2972.0, "catchment_area": 278296785584.78827 }, "geometry": { "type": "Point", "coordinates": [ 19811876.731389001011848, 5742299.695036999881268 ] } },
{ "type": "Feature", "properties": { "Type": "Start", "ID": 2971, "OUT_ID": 2972.0, "catchment_area": null }, "geometry": { "type": "Point", "coordinates": [ 19750877.863990001380444, 5651335.992534000426531 ] } },
{ "type": "Feature", "properties": { "Type": "End", "ID": 2971, "OUT_ID": 2972.0, "catchment_area": 262799474387.51773 }, "geometry": { "type": "Point", "coordinates": [ 19749195.826829001307487, 5637831.520770000293851 ] } },
{ "type": "Feature", "properties": { "Type": "Start", "ID": 2999, "OUT_ID": 2998.0, "catchment_area": null }, "geometry": { "type": "Point", "coordinates": [ 19897038.385046001523733, -1782593.05981 ] } },
{ "type": "Feature", "properties": { "Type": "End", "ID": 2999, "OUT_ID": 2998.0, "catchment_area": 11459279406.432459 }, "geometry": { "type": "Point", "coordinates": [ 19895451.270803, -1779408.852193 ] } },
{ "type": "Feature", "properties": { "Type": "Start", "ID": 3009, "OUT_ID": 3013.0, "catchment_area": null }, "geometry": { "type": "Point", "coordinates": [ -10194066.733458, 4342738.503480999730527 ] } },
{ "type": "Feature", "properties": { "Type": "End", "ID": 3009, "OUT_ID": 3013.0, "catchment_area": 11786687389.473387 }, "geometry": { "type": "Point", "coordinates": [ -10097361.561276, 3433553.043734 ] } },
{ "type": "Feature", "properties": { "Type": "Start", "ID": 3010, "OUT_ID": 3013.0, "catchment_area": null }, "geometry": { "type": "Point", "coordinates": [ -10185286.862806, 4051121.792700000107288 ] } },
{ "type": "Feature", "properties": { "Type": "End", "ID": 3010, "OUT_ID": 3013.0, "catchment_area": 11786687389.473387 }, "geometry": { "type": "Point", "coordinates": [ -10097361.561276, 3433553.043734 ] } },
{ "type": "Feature", "properties": { "Type": "Start", "ID": 3011, "OUT_ID": 3013.0, "catchment_area": null }, "geometry": { "type": "Point", "coordinates": [ -10178628.710478, 3761078.202281 ] } },
{ "type": "Feature", "properties": { "Type": "End", "ID": 3011, "OUT_ID": 3013.0, "catchment_area": 1596877869284.95 }, "geometry": { "type": "Point", "coordinates": [ -10118255.19613, 3433553.043734 ] } },
{ "type": "Feature", "properties": { "Type": "Start", "ID": 3012, "OUT_ID": 3013.0, "catchment_area": null }, "geometry": { "type": "Point", "coordinates": [ -10173511.067395, 3472903.247990999836475 ] } },
{ "type": "Feature", "properties": { "Type": "End", "ID": 3012, "OUT_ID": 3013.0, "catchment_area": 346070238074.26025 }, "geometry": { "type": "Point", "coordinates": [ -10212276.55297, 3423106.226307999808341 ] } },
{ "type": "Feature", "properties": { "Type": "Start", "ID": 3018, "OUT_ID": 3017.0, "catchment_area": null }, "geometry": { "type": "Point", "coordinates": [ -10159224.132477, 1782593.05981 ] } },
{ "type": "Feature", "properties": { "Type": "End", "ID": 3018, "OUT_ID": 3017.0, "catchment_area": 74103340161.596573 }, "geometry": { "type": "Point", "coordinates": [ -10222723.370397, 1950104.969142 ] } },
{ "type": "Feature", "properties": { "Type": "Start", "ID": 3050, "OUT_ID": 3049.0, "catchment_area": null }, "geometry": { "type": "Point", "coordinates": [ -10497069.578686, -6103304.056598000228405 ] } },
{ "type": "Feature", "properties": { "Type": "End", "ID": 3050, "OUT_ID": 3049.0, "catchment_area": 38088462027.094559 }, "geometry": { "type": "Point", "coordinates": [ -10494340.623491, -6073050.814570000395179 ] } },
{ "type": "Feature", "properties": { "Type": "Start", "ID": 3051, "OUT_ID": 2857.0, "catchment_area": null }, "geometry": { "type": "Point", "coordinates": [ -10587271.354647, -6178458.043138000182807 ] } },
{ "type": "Feature", "properties": { "Type": "End", "ID": 3051, "OUT_ID": 2857.0, "catchment_area": 216962356761.7879 }, "geometry": { "type": "Point", "coordinates": [ -11256958.295641, -6135731.71913 ] } },
{ "type": "Feature", "properties": { "Type": "Start", "ID": 3052, "OUT_ID": 2857.0, "catchment_area": null }, "geometry": { "type": "Point", "coordinates": [ -10716473.613644, -6240120.739203000441194 ] } },
{ "type": "Feature", "properties": { "Type": "End", "ID": 3052, "OUT_ID": 2857.0, "catchment_area": 216962356761.7879 }, "geometry": { "type": "Point", "coordinates": [ -11256958.295641, -6135731.71913 ] } },
{ "type": "Feature", "properties": { "Type": "Start", "ID": 3053, "OUT_ID": 4010.0, "catchment_area": null }, "geometry": { "type": "Point", "coordinates": [ -10917384.16386, -6288836.350665000267327 ] } },
{ "type": "Feature", "properties": { "Type": "End", "ID": 3053, "OUT_ID": 4010.0, "catchment_area": 821466629449.68689 }, "geometry": { "type": "Point", "coordinates": [ -6064890.034567000344396, -6177518.988837 ] } },
{ "type": "Feature", "properties": { "Type": "Start", "ID": 3054, "OUT_ID": 4010.0, "catchment_area": null }, "geometry": { "type": "Point", "coordinates": [ -11272991.575475, -6325022.416190999560058 ] } },
{ "type": "Feature", "properties": { "Type": "End", "ID": 3054, "OUT_ID": 4010.0, "catchment_area": 821466629449.68689 }, "geometry": { "type": "Point", "coordinates": [ -6064890.034567000344396, -6177518.988837 ] } },
{ "type": "Feature", "properties": { "Type": "Start", "ID": 3055, "OUT_ID": 2094.0, "catchment_area": null }, "geometry": { "type": "Point", "coordinates": [ -12067777.729759, -6348981.78590099979192 ] } },
{ "type": "Feature", "properties": { "Type": "End", "ID": 3055, "OUT_ID": 2094.0, "catchment_area": 523416228888.09595 }, "geometry": { "type": "Point", "coordinates": [ -17274325.133425001055002, -6302880.797957999631763 ] } },
{ "type": "Feature", "properties": { "Type": "Start", "ID": 3058, "OUT_ID": 2490.0, "catchment_area": null }, "geometry": { "type": "Point", "coordinates": [ 12067777.729759, -6348981.78590099979192 ] } },
{ "type": "Feature", "properties": { "Type": "End", "ID": 3058, "OUT_ID": 2490.0, "catchment_area": null }, "geometry": { "type": "Point", "coordinates": [ 12123019.105332, -6355114.885091000236571 ] } },
{ "type": "Feature", "properties": { "Type": "Start", "ID": 3059, "OUT_ID": 2874.0, "catchment_area": null }, "geometry": { "type": "Point", "coordinates": [ 11272991.575475, -6325022.416190999560058 ] } },
{ "type": "Feature", "properties": { "Type": "End", "ID": 3059, "OUT_ID": 2874.0, "catchment_area": null }, "geometry": { "type": "Point", "coordinates": [ 11276826.893769, -6355114.885091000236571 ] } },
{ "type": "Feature", "properties": { "Type": "Start", "ID": 3060, "OUT_ID": 2874.0, "catchment_area": null }, "geometry": { "type": "Point", "coordinates": [ 10917384.16386, -6288836.350665000267327 ] } },
{ "type": "Feature", "properties": { "Type": "End", "ID": 3060, "OUT_ID": 2874.0, "catchment_area": null }, "geometry": { "type": "Point", "coordinates": [ 10932081.918687, -6355114.885091000236571 ] } },
{ "type": "Feature", "properties": { "Type": "Start", "ID": 3061, "OUT_ID": 2874.0, "catchment_area": null }, "geometry": { "type": "Point", "coordinates": [ 10716473.613644, -6240120.739203000441194 ] } },
{ "type": "Feature", "properties": { "Type": "End", "ID": 3061, "OUT_ID": 2874.0, "catchment_area": null }, "geometry": { "type": "Point", "coordinates": [ 10764932.83986, -6355114.885091000236571 ] } },
{ "type": "Feature", "properties": { "Type": "Start", "ID": 3062, "OUT_ID": 3066.0, "catchment_area": null }, "geometry": { "type": "Point", "coordinates": [ 10587271.354647, -6178458.043138000182807 ] } },
{ "type": "Feature", "properties": { "Type": "End", "ID": 3062, "OUT_ID": 3066.0, "catchment_area": 49875149416.56794 }, "geometry": { "type": "Point", "coordinates": [ 10587336.943606, -5822327.196329000405967 ] } },
{ "type": "Feature", "properties": { "Type": "Start", "ID": 3063, "OUT_ID": 3066.0, "catchment_area": null }, "geometry": { "type": "Point", "coordinates": [ 10497069.578686, -6103304.056598000228405 ] } },
{ "type": "Feature", "properties": { "Type": "End", "ID": 3063, "OUT_ID": 3066.0, "catchment_area": 13205455315.984072 }, "geometry": { "type": "Point", "coordinates": [ 10493315.586766, -5832774.013756000436842 ] } },
{ "type": "Feature", "properties": { "Type": "Start", "ID": 3064, "OUT_ID": 3066.0, "catchment_area": null }, "geometry": { "type": "Point", "coordinates": [ 10430432.036102, -6013971.252309000119567 ] } },
{ "type": "Feature", "properties": { "Type": "End", "ID": 3064, "OUT_ID": 3066.0, "catchment_area": 21827198869.395161 }, "geometry": { "type": "Point", "coordinates": [ 10430634.682205, -5832774.013756000436842 ] } },
{ "type": "Feature", "properties": { "Type": "Start", "ID": 3065, "OUT_ID": 3066.0, "catchment_area": null }, "geometry": { "type": "Point", "coordinates": [ 10379143.789297, -5909605.989694000221789 ] } },
{ "type": "Feature", "properties": { "Type": "End", "ID": 3065, "OUT_ID": 3066.0, "catchment_area": 13096319321.637096 }, "geometry": { "type": "Point", "coordinates": [ 10378400.595072, -5832774.013756000436842 ] } },
{ "type": "Feature", "properties": { "Type": "Start", "ID": 3093, "OUT_ID": 3092.0, "catchment_area": null }, "geometry": { "type": "Point", "coordinates": [ 1247154.845080999890342, 135163.197944000014104 ] } },
{ "type": "Feature", "properties": { "Type": "End", "ID": 3093, "OUT_ID": 3092.0, "catchment_area": 3856320360250.3901 }, "geometry": { "type": "Point", "coordinates": [ 1028498.998168, 38337.38005400000111 ] } },
{ "type": "Feature", "properties": { "Type": "Start", "ID": 3094, "OUT_ID": 3092.0, "catchment_area": null }, "geometry": { "type": "Point", "coordinates": [ 1530958.14166, 134577.593186000012793 ] } },
{ "type": "Feature", "properties": { "Type": "End", "ID": 3094, "OUT_ID": 3092.0, "catchment_area": 3856320360250.3901 }, "geometry": { "type": "Point", "coordinates": [ 1028498.998168, 38337.38005400000111 ] } },
{ "type": "Feature", "properties": { "Type": "Start", "ID": 3095, "OUT_ID": 3092.0, "catchment_area": null }, "geometry": { "type": "Point", "coordinates": [ 1818928.983939, 133886.084395000012591 ] } },
{ "type": "Feature", "properties": { "Type": "End", "ID": 3095, "OUT_ID": 3092.0, "catchment_area": 3856320360250.3901 }, "geometry": { "type": "Point", "coordinates": [ 1028498.998168, 38337.38005400000111 ] } },
{ "type": "Feature", "properties": { "Type": "Start", "ID": 3096, "OUT_ID": 3092.0, "catchment_area": null }, "geometry": { "type": "Point", "coordinates": [ 2112000.332777999807149, 133101.649054 ] } },
{ "type": "Feature", "properties": { "Type": "End", "ID": 3096, "OUT_ID": 3092.0, "catchment_area": 3856320360250.3901 }, "geometry": { "type": "Point", "coordinates": [ 1028498.998168, 38337.38005400000111 ] } },
{ "type": "Feature", "properties": { "Type": "Start", "ID": 3097, "OUT_ID": 3092.0, "catchment_area": null }, "geometry": { "type": "Point", "coordinates": [ 2411207.411574999801815, 132242.267227 ] } },
{ "type": "Feature", "properties": { "Type": "End", "ID": 3097, "OUT_ID": 3092.0, "catchment_area": 3856320360250.3901 }, "geometry": { "type": "Point", "coordinates": [ 1028498.998168, 38337.38005400000111 ] } },
{ "type": "Feature", "properties": { "Type": "Start", "ID": 3098, "OUT_ID": 3092.0, "catchment_area": null }, "geometry": { "type": "Point", "coordinates": [ 2717718.919135, 131331.552034 ] } },
{ "type": "Feature", "properties": { "Type": "End", "ID": 3098, "OUT_ID": 3092.0, "catchment_area": 3856320360250.3901 }, "geometry": { "type": "Point", "coordinates": [ 1028498.998168, 38337.38005400000111 ] } },
{ "type": "Feature", "properties": { "Type": "Start", "ID": 3099, "OUT_ID": 3092.0, "catchment_area": null }, "geometry": { "type": "Point", "coordinates": [ 3032877.446442000102252, 130399.510036 ] } },
{ "type": "Feature", "properties": { "Type": "End", "ID": 3099, "OUT_ID": 3092.0, "catchment_area": 3856320360250.3901 }, "geometry": { "type": "Point", "coordinates": [ 1028498.998168, 38337.38005400000111 ] } },
{ "type": "Feature", "properties": { "Type": "Start", "ID": 3100, "OUT_ID": 5596.0, "catchment_area": null }, "geometry": { "type": "Point", "coordinates": [ 3358252.195338, 129483.380549 ] } },
{ "type": "Feature", "properties": { "Type": "End", "ID": 3100, "OUT_ID": 5596.0, "catchment_area": 3991867265229.334 }, "geometry": { "type": "Point", "coordinates": [ 3546181.998005, 3287297.599760000128299 ] } },
{ "type": "Feature", "properties": { "Type": "Start", "ID": 3101, "OUT_ID": 5596.0, "catchment_area": null }, "geometry": { "type": "Point", "coordinates": [ 3695707.947631999850273, 128628.433266 ] } },
{ "type": "Feature", "properties": { "Type": "End", "ID": 3101, "OUT_ID": 5596.0, "catchment_area": 3991867265229.334 }, "geometry": { "type": "Point", "coordinates": [ 3546181.998005, 3287297.599760000128299 ] } },
{ "type": "Feature", "properties": { "Type": "Start", "ID": 3102, "OUT_ID": 5596.0, "catchment_area": null }, "geometry": { "type": "Point", "coordinates": [ 4047495.125905000139028, 127888.500618 ] } },
{ "type": "Feature", "properties": { "Type": "End", "ID": 3102, "OUT_ID": 5596.0, "catchment_area": 3991867265229.334 }, "geometry": { "type": "Point", "coordinates": [ 3546181.998005, 3287297.599760000128299 ] } },
{ "type": "Feature", "properties": { "Type": "Start", "ID": 3103, "OUT_ID": 2912.0, "catchment_area": null }, "geometry": { "type": "Point", "coordinates": [ 4416366.525355, 127325.846936 ] } },
{ "type": "Feature", "properties": { "Type": "End", "ID": 3103, "OUT_ID": 2912.0, "catchment_area": 107498954431.77116 }, "geometry": { "type": "Point", "coordinates": [ 4674438.280089000239968, 90571.467187999995076 ] } },
{ "type": "Feature", "properties": { "Type": "Start", "ID": 3104, "OUT_ID": 2912.0, "catchment_area": null }, "geometry": { "type": "Point", "coordinates": [ 4805726.586553, 127009.725108 ] } },
{ "type": "Feature", "properties": { "Type": "End", "ID": 3104, "OUT_ID": 2912.0, "catchment_area": 216089268807.01208 }, "geometry": { "type": "Point", "coordinates": [ 4810246.906635999679565, 101018.284614 ] } },
{ "type": "Feature", "properties": { "Type": "Start", "ID": 3125, "OUT_ID": 3126.0, "catchment_area": null }, "geometry": { "type": "Point", "coordinates": [ 11265909.017589, 135163.197944000014104 ] } },
{ "type": "Feature", "properties": { "Type": "End", "ID": 3125, "OUT_ID": 3126.0, "catchment_area": 88618427409.744354 }, "geometry": { "type": "Point", "coordinates": [ 11308167.346049, 184592.824028 ] } },
{ "type": "Feature", "properties": { "Type": "Start", "ID": 3128, "OUT_ID": 3320.0, "catchment_area": null }, "geometry": { "type": "Point", "coordinates": [ 12130754.505286, 133101.649054 ] } },
{ "type": "Feature", "properties": { "Type": "End", "ID": 3128, "OUT_ID": 3320.0, "catchment_area": 11131871423.391533 }, "geometry": { "type": "Point", "coordinates": [ 12133465.922759, 184592.824028 ] } },
{ "type": "Feature", "properties": { "Type": "Start", "ID": 3129, "OUT_ID": 3321.0, "catchment_area": null }, "geometry": { "type": "Point", "coordinates": [ 12429961.581856, 132242.267227 ] } },
{ "type": "Feature", "properties": { "Type": "End", "ID": 3129, "OUT_ID": 3321.0, "catchment_area": 11459279406.432459 }, "geometry": { "type": "Point", "coordinates": [ 12331955.453866, 215933.276308 ] } },
{ "type": "Feature", "properties": { "Type": "Start", "ID": 3130, "OUT_ID": 3321.0, "catchment_area": null }, "geometry": { "type": "Point", "coordinates": [ 12736473.08719, 131331.552034 ] } },
{ "type": "Feature", "properties": { "Type": "End", "ID": 3130, "OUT_ID": 3321.0, "catchment_area": 32631662309.745766 }, "geometry": { "type": "Point", "coordinates": [ 12352849.08872, 299507.815722000028472 ] } },
{ "type": "Feature", "properties": { "Type": "Start", "ID": 3131, "OUT_ID": 3132.0, "catchment_area": null }, "geometry": { "type": "Point", "coordinates": [ 13051631.61227, 130399.510036 ] } },
{ "type": "Feature", "properties": { "Type": "End", "ID": 3131, "OUT_ID": 3132.0, "catchment_area": 80651499822.415115 }, "geometry": { "type": "Point", "coordinates": [ 13115466.760869, -55683.976786 ] } },
{ "type": "Feature", "properties": { "Type": "Start", "ID": 3137, "OUT_ID": 3138.0, "catchment_area": null }, "geometry": { "type": "Point", "coordinates": [ -186874.730139, 4630631.671957000158727 ] } },
{ "type": "Feature", "properties": { "Type": "End", "ID": 3137, "OUT_ID": 3138.0, "catchment_area": 86435707522.80484 }, "geometry": { "type": "Point", "coordinates": [ -256459.545317000010982, 4603596.595525999553502 ] } },
{ "type": "Feature", "properties": { "Type": "Start", "ID": 3139, "OUT_ID": 3331.0, "catchment_area": null }, "geometry": { "type": "Point", "coordinates": [ -217133.192486000014469, 5115803.595261 ] } },
{ "type": "Feature", "properties": { "Type": "End", "ID": 3139, "OUT_ID": 3331.0, "catchment_area": 29466718473.683468 }, "geometry": { "type": "Point", "coordinates": [ -496736.346131000027526, 5125937.466861000284553 ] } },
{ "type": "Feature", "properties": { "Type": "Start", "ID": 3201, "OUT_ID": 3013.0, "catchment_area": null }, "geometry": { "type": "Point", "coordinates": [ -9843441.609331000596285, 4342738.503480999730527 ] } },
{ "type": "Feature", "properties": { "Type": "End", "ID": 3201, "OUT_ID": 3013.0, "catchment_area": 11786687389.473387 }, "geometry": { "type": "Point", "coordinates": [ -10097361.561276, 3433553.043734 ] } },
{ "type": "Feature", "properties": { "Type": "Start", "ID": 3202, "OUT_ID": 3013.0, "catchment_area": null }, "geometry": { "type": "Point", "coordinates": [ -9852221.479984000325203, 4051121.792700000107288 ] } },
{ "type": "Feature", "properties": { "Type": "End", "ID": 3202, "OUT_ID": 3013.0, "catchment_area": 11786687389.473387 }, "geometry": { "type": "Point", "coordinates": [ -10097361.561276, 3433553.043734 ] } },
{ "type": "Feature", "properties": { "Type": "Start", "ID": 3203, "OUT_ID": 3013.0, "catchment_area": null }, "geometry": { "type": "Point", "coordinates": [ -9858879.632310999557376, 3761078.202281 ] } },
{ "type": "Feature", "properties": { "Type": "End", "ID": 3203, "OUT_ID": 3013.0, "catchment_area": 11786687389.473387 }, "geometry": { "type": "Point", "coordinates": [ -10097361.561276, 3433553.043734 ] } },
{ "type": "Feature", "properties": { "Type": "Start", "ID": 3204, "OUT_ID": 3205.0, "catchment_area": null }, "geometry": { "type": "Point", "coordinates": [ -9863997.27539400011301, 3472903.247990999836475 ] } },
{ "type": "Feature", "properties": { "Type": "End", "ID": 3204, "OUT_ID": 3205.0, "catchment_area": 55659357116.957657 }, "geometry": { "type": "Point", "coordinates": [ -9794403.855901999399066, 3308191.234614000190049 ] } },
{ "type": "Feature", "properties": { "Type": "Start", "ID": 3209, "OUT_ID": 3401.0, "catchment_area": null }, "geometry": { "type": "Point", "coordinates": [ -9877050.173644000664353, 2060250.737217 ] } },
{ "type": "Feature", "properties": { "Type": "End", "ID": 3209, "OUT_ID": 3401.0, "catchment_area": 11459279406.432459 }, "geometry": { "type": "Point", "coordinates": [ -9794403.855901999399066, 2096360.413115999894217 ] } },
{ "type": "Feature", "properties": { "Type": "Start", "ID": 3210, "OUT_ID": 3402.0, "catchment_area": null }, "geometry": { "type": "Point", "coordinates": [ -9878284.210311999544501, 1782593.05981 ] } },
{ "type": "Feature", "properties": { "Type": "End", "ID": 3210, "OUT_ID": 3402.0, "catchment_area": 35250926174.073181 }, "geometry": { "type": "Point", "coordinates": [ -9867531.577888999134302, 1772509.072888 ] } },
{ "type": "Feature", "properties": { "Type": "Start", "ID": 3211, "OUT_ID": 3212.0, "catchment_area": null }, "geometry": { "type": "Point", "coordinates": [ -9879261.691175999119878, 1506188.539633 ] } },
{ "type": "Feature", "properties": { "Type": "End", "ID": 3211, "OUT_ID": 3212.0, "catchment_area": 17461759095.516129 }, "geometry": { "type": "Point", "coordinates": [ -9888425.212742000818253, 1448657.73266 ] } },
{ "type": "Feature", "properties": { "Type": "Start", "ID": 3242, "OUT_ID": 3241.0, "catchment_area": null }, "geometry": { "type": "Point", "coordinates": [ -9540438.764102999120951, -6103304.056598000228405 ] } },
{ "type": "Feature", "properties": { "Type": "End", "ID": 3242, "OUT_ID": 3241.0, "catchment_area": 69519628399.02359 }, "geometry": { "type": "Point", "coordinates": [ -9543680.237661000341177, -6083497.631997000426054 ] } },
{ "type": "Feature", "properties": { "Type": "Start", "ID": 3243, "OUT_ID": 4010.0, "catchment_area": null }, "geometry": { "type": "Point", "coordinates": [ -9450236.988142000511289, -6178458.043138000182807 ] } },
{ "type": "Feature", "properties": { "Type": "End", "ID": 3243, "OUT_ID": 4010.0, "catchment_area": 821466629449.68689 }, "geometry": { "type": "Point", "coordinates": [ -6064890.034567000344396, -6177518.988837 ] } },
{ "type": "Feature", "properties": { "Type": "Start", "ID": 3244, "OUT_ID": 4010.0, "catchment_area": null }, "geometry": { "type": "Point", "coordinates": [ -9321034.729144999757409, -6240120.739203000441194 ] } },
{ "type": "Feature", "properties": { "Type": "End", "ID": 3244, "OUT_ID": 4010.0, "catchment_area": 821466629449.68689 }, "geometry": { "type": "Point", "coordinates": [ -6064890.034567000344396, -6177518.988837 ] } },
{ "type": "Feature", "properties": { "Type": "Start", "ID": 3245, "OUT_ID": 4010.0, "catchment_area": null }, "geometry": { "type": "Point", "coordinates": [ -9120124.178928999230266, -6288836.350665000267327 ] } },
{ "type": "Feature", "properties": { "Type": "End", "ID": 3245, "OUT_ID": 4010.0, "catchment_area": 821466629449.68689 }, "geometry": { "type": "Point", "coordinates": [ -6064890.034567000344396, -6177518.988837 ] } },
{ "type": "Feature", "properties": { "Type": "Start", "ID": 3246, "OUT_ID": 4010.0, "catchment_area": null }, "geometry": { "type": "Point", "coordinates": [ -8764516.771766999736428, -6325022.416190999560058 ] } },
{ "type": "Feature", "properties": { "Type": "End", "ID": 3246, "OUT_ID": 4010.0, "catchment_area": 821466629449.68689 }, "geometry": { "type": "Point", "coordinates": [ -6064890.034567000344396, -6177518.988837 ] } },
{ "type": "Feature", "properties": { "Type": "Start", "ID": 3247, "OUT_ID": 4010.0, "catchment_area": null }, "geometry": { "type": "Point", "coordinates": [ -7969730.611917000263929, -6348981.78590099979192 ] } },
{ "type": "Feature", "properties": { "Type": "End", "ID": 3247, "OUT_ID": 4010.0, "catchment_area": 821466629449.68689 }, "geometry": { "type": "Point", "coordinates": [ -6064890.034567000344396, -6177518.988837 ] } },
{ "type": "Feature", "properties": { "Type": "Start", "ID": 3250, "OUT_ID": 3833.0, "catchment_area": null }, "geometry": { "type": "Point", "coordinates": [ 7969730.611917000263929, -6348981.78590099979192 ] } },
{ "type": "Feature", "properties": { "Type": "End", "ID": 3250, "OUT_ID": 3833.0, "catchment_area": null }, "geometry": { "type": "Point", "coordinates": [ 7892058.047515000216663, -6355114.885091000236571 ] } },
{ "type": "Feature", "properties": { "Type": "Start", "ID": 3251, "OUT_ID": 3450.0, "catchment_area": null }, "geometry": { "type": "Point", "coordinates": [ 8764516.771766999736428, -6325022.416190999560058 ] } },
{ "type": "Feature", "properties": { "Type": "End", "ID": 3251, "OUT_ID": 3450.0, "catchment_area": null }, "geometry": { "type": "Point", "coordinates": [ 8894952.520478999242187, -6355114.885091000236571 ] } },
{ "type": "Feature", "properties": { "Type": "Start", "ID": 3252, "OUT_ID": 3450.0, "catchment_area": null }, "geometry": { "type": "Point", "coordinates": [ 9120124.178928999230266, -6288836.350665000267327 ] } },
{ "type": "Feature", "properties": { "Type": "End", "ID": 3252, "OUT_ID": 3450.0, "catchment_area": null }, "geometry": { "type": "Point", "coordinates": [ 9082995.23416000045836, -6355114.885091000236571 ] } },
{ "type": "Feature", "properties": { "Type": "Start", "ID": 3253, "OUT_ID": 3450.0, "catchment_area": null }, "geometry": { "type": "Point", "coordinates": [ 9321034.729144999757409, -6240120.739203000441194 ] } },
{ "type": "Feature", "properties": { "Type": "End", "ID": 3253, "OUT_ID": 3450.0, "catchment_area": 14624223242.494759 }, "geometry": { "type": "Point", "coordinates": [ 9260591.130413999781013, -5853667.648609000258148 ] } },
{ "type": "Feature", "properties": { "Type": "Start", "ID": 3254, "OUT_ID": 3451.0, "catchment_area": null }, "geometry": { "type": "Point", "coordinates": [ 9450236.988142000511289, -6178458.043138000182807 ] } },
{ "type": "Feature", "properties": { "Type": "End", "ID": 3254, "OUT_ID": 3451.0, "catchment_area": 21281518897.660282 }, "geometry": { "type": "Point", "coordinates": [ 9385952.93953499943018, -5853667.648609000258148 ] } },
{ "type": "Feature", "properties": { "Type": "Start", "ID": 3255, "OUT_ID": 3258.0, "catchment_area": null }, "geometry": { "type": "Point", "coordinates": [ 9540438.764102999120951, -6103304.056598000228405 ] } },
{ "type": "Feature", "properties": { "Type": "End", "ID": 3255, "OUT_ID": 3258.0, "catchment_area": 21063246908.966331 }, "geometry": { "type": "Point", "coordinates": [ 9479974.296375000849366, -5822327.196329000405967 ] } },
{ "type": "Feature", "properties": { "Type": "Start", "ID": 3256, "OUT_ID": 3258.0, "catchment_area": null }, "geometry": { "type": "Point", "coordinates": [ 9607076.306687999516726, -6013971.252309000119567 ] } },
{ "type": "Feature", "properties": { "Type": "End", "ID": 3256, "OUT_ID": 3258.0, "catchment_area": 14951631225.535685 }, "geometry": { "type": "Point", "coordinates": [ 9594889.288069000467658, -5822327.196329000405967 ] } },
{ "type": "Feature", "properties": { "Type": "Start", "ID": 3257, "OUT_ID": 3258.0, "catchment_area": null }, "geometry": { "type": "Point", "coordinates": [ 9658364.553492000326514, -5909605.989694000221789 ] } },
{ "type": "Feature", "properties": { "Type": "End", "ID": 3257, "OUT_ID": 3258.0, "catchment_area": 12114095372.514315 }, "geometry": { "type": "Point", "coordinates": [ 9657570.192629000172019, -5822327.196329000405967 ] } },
{ "type": "Feature", "properties": { "Type": "Start", "ID": 3284, "OUT_ID": 3283.0, "catchment_area": null }, "geometry": { "type": "Point", "coordinates": [ 967508.119659999967553, 407083.885658000013791 ] } },
{ "type": "Feature", "properties": { "Type": "End", "ID": 3284, "OUT_ID": 3283.0, "catchment_area": 79341867890.251404 }, "geometry": { "type": "Point", "coordinates": [ 955371.27618100005202, 403975.989989000023343 ] } },
{ "type": "Feature", "properties": { "Type": "Start", "ID": 3285, "OUT_ID": 3092.0, "catchment_area": null }, "geometry": { "type": "Point", "coordinates": [ 1248212.036266, 405614.855697 ] } },
{ "type": "Feature", "properties": { "Type": "End", "ID": 3285, "OUT_ID": 3092.0, "catchment_area": 143404696571.92621 }, "geometry": { "type": "Point", "coordinates": [ 1049392.633021, 393529.172562 ] } },
{ "type": "Feature", "properties": { "Type": "Start", "ID": 3286, "OUT_ID": 3092.0, "catchment_area": null }, "geometry": { "type": "Point", "coordinates": [ 1532203.930326, 403811.810015 ] } },
{ "type": "Feature", "properties": { "Type": "End", "ID": 3286, "OUT_ID": 3092.0, "catchment_area": 3856320360250.3901 }, "geometry": { "type": "Point", "coordinates": [ 1028498.998168, 38337.38005400000111 ] } },
{ "type": "Feature", "properties": { "Type": "Start", "ID": 3287, "OUT_ID": 3092.0, "catchment_area": null }, "geometry": { "type": "Point", "coordinates": [ 1820331.018416, 401702.135327 ] } },
{ "type": "Feature", "properties": { "Type": "End", "ID": 3287, "OUT_ID": 3092.0, "catchment_area": 3856320360250.3901 }, "geometry": { "type": "Point", "coordinates": [ 1028498.998168, 38337.38005400000111 ] } },
{ "type": "Feature", "properties": { "Type": "Start", "ID": 3288, "OUT_ID": 3092.0, "catchment_area": null }, "geometry": { "type": "Point", "coordinates": [ 2113518.347693, 399324.09771499998169 ] } },
{ "type": "Feature", "properties": { "Type": "End", "ID": 3288, "OUT_ID": 3092.0, "catchment_area": 3856320360250.3901 }, "geometry": { "type": "Point", "coordinates": [ 1028498.998168, 38337.38005400000111 ] } },
{ "type": "Feature", "properties": { "Type": "Start", "ID": 3289, "OUT_ID": 3092.0, "catchment_area": null }, "geometry": { "type": "Point", "coordinates": [ 2412793.262362, 396729.10452 ] } },
{ "type": "Feature", "properties": { "Type": "End", "ID": 3289, "OUT_ID": 3092.0, "catchment_area": 3856320360250.3901 }, "geometry": { "type": "Point", "coordinates": [ 1028498.998168, 38337.38005400000111 ] } },
{ "type": "Feature", "properties": { "Type": "Start", "ID": 3290, "OUT_ID": 3092.0, "catchment_area": null }, "geometry": { "type": "Point", "coordinates": [ 2719316.77461599977687, 393984.465726000024006 ] } },
{ "type": "Feature", "properties": { "Type": "End", "ID": 3290, "OUT_ID": 3092.0, "catchment_area": 3856320360250.3901 }, "geometry": { "type": "Point", "coordinates": [ 1028498.998168, 38337.38005400000111 ] } },
{ "type": "Feature", "properties": { "Type": "Start", "ID": 3291, "OUT_ID": 3092.0, "catchment_area": null }, "geometry": { "type": "Point", "coordinates": [ 3034424.267502, 391176.588574 ] } },
{ "type": "Feature", "properties": { "Type": "End", "ID": 3291, "OUT_ID": 3092.0, "catchment_area": 3856320360250.3901 }, "geometry": { "type": "Point", "coordinates": [ 1028498.998168, 38337.38005400000111 ] } },
{ "type": "Feature", "properties": { "Type": "Start", "ID": 3292, "OUT_ID": 3092.0, "catchment_area": null }, "geometry": { "type": "Point", "coordinates": [ 3359678.713424, 388414.405793000012636 ] } },
{ "type": "Feature", "properties": { "Type": "End", "ID": 3292, "OUT_ID": 3092.0, "catchment_area": 3856320360250.3901 }, "geometry": { "type": "Point", "coordinates": [ 1028498.998168, 38337.38005400000111 ] } },
{ "type": "Feature", "properties": { "Type": "Start", "ID": 3293, "OUT_ID": 5596.0, "catchment_area": null }, "geometry": { "type": "Point", "coordinates": [ 3696940.449204000178725, 385832.596926999976858 ] } },
{ "type": "Feature", "properties": { "Type": "End", "ID": 3293, "OUT_ID": 5596.0, "catchment_area": 3991867265229.334 }, "geometry": { "type": "Point", "coordinates": [ 3546181.998005, 3287297.599760000128299 ] } },
{ "type": "Feature", "properties": { "Type": "Start", "ID": 3294, "OUT_ID": 5596.0, "catchment_area": null }, "geometry": { "type": "Point", "coordinates": [ 4048458.425779, 383593.763301 ] } },
{ "type": "Feature", "properties": { "Type": "End", "ID": 3294, "OUT_ID": 5596.0, "catchment_area": 3991867265229.334 }, "geometry": { "type": "Point", "coordinates": [ 3546181.998005, 3287297.599760000128299 ] } },
{ "type": "Feature", "properties": { "Type": "Start", "ID": 3295, "OUT_ID": 2912.0, "catchment_area": null }, "geometry": { "type": "Point", "coordinates": [ 4416988.649914000183344, 381888.124254999973346 ] } },
{ "type": "Feature", "properties": { "Type": "End", "ID": 3295, "OUT_ID": 2912.0, "catchment_area": 107498954431.77116 }, "geometry": { "type": "Point", "coordinates": [ 4674438.280089000239968, 90571.467187999995076 ] } },
{ "type": "Feature", "properties": { "Type": "Start", "ID": 3296, "OUT_ID": 2912.0, "catchment_area": null }, "geometry": { "type": "Point", "coordinates": [ 4805945.653292000293732, 380928.491312000027392 ] } },
{ "type": "Feature", "properties": { "Type": "End", "ID": 3296, "OUT_ID": 2912.0, "catchment_area": 216089268807.01208 }, "geometry": { "type": "Point", "coordinates": [ 4799800.089209999889135, 101018.284614 ] } },
{ "type": "Feature", "properties": { "Type": "Start", "ID": 3317, "OUT_ID": 3316.0, "catchment_area": null }, "geometry": { "type": "Point", "coordinates": [ 11266966.207661, 405614.855697 ] } },
{ "type": "Feature", "properties": { "Type": "End", "ID": 3317, "OUT_ID": 3316.0, "catchment_area": 11022735429.044556 }, "geometry": { "type": "Point", "coordinates": [ 11245486.441489, 383082.355136000027414 ] } },
{ "type": "Feature", "properties": { "Type": "Start", "ID": 3322, "OUT_ID": 3514.0, "catchment_area": null }, "geometry": { "type": "Point", "coordinates": [ 12738070.944897, 393984.465726000024006 ] } },
{ "type": "Feature", "properties": { "Type": "End", "ID": 3322, "OUT_ID": 3514.0, "catchment_area": 28593630518.907661 }, "geometry": { "type": "Point", "coordinates": [ 12676700.428948, 508444.164256000018213 ] } },
{ "type": "Feature", "properties": { "Type": "Start", "ID": 3323, "OUT_ID": 3324.0, "catchment_area": null }, "geometry": { "type": "Point", "coordinates": [ 13053178.441123, 391176.588574 ] } },
{ "type": "Feature", "properties": { "Type": "End", "ID": 3323, "OUT_ID": 3324.0, "catchment_area": 41144269868.809875 }, "geometry": { "type": "Point", "coordinates": [ 13136360.395723, 351741.902855 ] } },
{ "type": "Feature", "properties": { "Type": "Start", "ID": 3330, "OUT_ID": 3329.0, "catchment_area": null }, "geometry": { "type": "Point", "coordinates": [ -601450.851891000056639, 4880003.137222000397742 ] } },
{ "type": "Feature", "properties": { "Type": "End", "ID": 3330, "OUT_ID": 3329.0, "catchment_area": 40162045919.687096 }, "geometry": { "type": "Point", "coordinates": [ -601204.520398000022396, 4864767.031193000264466 ] } },
{ "type": "Feature", "properties": { "Type": "Start", "ID": 3332, "OUT_ID": 3333.0, "catchment_area": null }, "geometry": { "type": "Point", "coordinates": [ -707581.862556, 5307351.657734000124037 ] } },
{ "type": "Feature", "properties": { "Type": "End", "ID": 3332, "OUT_ID": 3333.0, "catchment_area": 11131871423.391533 }, "geometry": { "type": "Point", "coordinates": [ -705672.694665999966674, 5313980.180541999638081 ] } },
{ "type": "Feature", "properties": { "Type": "Start", "ID": 3341, "OUT_ID": 3340.0, "catchment_area": null }, "geometry": { "type": "Point", "coordinates": [ -2569084.118681, 6277050.458614000119269 ] } },
{ "type": "Feature", "properties": { "Type": "End", "ID": 3341, "OUT_ID": 3340.0, "catchment_area": 18225711055.944958 }, "geometry": { "type": "Point", "coordinates": [ -2189120.769258, 6233300.114091999828815 ] } },
{ "type": "Feature", "properties": { "Type": "Start", "ID": 3342, "OUT_ID": 3913.0, "catchment_area": null }, "geometry": { "type": "Point", "coordinates": [ -3440200.437009000219405, 6313164.855707 ] } },
{ "type": "Feature", "properties": { "Type": "End", "ID": 3342, "OUT_ID": 3913.0, "catchment_area": null }, "geometry": { "type": "Point", "coordinates": [ -3442738.860463, 6327321.470932999625802 ] } },
{ "type": "Feature", "properties": { "Type": "Start", "ID": 3393, "OUT_ID": 3970.0, "catchment_area": null }, "geometry": { "type": "Point", "coordinates": [ -9493159.203407000750303, 4335883.251526 ] } },
{ "type": "Feature", "properties": { "Type": "End", "ID": 3393, "OUT_ID": 3970.0, "catchment_area": 777703095716.54956 }, "geometry": { "type": "Point", "coordinates": [ -8760168.930657999590039, 4363319.794711000286043 ] } },
{ "type": "Feature", "properties": { "Type": "Start", "ID": 3394, "OUT_ID": 3013.0, "catchment_area": null }, "geometry": { "type": "Point", "coordinates": [ -9519340.397710999473929, 4045025.979933000169694 ] } },
{ "type": "Feature", "properties": { "Type": "End", "ID": 3394, "OUT_ID": 3013.0, "catchment_area": 11786687389.473387 }, "geometry": { "type": "Point", "coordinates": [ -10097361.561276, 3433553.043734 ] } },
{ "type": "Feature", "properties": { "Type": "Start", "ID": 3395, "OUT_ID": 3013.0, "catchment_area": null }, "geometry": { "type": "Point", "coordinates": [ -9539195.423351999372244, 3755696.688370999880135 ] } },
{ "type": "Feature", "properties": { "Type": "End", "ID": 3395, "OUT_ID": 3013.0, "catchment_area": 11786687389.473387 }, "geometry": { "type": "Point", "coordinates": [ -10097361.561276, 3433553.043734 ] } },
{ "type": "Feature", "properties": { "Type": "Start", "ID": 3396, "OUT_ID": 3205.0, "catchment_area": null }, "geometry": { "type": "Point", "coordinates": [ -9554458.144850999116898, 3468183.068546 ] } },
{ "type": "Feature", "properties": { "Type": "End", "ID": 3396, "OUT_ID": 3205.0, "catchment_area": 109463402330.01672 }, "geometry": { "type": "Point", "coordinates": [ -9763063.403621999546885, 3297744.417187000159174 ] } },
{ "type": "Feature", "properties": { "Type": "Start", "ID": 3403, "OUT_ID": 3594.0, "catchment_area": null }, "geometry": { "type": "Point", "coordinates": [ -9599959.393379999324679, 1504664.284459 ] } },
{ "type": "Feature", "properties": { "Type": "End", "ID": 3403, "OUT_ID": 3594.0, "catchment_area": 45400573648.341934 }, "geometry": { "type": "Point", "coordinates": [ -9272062.984565999358892, 1657594.081194 ] } },
{ "type": "Feature", "properties": { "Type": "Start", "ID": 3434, "OUT_ID": 3433.0, "catchment_area": null }, "geometry": { "type": "Point", "coordinates": [ -8603189.446536999195814, -6091898.157921999692917 ] } },
{ "type": "Feature", "properties": { "Type": "End", "ID": 3434, "OUT_ID": 3433.0, "catchment_area": 14951631225.535685 }, "geometry": { "type": "Point", "coordinates": [ -8613913.486684000119567, -6083497.631997000426054 ] } },
{ "type": "Feature", "properties": { "Type": "Start", "ID": 3435, "OUT_ID": 4010.0, "catchment_area": null }, "geometry": { "type": "Point", "coordinates": [ -8346064.981347999535501, -6166895.090727999806404 ] } },
{ "type": "Feature", "properties": { "Type": "End", "ID": 3435, "OUT_ID": 4010.0, "catchment_area": 821466629449.68689 }, "geometry": { "type": "Point", "coordinates": [ -6064890.034567000344396, -6177518.988837 ] } },
{ "type": "Feature", "properties": { "Type": "Start", "ID": 3436, "OUT_ID": 4010.0, "catchment_area": null }, "geometry": { "type": "Point", "coordinates": [ -7986226.622016999870539, -6228432.233548999764025 ] } },
{ "type": "Feature", "properties": { "Type": "End", "ID": 3436, "OUT_ID": 4010.0, "catchment_area": 821466629449.68689 }, "geometry": { "type": "Point", "coordinates": [ -6064890.034567000344396, -6177518.988837 ] } },
{ "type": "Feature", "properties": { "Type": "Start", "ID": 3437, "OUT_ID": 4010.0, "catchment_area": null }, "geometry": { "type": "Point", "coordinates": [ -7449670.05271300021559, -6277050.458614000119269 ] } },
{ "type": "Feature", "properties": { "Type": "End", "ID": 3437, "OUT_ID": 4010.0, "catchment_area": 821466629449.68689 }, "geometry": { "type": "Point", "coordinates": [ -6064890.034567000344396, -6177518.988837 ] } },
{ "type": "Feature", "properties": { "Type": "Start", "ID": 3438, "OUT_ID": 4010.0, "catchment_area": null }, "geometry": { "type": "Point", "coordinates": [ -6578553.734384999610484, -6313164.855707 ] } },
{ "type": "Feature", "properties": { "Type": "End", "ID": 3438, "OUT_ID": 4010.0, "catchment_area": 821466629449.68689 }, "geometry": { "type": "Point", "coordinates": [ -6064890.034567000344396, -6177518.988837 ] } },
{ "type": "Feature", "properties": { "Type": "Start", "ID": 3439, "OUT_ID": 4012.0, "catchment_area": null }, "geometry": { "type": "Point", "coordinates": [ -5009377.085697, -6337076.701255000196397 ] } },
{ "type": "Feature", "properties": { "Type": "End", "ID": 3439, "OUT_ID": 4012.0, "catchment_area": 154973111972.70563 }, "geometry": { "type": "Point", "coordinates": [ -4769484.67365499958396, -6219306.258543999865651 ] } },
{ "type": "Feature", "properties": { "Type": "Start", "ID": 3440, "OUT_ID": 4204.0, "catchment_area": null }, "geometry": { "type": "Point", "coordinates": [ -2049023.559478, -6348981.78590099979192 ] } },
{ "type": "Feature", "properties": { "Type": "End", "ID": 3440, "OUT_ID": 4204.0, "catchment_area": 1357324361693.3381 }, "geometry": { "type": "Point", "coordinates": [ -4476973.785706999711692, -6219306.258543999865651 ] } },
{ "type": "Feature", "properties": { "Type": "Start", "ID": 3441, "OUT_ID": 4204.0, "catchment_area": null }, "geometry": { "type": "Point", "coordinates": [ 2049023.559478, -6348981.78590099979192 ] } },
{ "type": "Feature", "properties": { "Type": "End", "ID": 3441, "OUT_ID": 4204.0, "catchment_area": 1357324361693.3381 }, "geometry": { "type": "Point", "coordinates": [ -4476973.785706999711692, -6219306.258543999865651 ] } },
{ "type": "Feature", "properties": { "Type": "Start", "ID": 3442, "OUT_ID": 3249.0, "catchment_area": null }, "geometry": { "type": "Point", "coordinates": [ 5009377.085697, -6337076.701255000196397 ] } },
{ "type": "Feature", "properties": { "Type": "End", "ID": 3442, "OUT_ID": 3249.0, "catchment_area": null }, "geometry": { "type": "Point", "coordinates": [ 5008736.437744, -6355114.885091000236571 ] } },
{ "type": "Feature", "properties": { "Type": "Start", "ID": 3443, "OUT_ID": 4025.0, "catchment_area": null }, "geometry": { "type": "Point", "coordinates": [ 6578553.734384999610484, -6313164.855707 ] } },
{ "type": "Feature", "properties": { "Type": "End", "ID": 3443, "OUT_ID": 4025.0, "catchment_area": null }, "geometry": { "type": "Point", "coordinates": [ 6690674.043444000184536, -6355114.885091000236571 ] } },
{ "type": "Feature", "properties": { "Type": "Start", "ID": 3444, "OUT_ID": 3834.0, "catchment_area": null }, "geometry": { "type": "Point", "coordinates": [ 7449670.05271300021559, -6277050.458614000119269 ] } },
{ "type": "Feature", "properties": { "Type": "End", "ID": 3444, "OUT_ID": 3834.0, "catchment_area": 646739902500.17859 }, "geometry": { "type": "Point", "coordinates": [ 7839823.960381999611855, -5926795.370596 ] } },
{ "type": "Feature", "properties": { "Type": "Start", "ID": 3445, "OUT_ID": 3834.0, "catchment_area": null }, "geometry": { "type": "Point", "coordinates": [ 7986226.622016999870539, -6228432.233548999764025 ] } },
{ "type": "Feature", "properties": { "Type": "End", "ID": 3445, "OUT_ID": 3834.0, "catchment_area": 47037613563.54657 }, "geometry": { "type": "Point", "coordinates": [ 7933845.317222, -5916348.553170000202954 ] } },
{ "type": "Feature", "properties": { "Type": "Start", "ID": 3446, "OUT_ID": 3641.0, "catchment_area": null }, "geometry": { "type": "Point", "coordinates": [ 8346064.981347999535501, -6166895.090727999806404 ] } },
{ "type": "Feature", "properties": { "Type": "End", "ID": 3446, "OUT_ID": 3641.0, "catchment_area": 51293917343.078629 }, "geometry": { "type": "Point", "coordinates": [ 8268143.474876999855042, -5958135.822875999845564 ] } },
{ "type": "Feature", "properties": { "Type": "Start", "ID": 3447, "OUT_ID": 3642.0, "catchment_area": null }, "geometry": { "type": "Point", "coordinates": [ 8603189.446536999195814, -6091898.157921999692917 ] } },
{ "type": "Feature", "properties": { "Type": "End", "ID": 3447, "OUT_ID": 3642.0, "catchment_area": 49547741433.527016 }, "geometry": { "type": "Point", "coordinates": [ 8581547.997678000479937, -5937242.188023 ] } },
{ "type": "Feature", "properties": { "Type": "Start", "ID": 3448, "OUT_ID": 3450.0, "catchment_area": null }, "geometry": { "type": "Point", "coordinates": [ 8795838.919454999268055, -6002758.138589000329375 ] } },
{ "type": "Feature", "properties": { "Type": "End", "ID": 3448, "OUT_ID": 3450.0, "catchment_area": 126488617448.14496 }, "geometry": { "type": "Point", "coordinates": [ 8790484.34621199965477, -5895454.918316000141203 ] } },
{ "type": "Feature", "properties": { "Type": "Start", "ID": 3449, "OUT_ID": 3450.0, "catchment_area": null }, "geometry": { "type": "Point", "coordinates": [ 8945476.625032000243664, -5898626.525268999859691 ] } },
{ "type": "Feature", "properties": { "Type": "End", "ID": 3449, "OUT_ID": 3450.0, "catchment_area": 11022735429.044556 }, "geometry": { "type": "Point", "coordinates": [ 8947186.607612999156117, -5885008.100889000110328 ] } },
{ "type": "Feature", "properties": { "Type": "Start", "ID": 3469, "OUT_ID": 3277.0, "catchment_area": null }, "geometry": { "type": "Point", "coordinates": [ -969253.580888999975286, 678793.097668000031263 ] } },
{ "type": "Feature", "properties": { "Type": "End", "ID": 3469, "OUT_ID": 3277.0, "catchment_area": 23027694807.211895 }, "geometry": { "type": "Point", "coordinates": [ -1060864.487173999892548, 571125.068816000013612 ] } },
{ "type": "Feature", "properties": { "Type": "Start", "ID": 3470, "OUT_ID": 3278.0, "catchment_area": null }, "geometry": { "type": "Point", "coordinates": [ -690580.216619999962859, 680690.232807000051253 ] } },
{ "type": "Feature", "properties": { "Type": "End", "ID": 3470, "OUT_ID": 3278.0, "catchment_area": 73230252206.82077 }, "geometry": { "type": "Point", "coordinates": [ -674332.242385, 539784.616536000045016 ] } },
{ "type": "Feature", "properties": { "Type": "Start", "ID": 3471, "OUT_ID": 3279.0, "catchment_area": null }, "geometry": { "type": "Point", "coordinates": [ -413635.450791999988724, 681972.267498999950476 ] } },
{ "type": "Feature", "properties": { "Type": "End", "ID": 3471, "OUT_ID": 3279.0, "catchment_area": 84034715647.171371 }, "geometry": { "type": "Point", "coordinates": [ -444502.258998, 581571.886243000044487 ] } },
{ "type": "Feature", "properties": { "Type": "Start", "ID": 3472, "OUT_ID": 3280.0, "catchment_area": null }, "geometry": { "type": "Point", "coordinates": [ -137715.569563, 682628.210272000054829 ] } },
{ "type": "Feature", "properties": { "Type": "End", "ID": 3472, "OUT_ID": 3280.0, "catchment_area": 16370399152.046371 }, "geometry": { "type": "Point", "coordinates": [ -172885.00590300001204, 550231.433962999959476 ] } },
{ "type": "Feature", "properties": { "Type": "Start", "ID": 3473, "OUT_ID": 3474.0, "catchment_area": null }, "geometry": { "type": "Point", "coordinates": [ 137715.569563, 682628.210272000054829 ] } },
{ "type": "Feature", "properties": { "Type": "End", "ID": 3473, "OUT_ID": 3474.0, "catchment_area": 24228190745.028629 }, "geometry": { "type": "Point", "coordinates": [ 161413.151751, 665146.425657000043429 ] } },
{ "type": "Feature", "properties": { "Type": "Start", "ID": 3475, "OUT_ID": 3283.0, "catchment_area": null }, "geometry": { "type": "Point", "coordinates": [ 690580.216619999962859, 680690.232807000051253 ] } },
{ "type": "Feature", "properties": { "Type": "End", "ID": 3475, "OUT_ID": 3283.0, "catchment_area": 6603273337963.7705 }, "geometry": { "type": "Point", "coordinates": [ 589732.666245999978855, 550231.433962999959476 ] } },
{ "type": "Feature", "properties": { "Type": "Start", "ID": 3476, "OUT_ID": 3283.0, "catchment_area": null }, "geometry": { "type": "Point", "coordinates": [ 969253.580888999975286, 678793.097668000031263 ] } },
{ "type": "Feature", "properties": { "Type": "End", "ID": 3476, "OUT_ID": 3283.0, "catchment_area": 69956172376.411484 }, "geometry": { "type": "Point", "coordinates": [ 934477.641328, 466656.894549000018742 ] } },
{ "type": "Feature", "properties": { "Type": "Start", "ID": 3477, "OUT_ID": 3092.0, "catchment_area": null }, "geometry": { "type": "Point", "coordinates": [ 1250388.334538, 676301.746861999970861 ] } },
{ "type": "Feature", "properties": { "Type": "End", "ID": 3477, "OUT_ID": 3092.0, "catchment_area": 143404696571.92621 }, "geometry": { "type": "Point", "coordinates": [ 1049392.633021, 393529.172562 ] } },
{ "type": "Feature", "properties": { "Type": "Start", "ID": 3478, "OUT_ID": 3092.0, "catchment_area": null }, "geometry": { "type": "Point", "coordinates": [ 1534759.425085, 673248.745231 ] } },
{ "type": "Feature", "properties": { "Type": "End", "ID": 3478, "OUT_ID": 3092.0, "catchment_area": 143404696571.92621 }, "geometry": { "type": "Point", "coordinates": [ 1049392.633021, 393529.172562 ] } },
{ "type": "Feature", "properties": { "Type": "Start", "ID": 3479, "OUT_ID": 3283.0, "catchment_area": null }, "geometry": { "type": "Point", "coordinates": [ 1823199.653788999887183, 669680.814724000054412 ] } },
{ "type": "Feature", "properties": { "Type": "End", "ID": 3479, "OUT_ID": 3283.0, "catchment_area": 6603273337963.7705 }, "geometry": { "type": "Point", "coordinates": [ 589732.666245999978855, 550231.433962999959476 ] } },
{ "type": "Feature", "properties": { "Type": "Start", "ID": 3480, "OUT_ID": 3092.0, "catchment_area": null }, "geometry": { "type": "Point", "coordinates": [ 2116619.09867599979043, 665662.091389999957755 ] } },
{ "type": "Feature", "properties": { "Type": "End", "ID": 3480, "OUT_ID": 3092.0, "catchment_area": 3856320360250.3901 }, "geometry": { "type": "Point", "coordinates": [ 1028498.998168, 38337.38005400000111 ] } },
{ "type": "Feature", "properties": { "Type": "Start", "ID": 3481, "OUT_ID": 3092.0, "catchment_area": null }, "geometry": { "type": "Point", "coordinates": [ 2416029.70067200018093, 661278.24095100001432 ] } },
{ "type": "Feature", "properties": { "Type": "End", "ID": 3481, "OUT_ID": 3092.0, "catchment_area": 3856320360250.3901 }, "geometry": { "type": "Point", "coordinates": [ 1028498.998168, 38337.38005400000111 ] } },
{ "type": "Feature", "properties": { "Type": "Start", "ID": 3482, "OUT_ID": 3092.0, "catchment_area": null }, "geometry": { "type": "Point", "coordinates": [ 2722576.944015, 656641.454551000031643 ] } },
{ "type": "Feature", "properties": { "Type": "End", "ID": 3482, "OUT_ID": 3092.0, "catchment_area": 3856320360250.3901 }, "geometry": { "type": "Point", "coordinates": [ 1028498.998168, 38337.38005400000111 ] } },
{ "type": "Feature", "properties": { "Type": "Start", "ID": 3483, "OUT_ID": 5596.0, "catchment_area": null }, "geometry": { "type": "Point", "coordinates": [ 3037581.193639, 651896.218576999963261 ] } },
{ "type": "Feature", "properties": { "Type": "End", "ID": 3483, "OUT_ID": 5596.0, "catchment_area": 3991867265229.334 }, "geometry": { "type": "Point", "coordinates": [ 3546181.998005, 3287297.599760000128299 ] } },
{ "type": "Feature", "properties": { "Type": "Start", "ID": 3484, "OUT_ID": 5596.0, "catchment_area": null }, "geometry": { "type": "Point", "coordinates": [ 3362592.003498, 647225.512635000050068 ] } },
{ "type": "Feature", "properties": { "Type": "End", "ID": 3484, "OUT_ID": 5596.0, "catchment_area": 3991867265229.334 }, "geometry": { "type": "Point", "coordinates": [ 3546181.998005, 3287297.599760000128299 ] } },
{ "type": "Feature", "properties": { "Type": "Start", "ID": 3485, "OUT_ID": 5596.0, "catchment_area": null }, "geometry": { "type": "Point", "coordinates": [ 3699459.672733, 642856.646324999979697 ] } },
{ "type": "Feature", "properties": { "Type": "End", "ID": 3485, "OUT_ID": 5596.0, "catchment_area": 3991867265229.334 }, "geometry": { "type": "Point", "coordinates": [ 3546181.998005, 3287297.599760000128299 ] } },
{ "type": "Feature", "properties": { "Type": "Start", "ID": 3486, "OUT_ID": 5596.0, "catchment_area": null }, "geometry": { "type": "Point", "coordinates": [ 4050429.181516999844462, 639065.236065999954008 ] } },
{ "type": "Feature", "properties": { "Type": "End", "ID": 3486, "OUT_ID": 5596.0, "catchment_area": 3991867265229.334 }, "geometry": { "type": "Point", "coordinates": [ 3546181.998005, 3287297.599760000128299 ] } },
{ "type": "Feature", "properties": { "Type": "Start", "ID": 3487, "OUT_ID": 2912.0, "catchment_area": null }, "geometry": { "type": "Point", "coordinates": [ 4418262.395356999710202, 636174.757039000047371 ] } },
{ "type": "Feature", "properties": { "Type": "End", "ID": 3487, "OUT_ID": 2912.0, "catchment_area": 216089268807.01208 }, "geometry": { "type": "Point", "coordinates": [ 4799800.089209999889135, 101018.284614 ] } },
{ "type": "Feature", "properties": { "Type": "Start", "ID": 3488, "OUT_ID": 3105.0, "catchment_area": null }, "geometry": { "type": "Point", "coordinates": [ 4806394.379932999610901, 634547.685466 ] } },
{ "type": "Feature", "properties": { "Type": "End", "ID": 3488, "OUT_ID": 3105.0, "catchment_area": 256469586715.39313 }, "geometry": { "type": "Point", "coordinates": [ 5029630.072596999816597, 205486.458882 ] } },
{ "type": "Feature", "properties": { "Type": "Start", "ID": 3489, "OUT_ID": 3490.0, "catchment_area": null }, "geometry": { "type": "Point", "coordinates": [ 5212359.791462000459433, 634547.685466 ] } },
{ "type": "Feature", "properties": { "Type": "End", "ID": 3489, "OUT_ID": 3490.0, "catchment_area": 89382379370.173187 }, "geometry": { "type": "Point", "coordinates": [ 5416162.317385000176728, 696486.877937000012025 ] } },
{ "type": "Feature", "properties": { "Type": "Start", "ID": 3509, "OUT_ID": 3701.0, "catchment_area": null }, "geometry": { "type": "Point", "coordinates": [ 11269142.503706, 676301.746861999970861 ] } },
{ "type": "Feature", "properties": { "Type": "End", "ID": 3509, "OUT_ID": 3701.0, "catchment_area": 17025215118.128225 }, "geometry": { "type": "Point", "coordinates": [ 11276826.893769, 759167.782496999949217 ] } },
{ "type": "Feature", "properties": { "Type": "Start", "ID": 3515, "OUT_ID": 3516.0, "catchment_area": null }, "geometry": { "type": "Point", "coordinates": [ 13056335.361694, 651896.218576999963261 ] } },
{ "type": "Feature", "properties": { "Type": "End", "ID": 3515, "OUT_ID": 3516.0, "catchment_area": 24555598728.069557 }, "geometry": { "type": "Point", "coordinates": [ 13136360.395723, 769614.599923999980092 ] } },
{ "type": "Feature", "properties": { "Type": "Start", "ID": 3523, "OUT_ID": 3522.0, "catchment_area": null }, "geometry": { "type": "Point", "coordinates": [ -1079627.270341, 5088870.917487000115216 ] } },
{ "type": "Feature", "properties": { "Type": "End", "ID": 3523, "OUT_ID": 3522.0, "catchment_area": 26083502648.927216 }, "geometry": { "type": "Point", "coordinates": [ -1081758.122027, 5073703.379727999679744 ] } },
{ "type": "Feature", "properties": { "Type": "Start", "ID": 3527, "OUT_ID": 3526.0, "catchment_area": null }, "geometry": { "type": "Point", "coordinates": [ -1572625.493492, 5756990.735724999569356 ] } },
{ "type": "Feature", "properties": { "Type": "End", "ID": 3527, "OUT_ID": 3526.0, "catchment_area": 15824719180.311491 }, "geometry": { "type": "Point", "coordinates": [ -1572758.541081999894232, 5731852.877609999850392 ] } },
{ "type": "Feature", "properties": { "Type": "Start", "ID": 3531, "OUT_ID": 3721.0, "catchment_area": null }, "geometry": { "type": "Point", "coordinates": [ -2688692.845038, 6143675.911739000119269 ] } },
{ "type": "Feature", "properties": { "Type": "End", "ID": 3531, "OUT_ID": 3721.0, "catchment_area": 63408012715.592941 }, "geometry": { "type": "Point", "coordinates": [ -2669674.370887000113726, 6097491.487545000389218 ] } },
{ "type": "Feature", "properties": { "Type": "Start", "ID": 3532, "OUT_ID": 3721.0, "catchment_area": null }, "geometry": { "type": "Point", "coordinates": [ -3212798.360465, 6204957.913336999714375 ] } },
{ "type": "Feature", "properties": { "Type": "End", "ID": 3532, "OUT_ID": 3721.0, "catchment_area": 135546904978.94395 }, "geometry": { "type": "Point", "coordinates": [ -2617440.283753000199795, 6316874.653505999594927 ] } },
{ "type": "Feature", "properties": { "Type": "Start", "ID": 3533, "OUT_ID": 4296.0, "catchment_area": null }, "geometry": { "type": "Point", "coordinates": [ -3945641.043472, 6253378.588068 ] } },
{ "type": "Feature", "properties": { "Type": "End", "ID": 3533, "OUT_ID": 4296.0, "catchment_area": null }, "geometry": { "type": "Point", "coordinates": [ -3944186.096944999881089, 6327321.470932999625802 ] } },
{ "type": "Feature", "properties": { "Type": "Start", "ID": 3534, "OUT_ID": 3343.0, "catchment_area": null }, "geometry": { "type": "Point", "coordinates": [ -5009377.085697, 6289348.233222000300884 ] } },
{ "type": "Feature", "properties": { "Type": "End", "ID": 3534, "OUT_ID": 3343.0, "catchment_area": 50857373365.690727 }, "geometry": { "type": "Point", "coordinates": [ -5061995.561603000387549, 6327321.470932999625802 ] } },
{ "type": "Feature", "properties": { "Type": "Start", "ID": 3544, "OUT_ID": 3349.0, "catchment_area": null }, "geometry": { "type": "Point", "coordinates": [ -18037458.247058, 5980249.40864 ] } },
{ "type": "Feature", "properties": { "Type": "End", "ID": 3544, "OUT_ID": 3349.0, "catchment_area": 48565517484.404236 }, "geometry": { "type": "Point", "coordinates": [ -18036942.805574998259544, 5993023.313277999870479 ] } },
{ "type": "Feature", "properties": { "Type": "Start", "ID": 3546, "OUT_ID": 3547.0, "catchment_area": null }, "geometry": { "type": "Point", "coordinates": [ -18464882.84595799818635, 5756990.735724999569356 ] } },
{ "type": "Feature", "properties": { "Type": "End", "ID": 3546, "OUT_ID": 3547.0, "catchment_area": 72684572235.085892 }, "geometry": { "type": "Point", "coordinates": [ -18465262.320069998502731, 5731852.877609999850392 ] } },
{ "type": "Feature", "properties": { "Type": "Start", "ID": 3585, "OUT_ID": 3970.0, "catchment_area": null }, "geometry": { "type": "Point", "coordinates": [ -9143891.493565000593662, 4322168.634405000135303 ] } },
{ "type": "Feature", "properties": { "Type": "End", "ID": 3585, "OUT_ID": 3970.0, "catchment_area": 777703095716.54956 }, "geometry": { "type": "Point", "coordinates": [ -8760168.930657999590039, 4363319.794711000286043 ] } },
{ "type": "Feature", "properties": { "Type": "Start", "ID": 3586, "OUT_ID": 3013.0, "catchment_area": null }, "geometry": { "type": "Point", "coordinates": [ -9187014.259796999394894, 4032840.571229999884963 ] } },
{ "type": "Feature", "properties": { "Type": "End", "ID": 3586, "OUT_ID": 3013.0, "catchment_area": 11786687389.473387 }, "geometry": { "type": "Point", "coordinates": [ -10097361.561276, 3433553.043734 ] } },
{ "type": "Feature", "properties": { "Type": "Start", "ID": 3587, "OUT_ID": 3205.0, "catchment_area": null }, "geometry": { "type": "Point", "coordinates": [ -9219722.571143999695778, 3744947.128870000131428 ] } },
{ "type": "Feature", "properties": { "Type": "End", "ID": 3587, "OUT_ID": 3205.0, "catchment_area": 109463402330.01672 }, "geometry": { "type": "Point", "coordinates": [ -9763063.403621999546885, 3297744.417187000159174 ] } },
{ "type": "Feature", "properties": { "Type": "Start", "ID": 3588, "OUT_ID": 3780.0, "catchment_area": null }, "geometry": { "type": "Point", "coordinates": [ -9244863.605031000450253, 3458760.390497 ] } },
{ "type": "Feature", "properties": { "Type": "End", "ID": 3588, "OUT_ID": 3780.0, "catchment_area": 43981805721.831245 }, "geometry": { "type": "Point", "coordinates": [ -9125807.54059199988842, 3349978.504321 ] } },
{ "type": "Feature", "properties": { "Type": "Start", "ID": 3595, "OUT_ID": 3787.0, "catchment_area": null }, "geometry": { "type": "Point", "coordinates": [ -9319734.45070100016892, 1501643.986073999898508 ] } },
{ "type": "Feature", "properties": { "Type": "End", "ID": 3595, "OUT_ID": 3787.0, "catchment_area": 24446462733.72258 }, "geometry": { "type": "Point", "coordinates": [ -9292956.619419999420643, 1500891.819792999885976 ] } },
{ "type": "Feature", "properties": { "Type": "Start", "ID": 3625, "OUT_ID": 3624.0, "catchment_area": null }, "geometry": { "type": "Point", "coordinates": [ -8018704.076777, -5980249.40864 ] } },
{ "type": "Feature", "properties": { "Type": "End", "ID": 3625, "OUT_ID": 3624.0, "catchment_area": 21281518897.660282 }, "geometry": { "type": "Point", "coordinates": [ -8039338.528215000405908, -5968582.64030299987644 ] } },
{ "type": "Feature", "properties": { "Type": "Start", "ID": 3626, "OUT_ID": 3815.0, "catchment_area": null }, "geometry": { "type": "Point", "coordinates": [ -7719492.898083000443876, -6068998.125981000252068 ] } },
{ "type": "Feature", "properties": { "Type": "End", "ID": 3626, "OUT_ID": 3815.0, "catchment_area": 83816443658.477417 }, "geometry": { "type": "Point", "coordinates": [ -7621465.831146, -5979029.45773 ] } },
{ "type": "Feature", "properties": { "Type": "Start", "ID": 3627, "OUT_ID": 4009.0, "catchment_area": null }, "geometry": { "type": "Point", "coordinates": [ -7330061.326356999576092, -6143675.911739000119269 ] } },
{ "type": "Feature", "properties": { "Type": "End", "ID": 3627, "OUT_ID": 4009.0, "catchment_area": 67991724478.165924 }, "geometry": { "type": "Point", "coordinates": [ -6848401.341570000164211, -6135731.71913 ] } },
{ "type": "Feature", "properties": { "Type": "Start", "ID": 3628, "OUT_ID": 4010.0, "catchment_area": null }, "geometry": { "type": "Point", "coordinates": [ -6805955.810929000377655, -6204957.913336999714375 ] } },
{ "type": "Feature", "properties": { "Type": "End", "ID": 3628, "OUT_ID": 4010.0, "catchment_area": 821466629449.68689 }, "geometry": { "type": "Point", "coordinates": [ -6064890.034567000344396, -6177518.988837 ] } },
{ "type": "Feature", "properties": { "Type": "Start", "ID": 3629, "OUT_ID": 4010.0, "catchment_area": null }, "geometry": { "type": "Point", "coordinates": [ -6073113.127922999672592, -6253378.588068 ] } },
{ "type": "Feature", "properties": { "Type": "End", "ID": 3629, "OUT_ID": 4010.0, "catchment_area": 821466629449.68689 }, "geometry": { "type": "Point", "coordinates": [ -6064890.034567000344396, -6177518.988837 ] } },
{ "type": "Feature", "properties": { "Type": "Start", "ID": 3630, "OUT_ID": 4012.0, "catchment_area": null }, "geometry": { "type": "Point", "coordinates": [ -5009377.085697, -6289348.233222000300884 ] } },
{ "type": "Feature", "properties": { "Type": "End", "ID": 3630, "OUT_ID": 4012.0, "catchment_area": 154973111972.70563 }, "geometry": { "type": "Point", "coordinates": [ -4769484.67365499958396, -6219306.258543999865651 ] } },
{ "type": "Feature", "properties": { "Type": "Start", "ID": 3631, "OUT_ID": 4204.0, "catchment_area": null }, "geometry": { "type": "Point", "coordinates": [ -3440200.437009000219405, -6313164.855707 ] } },
{ "type": "Feature", "properties": { "Type": "End", "ID": 3631, "OUT_ID": 4204.0, "catchment_area": 1357324361693.3381 }, "geometry": { "type": "Point", "coordinates": [ -4476973.785706999711692, -6219306.258543999865651 ] } },
{ "type": "Feature", "properties": { "Type": "Start", "ID": 3632, "OUT_ID": 4204.0, "catchment_area": null }, "geometry": { "type": "Point", "coordinates": [ -1254237.399628000101075, -6325022.416190999560058 ] } },
{ "type": "Feature", "properties": { "Type": "End", "ID": 3632, "OUT_ID": 4204.0, "catchment_area": 1357324361693.3381 }, "geometry": { "type": "Point", "coordinates": [ -4476973.785706999711692, -6219306.258543999865651 ] } },
{ "type": "Feature", "properties": { "Type": "Start", "ID": 3633, "OUT_ID": 4204.0, "catchment_area": null }, "geometry": { "type": "Point", "coordinates": [ 1254237.399628000101075, -6325022.416190999560058 ] } },
{ "type": "Feature", "properties": { "Type": "End", "ID": 3633, "OUT_ID": 4204.0, "catchment_area": 1357324361693.3381 }, "geometry": { "type": "Point", "coordinates": [ -4476973.785706999711692, -6219306.258543999865651 ] } },
{ "type": "Feature", "properties": { "Type": "Start", "ID": 3634, "OUT_ID": 4204.0, "catchment_area": null }, "geometry": { "type": "Point", "coordinates": [ 3440200.437009000219405, -6313164.855707 ] } },
{ "type": "Feature", "properties": { "Type": "End", "ID": 3634, "OUT_ID": 4204.0, "catchment_area": 1357324361693.3381 }, "geometry": { "type": "Point", "coordinates": [ -4476973.785706999711692, -6219306.258543999865651 ] } },
{ "type": "Feature", "properties": { "Type": "Start", "ID": 3635, "OUT_ID": 3249.0, "catchment_area": null }, "geometry": { "type": "Point", "coordinates": [ 5009377.085697, -6289348.233222000300884 ] } },
{ "type": "Feature", "properties": { "Type": "End", "ID": 3635, "OUT_ID": 3249.0, "catchment_area": null }, "geometry": { "type": "Point", "coordinates": [ 5008736.437744, -6355114.885091000236571 ] } },
{ "type": "Feature", "properties": { "Type": "Start", "ID": 3636, "OUT_ID": 3834.0, "catchment_area": null }, "geometry": { "type": "Point", "coordinates": [ 6073113.127922999672592, -6253378.588068 ] } },
{ "type": "Feature", "properties": { "Type": "End", "ID": 3636, "OUT_ID": 3834.0, "catchment_area": 646739902500.17859 }, "geometry": { "type": "Point", "coordinates": [ 7839823.960381999611855, -5926795.370596 ] } },
{ "type": "Feature", "properties": { "Type": "Start", "ID": 3637, "OUT_ID": 3834.0, "catchment_area": null }, "geometry": { "type": "Point", "coordinates": [ 6805955.810929000377655, -6204957.913336999714375 ] } },
{ "type": "Feature", "properties": { "Type": "End", "ID": 3637, "OUT_ID": 3834.0, "catchment_area": 646739902500.17859 }, "geometry": { "type": "Point", "coordinates": [ 7839823.960381999611855, -5926795.370596 ] } },
{ "type": "Feature", "properties": { "Type": "Start", "ID": 3638, "OUT_ID": 3834.0, "catchment_area": null }, "geometry": { "type": "Point", "coordinates": [ 7330061.326356999576092, -6143675.911739000119269 ] } },
{ "type": "Feature", "properties": { "Type": "End", "ID": 3638, "OUT_ID": 3834.0, "catchment_area": 646739902500.17859 }, "geometry": { "type": "Point", "coordinates": [ 7839823.960381999611855, -5926795.370596 ] } },
{ "type": "Feature", "properties": { "Type": "Start", "ID": 3639, "OUT_ID": 3834.0, "catchment_area": null }, "geometry": { "type": "Point", "coordinates": [ 7719492.898083000443876, -6068998.125981000252068 ] } },
{ "type": "Feature", "properties": { "Type": "End", "ID": 3639, "OUT_ID": 3834.0, "catchment_area": 646739902500.17859 }, "geometry": { "type": "Point", "coordinates": [ 7839823.960381999611855, -5926795.370596 ] } },
{ "type": "Feature", "properties": { "Type": "Start", "ID": 3640, "OUT_ID": 3641.0, "catchment_area": null }, "geometry": { "type": "Point", "coordinates": [ 8018704.076777, -5980249.40864 ] } },
{ "type": "Feature", "properties": { "Type": "End", "ID": 3640, "OUT_ID": 3641.0, "catchment_area": 61116156834.30645 }, "geometry": { "type": "Point", "coordinates": [ 8184568.935463, -5926795.370596 ] } },
{ "type": "Feature", "properties": { "Type": "Start", "ID": 3659, "OUT_ID": 3467.0, "catchment_area": null }, "geometry": { "type": "Point", "coordinates": [ -1538728.708546, 943016.176011999952607 ] } },
{ "type": "Feature", "properties": { "Type": "End", "ID": 3659, "OUT_ID": 3467.0, "catchment_area": 51403053337.425606 }, "geometry": { "type": "Point", "coordinates": [ -1551864.906229, 947210.496178 ] } },
{ "type": "Feature", "properties": { "Type": "Start", "ID": 3660, "OUT_ID": 3468.0, "catchment_area": null }, "geometry": { "type": "Point", "coordinates": [ -1253770.724945, 947374.735125 ] } },
{ "type": "Feature", "properties": { "Type": "End", "ID": 3660, "OUT_ID": 3468.0, "catchment_area": 38415870010.135483 }, "geometry": { "type": "Point", "coordinates": [ -1280247.653135, 759167.782496999949217 ] } },
{ "type": "Feature", "properties": { "Type": "Start", "ID": 3661, "OUT_ID": 3278.0, "catchment_area": null }, "geometry": { "type": "Point", "coordinates": [ -971968.270310999942012, 950931.685453000012785 ] } },
{ "type": "Feature", "properties": { "Type": "End", "ID": 3661, "OUT_ID": 3278.0, "catchment_area": 73230252206.82077 }, "geometry": { "type": "Point", "coordinates": [ -674332.242385, 539784.616536000045016 ] } },
{ "type": "Feature", "properties": { "Type": "Start", "ID": 3662, "OUT_ID": 3279.0, "catchment_area": null }, "geometry": { "type": "Point", "coordinates": [ -692566.808889999985695, 953640.05328 ] } },
{ "type": "Feature", "properties": { "Type": "End", "ID": 3662, "OUT_ID": 3279.0, "catchment_area": 101169066759.64658 }, "geometry": { "type": "Point", "coordinates": [ -538523.61583799996879, 560678.25139 ] } },
{ "type": "Feature", "properties": { "Type": "Start", "ID": 3663, "OUT_ID": 3279.0, "catchment_area": null }, "geometry": { "type": "Point", "coordinates": [ -414852.992137999972329, 955468.583909000037238 ] } },
{ "type": "Feature", "properties": { "Type": "End", "ID": 3663, "OUT_ID": 3279.0, "catchment_area": 84034715647.171371 }, "geometry": { "type": "Point", "coordinates": [ -444502.258998, 581571.886243000044487 ] } },
{ "type": "Feature", "properties": { "Type": "Start", "ID": 3664, "OUT_ID": 3281.0, "catchment_area": null }, "geometry": { "type": "Point", "coordinates": [ -138141.751002, 956399.06999500002712 ] } },
{ "type": "Feature", "properties": { "Type": "End", "ID": 3664, "OUT_ID": 3281.0, "catchment_area": 355565069582.44714 }, "geometry": { "type": "Point", "coordinates": [ 56944.977484000002733, 623359.155950000043958 ] } },
{ "type": "Feature", "properties": { "Type": "Start", "ID": 3665, "OUT_ID": 3474.0, "catchment_area": null }, "geometry": { "type": "Point", "coordinates": [ 138141.751002, 956399.06999500002712 ] } },
{ "type": "Feature", "properties": { "Type": "End", "ID": 3665, "OUT_ID": 3474.0, "catchment_area": 24446462733.72258 }, "geometry": { "type": "Point", "coordinates": [ 213647.238885, 675593.243082999950275 ] } },
{ "type": "Feature", "properties": { "Type": "Start", "ID": 3666, "OUT_ID": 3474.0, "catchment_area": null }, "geometry": { "type": "Point", "coordinates": [ 414852.992137999972329, 955468.583909000037238 ] } },
{ "type": "Feature", "properties": { "Type": "End", "ID": 3666, "OUT_ID": 3474.0, "catchment_area": 23791646767.640724 }, "geometry": { "type": "Point", "coordinates": [ 380796.317711999989115, 696486.877937000012025 ] } },
{ "type": "Feature", "properties": { "Type": "Start", "ID": 3667, "OUT_ID": 3283.0, "catchment_area": null }, "geometry": { "type": "Point", "coordinates": [ 692566.808889999985695, 953640.05328 ] } },
{ "type": "Feature", "properties": { "Type": "End", "ID": 3667, "OUT_ID": 3283.0, "catchment_area": 6603273337963.7705 }, "geometry": { "type": "Point", "coordinates": [ 589732.666245999978855, 550231.433962999959476 ] } },
{ "type": "Feature", "properties": { "Type": "Start", "ID": 3668, "OUT_ID": 3283.0, "catchment_area": null }, "geometry": { "type": "Point", "coordinates": [ 971968.270310999942012, 950931.685453000012785 ] } },
{ "type": "Feature", "properties": { "Type": "End", "ID": 3668, "OUT_ID": 3283.0, "catchment_area": 6603273337963.7705 }, "geometry": { "type": "Point", "coordinates": [ 589732.666245999978855, 550231.433962999959476 ] } },
{ "type": "Feature", "properties": { "Type": "Start", "ID": 3669, "OUT_ID": 3283.0, "catchment_area": null }, "geometry": { "type": "Point", "coordinates": [ 1253770.724945, 947374.735125 ] } },
{ "type": "Feature", "properties": { "Type": "End", "ID": 3669, "OUT_ID": 3283.0, "catchment_area": 6603273337963.7705 }, "geometry": { "type": "Point", "coordinates": [ 589732.666245999978855, 550231.433962999959476 ] } },
{ "type": "Feature", "properties": { "Type": "Start", "ID": 3670, "OUT_ID": 3283.0, "catchment_area": null }, "geometry": { "type": "Point", "coordinates": [ 1538728.708546, 943016.176011999952607 ] } },
{ "type": "Feature", "properties": { "Type": "End", "ID": 3670, "OUT_ID": 3283.0, "catchment_area": 6603273337963.7705 }, "geometry": { "type": "Point", "coordinates": [ 589732.666245999978855, 550231.433962999959476 ] } },
{ "type": "Feature", "properties": { "Type": "Start", "ID": 3671, "OUT_ID": 3283.0, "catchment_area": null }, "geometry": { "type": "Point", "coordinates": [ 1827653.518786, 937922.382085000048392 ] } },
{ "type": "Feature", "properties": { "Type": "End", "ID": 3671, "OUT_ID": 3283.0, "catchment_area": 6603273337963.7705 }, "geometry": { "type": "Point", "coordinates": [ 589732.666245999978855, 550231.433962999959476 ] } },
{ "type": "Feature", "properties": { "Type": "Start", "ID": 3672, "OUT_ID": 3283.0, "catchment_area": null }, "geometry": { "type": "Point", "coordinates": [ 2121432.603552000131458, 932183.961250999942422 ] } },
{ "type": "Feature", "properties": { "Type": "End", "ID": 3672, "OUT_ID": 3283.0, "catchment_area": 6603273337963.7705 }, "geometry": { "type": "Point", "coordinates": [ 589732.666245999978855, 550231.433962999959476 ] } },
{ "type": "Feature", "properties": { "Type": "Start", "ID": 3673, "OUT_ID": 3283.0, "catchment_area": null }, "geometry": { "type": "Point", "coordinates": [ 2421054.298471, 925921.866949000046588 ] } },
{ "type": "Feature", "properties": { "Type": "End", "ID": 3673, "OUT_ID": 3283.0, "catchment_area": 6603273337963.7705 }, "geometry": { "type": "Point", "coordinates": [ 589732.666245999978855, 550231.433962999959476 ] } },
{ "type": "Feature", "properties": { "Type": "Start", "ID": 3674, "OUT_ID": 5596.0, "catchment_area": null }, "geometry": { "type": "Point", "coordinates": [ 2727639.970416000112891, 919294.833226999966428 ] } },
{ "type": "Feature", "properties": { "Type": "End", "ID": 3674, "OUT_ID": 5596.0, "catchment_area": 3991867265229.334 }, "geometry": { "type": "Point", "coordinates": [ 3546181.998005, 3287297.599760000128299 ] } },
{ "type": "Feature", "properties": { "Type": "Start", "ID": 3675, "OUT_ID": 5596.0, "catchment_area": null }, "geometry": { "type": "Point", "coordinates": [ 3042486.317795, 912508.001462999964133 ] } },
{ "type": "Feature", "properties": { "Type": "End", "ID": 3675, "OUT_ID": 5596.0, "catchment_area": 3991867265229.334 }, "geometry": { "type": "Point", "coordinates": [ 3546181.998005, 3287297.599760000128299 ] } },
{ "type": "Feature", "properties": { "Type": "Start", "ID": 3676, "OUT_ID": 5596.0, "catchment_area": null }, "geometry": { "type": "Point", "coordinates": [ 3367121.418806000147015, 905822.233304 ] } },
{ "type": "Feature", "properties": { "Type": "End", "ID": 3676, "OUT_ID": 5596.0, "catchment_area": 3991867265229.334 }, "geometry": { "type": "Point", "coordinates": [ 3546181.998005, 3287297.599760000128299 ] } },
{ "type": "Feature", "properties": { "Type": "Start", "ID": 3677, "OUT_ID": 5596.0, "catchment_area": null }, "geometry": { "type": "Point", "coordinates": [ 3703379.12959, 899562.944069999968633 ] } },
{ "type": "Feature", "properties": { "Type": "End", "ID": 3677, "OUT_ID": 5596.0, "catchment_area": 3991867265229.334 }, "geometry": { "type": "Point", "coordinates": [ 3546181.998005, 3287297.599760000128299 ] } },
{ "type": "Feature", "properties": { "Type": "Start", "ID": 3678, "OUT_ID": 5596.0, "catchment_area": null }, "geometry": { "type": "Point", "coordinates": [ 4053497.384906, 894126.194067999953404 ] } },
{ "type": "Feature", "properties": { "Type": "End", "ID": 3678, "OUT_ID": 5596.0, "catchment_area": 3991867265229.334 }, "geometry": { "type": "Point", "coordinates": [ 3546181.998005, 3287297.599760000128299 ] } },
{ "type": "Feature", "properties": { "Type": "Start", "ID": 3679, "OUT_ID": 3105.0, "catchment_area": null }, "geometry": { "type": "Point", "coordinates": [ 4420246.543941999785602, 889978.15198700001929 ] } },
{ "type": "Feature", "properties": { "Type": "End", "ID": 3679, "OUT_ID": 3105.0, "catchment_area": 256469586715.39313 }, "geometry": { "type": "Point", "coordinates": [ 5029630.072596999816597, 205486.458882 ] } },
{ "type": "Feature", "properties": { "Type": "Start", "ID": 3680, "OUT_ID": 3105.0, "catchment_area": null }, "geometry": { "type": "Point", "coordinates": [ 4807093.601032, 887641.914206000044942 ] } },
{ "type": "Feature", "properties": { "Type": "End", "ID": 3680, "OUT_ID": 3105.0, "catchment_area": 256469586715.39313 }, "geometry": { "type": "Point", "coordinates": [ 5029630.072596999816597, 205486.458882 ] } },
{ "type": "Feature", "properties": { "Type": "Start", "ID": 3681, "OUT_ID": 3490.0, "catchment_area": null }, "geometry": { "type": "Point", "coordinates": [ 5211660.570363, 887641.914206000044942 ] } },
{ "type": "Feature", "properties": { "Type": "End", "ID": 3681, "OUT_ID": 3490.0, "catchment_area": 221000388552.62601 }, "geometry": { "type": "Point", "coordinates": [ 5457949.587092, 706933.6953640000429 ] } },
{ "type": "Feature", "properties": { "Type": "Start", "ID": 3700, "OUT_ID": 3508.0, "catchment_area": null }, "geometry": { "type": "Point", "coordinates": [ 10990722.441817, 950931.685453000012785 ] } },
{ "type": "Feature", "properties": { "Type": "End", "ID": 3700, "OUT_ID": 3508.0, "catchment_area": 11022735429.044556 }, "geometry": { "type": "Point", "coordinates": [ 10984316.005821, 915870.043898000032641 ] } },
{ "type": "Feature", "properties": { "Type": "Start", "ID": 3707, "OUT_ID": 3899.0, "catchment_area": null }, "geometry": { "type": "Point", "coordinates": [ 13061240.488077, 912508.001462999964133 ] } },
{ "type": "Feature", "properties": { "Type": "End", "ID": 3707, "OUT_ID": 3899.0, "catchment_area": 14405951253.800806 }, "geometry": { "type": "Point", "coordinates": [ 13073679.491163, 905423.226471 ] } },
{ "type": "Feature", "properties": { "Type": "Start", "ID": 3709, "OUT_ID": 3517.0, "catchment_area": null }, "geometry": { "type": "Point", "coordinates": [ 13722133.306551, 899562.944069999968633 ] } },
{ "type": "Feature", "properties": { "Type": "End", "ID": 3709, "OUT_ID": 3517.0, "catchment_area": 22372878841.130039 }, "geometry": { "type": "Point", "coordinates": [ 13763169.441325, 853189.13933699997142 ] } },
{ "type": "Feature", "properties": { "Type": "Start", "ID": 3719, "OUT_ID": 3720.0, "catchment_area": null }, "geometry": { "type": "Point", "coordinates": [ -2167658.457363000139594, 5724609.429801000282168 ] } },
{ "type": "Feature", "properties": { "Type": "End", "ID": 3719, "OUT_ID": 3720.0, "catchment_area": 11677551395.126411 }, "geometry": { "type": "Point", "coordinates": [ -2241354.856391999870539, 5690065.607903 ] } },
{ "type": "Feature", "properties": { "Type": "Start", "ID": 3722, "OUT_ID": 3912.0, "catchment_area": null }, "geometry": { "type": "Point", "coordinates": [ -3106269.114339999854565, 6034429.586570999585092 ] } },
{ "type": "Feature", "properties": { "Type": "End", "ID": 3722, "OUT_ID": 3912.0, "catchment_area": 72466300246.391937 }, "geometry": { "type": "Point", "coordinates": [ -3097993.885381999891251, 6045257.400410999543965 ] } },
{ "type": "Feature", "properties": { "Type": "Start", "ID": 3723, "OUT_ID": 3721.0, "catchment_area": null }, "geometry": { "type": "Point", "coordinates": [ -3585544.19583, 6108619.265615999698639 ] } },
{ "type": "Feature", "properties": { "Type": "End", "ID": 3723, "OUT_ID": 3721.0, "catchment_area": 135546904978.94395 }, "geometry": { "type": "Point", "coordinates": [ -2617440.283753000199795, 6316874.653505999594927 ] } },
{ "type": "Feature", "properties": { "Type": "Start", "ID": 3724, "OUT_ID": 4296.0, "catchment_area": null }, "geometry": { "type": "Point", "coordinates": [ -4202226.555346, 6169511.034466999582946 ] } },
{ "type": "Feature", "properties": { "Type": "End", "ID": 3724, "OUT_ID": 4296.0, "catchment_area": null }, "geometry": { "type": "Point", "coordinates": [ -4205356.532613, 6327321.470932999625802 ] } },
{ "type": "Feature", "properties": { "Type": "Start", "ID": 3725, "OUT_ID": 3343.0, "catchment_area": null }, "geometry": { "type": "Point", "coordinates": [ -5009377.085697, 6217629.775801000185311 ] } },
{ "type": "Feature", "properties": { "Type": "End", "ID": 3725, "OUT_ID": 3343.0, "catchment_area": 50857373365.690727 }, "geometry": { "type": "Point", "coordinates": [ -5061995.561603000387549, 6327321.470932999625802 ] } },
{ "type": "Feature", "properties": { "Type": "Start", "ID": 3726, "OUT_ID": 4300.0, "catchment_area": null }, "geometry": { "type": "Point", "coordinates": [ -6073113.127922999672592, 6253378.588068 ] } },
{ "type": "Feature", "properties": { "Type": "End", "ID": 3726, "OUT_ID": 4300.0, "catchment_area": 70610988342.493347 }, "geometry": { "type": "Point", "coordinates": [ -6085783.669420000165701, 6295981.018652000464499 ] } },
{ "type": "Feature", "properties": { "Type": "Start", "ID": 3727, "OUT_ID": 4110.0, "catchment_area": null }, "geometry": { "type": "Point", "coordinates": [ -7449670.05271300021559, 6277050.458614000119269 ] } },
{ "type": "Feature", "properties": { "Type": "End", "ID": 3727, "OUT_ID": 4110.0, "catchment_area": 36887966089.277824 }, "geometry": { "type": "Point", "coordinates": [ -7454316.752318999730051, 6264640.566371999680996 ] } },
{ "type": "Feature", "properties": { "Type": "Start", "ID": 3728, "OUT_ID": 4112.0, "catchment_area": null }, "geometry": { "type": "Point", "coordinates": [ -9120124.178928999230266, 6288836.350665000267327 ] } },
{ "type": "Feature", "properties": { "Type": "End", "ID": 3728, "OUT_ID": 4112.0, "catchment_area": 33286478275.827621 }, "geometry": { "type": "Point", "coordinates": [ -9115360.723166, 6264640.566371999680996 ] } },
{ "type": "Feature", "properties": { "Type": "Start", "ID": 3736, "OUT_ID": 3542.0, "catchment_area": null }, "geometry": { "type": "Point", "coordinates": [ -17311107.80915, 5946279.011725000105798 ] } },
{ "type": "Feature", "properties": { "Type": "End", "ID": 3736, "OUT_ID": 3542.0, "catchment_area": 142531608617.15039 }, "geometry": { "type": "Point", "coordinates": [ -17316112.403132, 6003470.130705 ] } },
{ "type": "Feature", "properties": { "Type": "Start", "ID": 3737, "OUT_ID": 3545.0, "catchment_area": null }, "geometry": { "type": "Point", "coordinates": [ -17617906.028964001685381, 5843343.964808000251651 ] } },
{ "type": "Feature", "properties": { "Type": "End", "ID": 3737, "OUT_ID": 3545.0, "catchment_area": 76395196042.883057 }, "geometry": { "type": "Point", "coordinates": [ -18026495.988148, 5815427.417023999616504 ] } },
{ "type": "Feature", "properties": { "Type": "Start", "ID": 3738, "OUT_ID": 3932.0, "catchment_area": null }, "geometry": { "type": "Point", "coordinates": [ -17869849.888765998184681, 5724609.429801000282168 ] } },
{ "type": "Feature", "properties": { "Type": "End", "ID": 3738, "OUT_ID": 3932.0, "catchment_area": 18662255033.332863 }, "geometry": { "type": "Point", "coordinates": [ -17932474.631308, 5700512.42533 ] } },
{ "type": "Feature", "properties": { "Type": "Start", "ID": 3739, "OUT_ID": 3740.0, "catchment_area": null }, "geometry": { "type": "Point", "coordinates": [ -18079662.193345, 5588826.672619 ] } },
{ "type": "Feature", "properties": { "Type": "End", "ID": 3739, "OUT_ID": 3740.0, "catchment_area": 944572031073.07556 }, "geometry": { "type": "Point", "coordinates": [ -18068283.257855001837015, 5470682.441941999830306 ] } },
{ "type": "Feature", "properties": { "Type": "Start", "ID": 3777, "OUT_ID": 3970.0, "catchment_area": null }, "geometry": { "type": "Point", "coordinates": [ -8796317.199194999411702, 4301588.132453000172973 ] } },
{ "type": "Feature", "properties": { "Type": "End", "ID": 3777, "OUT_ID": 3970.0, "catchment_area": 777703095716.54956 }, "geometry": { "type": "Point", "coordinates": [ -8760168.930657999590039, 4363319.794711000286043 ] } },
{ "type": "Feature", "properties": { "Type": "Start", "ID": 3778, "OUT_ID": 3970.0, "catchment_area": null }, "geometry": { "type": "Point", "coordinates": [ -8855619.028898999094963, 4014579.138371999841183 ] } },
{ "type": "Feature", "properties": { "Type": "End", "ID": 3778, "OUT_ID": 3970.0, "catchment_area": 777703095716.54956 }, "geometry": { "type": "Point", "coordinates": [ -8760168.930657999590039, 4363319.794711000286043 ] } },
{ "type": "Feature", "properties": { "Type": "Start", "ID": 3779, "OUT_ID": 3780.0, "catchment_area": null }, "geometry": { "type": "Point", "coordinates": [ -8900606.543544, 3728858.362729 ] } },
{ "type": "Feature", "properties": { "Type": "End", "ID": 3779, "OUT_ID": 3780.0, "catchment_area": 23900782761.987701 }, "geometry": { "type": "Point", "coordinates": [ -8875083.922351000830531, 3600702.122562 ] } },
{ "type": "Feature", "properties": { "Type": "Start", "ID": 3789, "OUT_ID": 3788.0, "catchment_area": null }, "geometry": { "type": "Point", "coordinates": [ -9046785.900971999391913, 950931.685453000012785 ] } },
{ "type": "Feature", "properties": { "Type": "End", "ID": 3789, "OUT_ID": 3788.0, "catchment_area": 11131871423.391533 }, "geometry": { "type": "Point", "coordinates": [ -9042233.001179000362754, 978550.948457999969833 ] } },
{ "type": "Feature", "properties": { "Type": "Start", "ID": 3816, "OUT_ID": 3815.0, "catchment_area": null }, "geometry": { "type": "Point", "coordinates": [ -7599151.856456000357866, -5843343.964808000251651 ] } },
{ "type": "Feature", "properties": { "Type": "End", "ID": 3816, "OUT_ID": 3815.0, "catchment_area": 17243487106.822178 }, "geometry": { "type": "Point", "coordinates": [ -7600572.196293000131845, -5832774.013756000436842 ] } },
{ "type": "Feature", "properties": { "Type": "Start", "ID": 3817, "OUT_ID": 4009.0, "catchment_area": null }, "geometry": { "type": "Point", "coordinates": [ -7292353.634416, -5946279.011725000105798 ] } },
{ "type": "Feature", "properties": { "Type": "End", "ID": 3817, "OUT_ID": 4009.0, "catchment_area": 53258365241.324188 }, "geometry": { "type": "Point", "coordinates": [ -6775273.619583000428975, -5864114.466036000289023 ] } },
{ "type": "Feature", "properties": { "Type": "Start", "ID": 3818, "OUT_ID": 4009.0, "catchment_area": null }, "geometry": { "type": "Point", "coordinates": [ -6912485.057055000215769, -6034429.586570999585092 ] } },
{ "type": "Feature", "properties": { "Type": "End", "ID": 3818, "OUT_ID": 4009.0, "catchment_area": 19971886965.496571 }, "geometry": { "type": "Point", "coordinates": [ -6702145.897595999762416, -6041710.362289999611676 ] } },
{ "type": "Feature", "properties": { "Type": "Start", "ID": 3821, "OUT_ID": 4012.0, "catchment_area": null }, "geometry": { "type": "Point", "coordinates": [ -5009377.085697, -6217629.775801000185311 ] } },
{ "type": "Feature", "properties": { "Type": "End", "ID": 3821, "OUT_ID": 4012.0, "catchment_area": 11241007417.738508 }, "geometry": { "type": "Point", "coordinates": [ -5009761.474468999542296, -6219306.258543999865651 ] } },
{ "type": "Feature", "properties": { "Type": "Start", "ID": 3822, "OUT_ID": 4204.0, "catchment_area": null }, "geometry": { "type": "Point", "coordinates": [ -3945641.043472, -6253378.588068 ] } },
{ "type": "Feature", "properties": { "Type": "End", "ID": 3822, "OUT_ID": 4204.0, "catchment_area": 1357324361693.3381 }, "geometry": { "type": "Point", "coordinates": [ -4476973.785706999711692, -6219306.258543999865651 ] } },
{ "type": "Feature", "properties": { "Type": "Start", "ID": 3823, "OUT_ID": 4204.0, "catchment_area": null }, "geometry": { "type": "Point", "coordinates": [ -2569084.118681, -6277050.458614000119269 ] } },
{ "type": "Feature", "properties": { "Type": "End", "ID": 3823, "OUT_ID": 4204.0, "catchment_area": 1357324361693.3381 }, "geometry": { "type": "Point", "coordinates": [ -4476973.785706999711692, -6219306.258543999865651 ] } },
{ "type": "Feature", "properties": { "Type": "Start", "ID": 3824, "OUT_ID": 4204.0, "catchment_area": null }, "geometry": { "type": "Point", "coordinates": [ -898629.99202, -6288836.350665000267327 ] } },
{ "type": "Feature", "properties": { "Type": "End", "ID": 3824, "OUT_ID": 4204.0, "catchment_area": 1357324361693.3381 }, "geometry": { "type": "Point", "coordinates": [ -4476973.785706999711692, -6219306.258543999865651 ] } },
{ "type": "Feature", "properties": { "Type": "Start", "ID": 3825, "OUT_ID": 4204.0, "catchment_area": null }, "geometry": { "type": "Point", "coordinates": [ 898629.99202, -6288836.350665000267327 ] } },
{ "type": "Feature", "properties": { "Type": "End", "ID": 3825, "OUT_ID": 4204.0, "catchment_area": 1357324361693.3381 }, "geometry": { "type": "Point", "coordinates": [ -4476973.785706999711692, -6219306.258543999865651 ] } },
{ "type": "Feature", "properties": { "Type": "Start", "ID": 3826, "OUT_ID": 4204.0, "catchment_area": null }, "geometry": { "type": "Point", "coordinates": [ 2569084.118681, -6277050.458614000119269 ] } },
{ "type": "Feature", "properties": { "Type": "End", "ID": 3826, "OUT_ID": 4204.0, "catchment_area": 1357324361693.3381 }, "geometry": { "type": "Point", "coordinates": [ -4476973.785706999711692, -6219306.258543999865651 ] } },
{ "type": "Feature", "properties": { "Type": "Start", "ID": 3827, "OUT_ID": 4598.0, "catchment_area": null }, "geometry": { "type": "Point", "coordinates": [ 3945641.043472, -6253378.588068 ] } },
{ "type": "Feature", "properties": { "Type": "End", "ID": 3827, "OUT_ID": 4598.0, "catchment_area": null }, "geometry": { "type": "Point", "coordinates": [ 3817799.251099000219256, -6355114.885091000236571 ] } },
{ "type": "Feature", "properties": { "Type": "Start", "ID": 3828, "OUT_ID": 4407.0, "catchment_area": null }, "geometry": { "type": "Point", "coordinates": [ 5009377.085697, -6217629.775801000185311 ] } },
{ "type": "Feature", "properties": { "Type": "End", "ID": 3828, "OUT_ID": 4407.0, "catchment_area": 11677551395.126411 }, "geometry": { "type": "Point", "coordinates": [ 5019183.255171, -5874561.283463000319898 ] } },
{ "type": "Feature", "properties": { "Type": "Start", "ID": 3829, "OUT_ID": 3834.0, "catchment_area": null }, "geometry": { "type": "Point", "coordinates": [ 5816527.616049, -6169511.034466999582946 ] } },
{ "type": "Feature", "properties": { "Type": "End", "ID": 3829, "OUT_ID": 3834.0, "catchment_area": 646739902500.17859 }, "geometry": { "type": "Point", "coordinates": [ 7839823.960381999611855, -5926795.370596 ] } },
{ "type": "Feature", "properties": { "Type": "Start", "ID": 3830, "OUT_ID": 3834.0, "catchment_area": null }, "geometry": { "type": "Point", "coordinates": [ 6433209.9755650004372, -6108619.265615999698639 ] } },
{ "type": "Feature", "properties": { "Type": "End", "ID": 3830, "OUT_ID": 3834.0, "catchment_area": 646739902500.17859 }, "geometry": { "type": "Point", "coordinates": [ 7839823.960381999611855, -5926795.370596 ] } },
{ "type": "Feature", "properties": { "Type": "Start", "ID": 3831, "OUT_ID": 3834.0, "catchment_area": null }, "geometry": { "type": "Point", "coordinates": [ 6912485.057055000215769, -6034429.586570999585092 ] } },
{ "type": "Feature", "properties": { "Type": "End", "ID": 3831, "OUT_ID": 3834.0, "catchment_area": 646739902500.17859 }, "geometry": { "type": "Point", "coordinates": [ 7839823.960381999611855, -5926795.370596 ] } },
{ "type": "Feature", "properties": { "Type": "Start", "ID": 3832, "OUT_ID": 3834.0, "catchment_area": null }, "geometry": { "type": "Point", "coordinates": [ 7292353.634416, -5946279.011725000105798 ] } },
{ "type": "Feature", "properties": { "Type": "End", "ID": 3832, "OUT_ID": 3834.0, "catchment_area": 646739902500.17859 }, "geometry": { "type": "Point", "coordinates": [ 7839823.960381999611855, -5926795.370596 ] } },
{ "type": "Feature", "properties": { "Type": "Start", "ID": 3850, "OUT_ID": 3658.0, "catchment_area": null }, "geometry": { "type": "Point", "coordinates": [ -1833880.95374, 1206520.261815 ] } },
{ "type": "Feature", "properties": { "Type": "End", "ID": 3850, "OUT_ID": 3658.0, "catchment_area": 35250926174.073181 }, "geometry": { "type": "Point", "coordinates": [ -1854822.611603, 1197934.114419 ] } },
{ "type": "Feature", "properties": { "Type": "Start", "ID": 3851, "OUT_ID": 3658.0, "catchment_area": null }, "geometry": { "type": "Point", "coordinates": [ -1544277.418545, 1213236.747844999888912 ] } },
{ "type": "Feature", "properties": { "Type": "End", "ID": 3851, "OUT_ID": 3658.0, "catchment_area": 12441503355.555241 }, "geometry": { "type": "Point", "coordinates": [ -1614545.810789, 1051678.670445 ] } },
{ "type": "Feature", "properties": { "Type": "Start", "ID": 3852, "OUT_ID": 3283.0, "catchment_area": null }, "geometry": { "type": "Point", "coordinates": [ -1258498.398040999891236, 1218980.860843 ] } },
{ "type": "Feature", "properties": { "Type": "End", "ID": 3852, "OUT_ID": 3283.0, "catchment_area": 6603273337963.7705 }, "geometry": { "type": "Point", "coordinates": [ 589732.666245999978855, 550231.433962999959476 ] } },
{ "type": "Feature", "properties": { "Type": "Start", "ID": 3853, "OUT_ID": 3283.0, "catchment_area": null }, "geometry": { "type": "Point", "coordinates": [ -975762.042231000028551, 1223666.389101 ] } },
{ "type": "Feature", "properties": { "Type": "End", "ID": 3853, "OUT_ID": 3283.0, "catchment_area": 6603273337963.7705 }, "geometry": { "type": "Point", "coordinates": [ 589732.666245999978855, 550231.433962999959476 ] } },
{ "type": "Feature", "properties": { "Type": "Start", "ID": 3854, "OUT_ID": 3283.0, "catchment_area": null }, "geometry": { "type": "Point", "coordinates": [ -695341.55840600002557, 1227231.991754 ] } },
{ "type": "Feature", "properties": { "Type": "End", "ID": 3854, "OUT_ID": 3283.0, "catchment_area": 6603273337963.7705 }, "geometry": { "type": "Point", "coordinates": [ 589732.666245999978855, 550231.433962999959476 ] } },
{ "type": "Feature", "properties": { "Type": "Start", "ID": 3855, "OUT_ID": 3281.0, "catchment_area": null }, "geometry": { "type": "Point", "coordinates": [ -416549.869422000017948, 1229636.22937 ] } },
{ "type": "Feature", "properties": { "Type": "End", "ID": 3855, "OUT_ID": 3281.0, "catchment_area": 355565069582.44714 }, "geometry": { "type": "Point", "coordinates": [ 56944.977484000002733, 623359.155950000043958 ] } },
{ "type": "Feature", "properties": { "Type": "Start", "ID": 3856, "OUT_ID": 3281.0, "catchment_area": null }, "geometry": { "type": "Point", "coordinates": [ -138726.993076000013389, 1230853.968559 ] } },
{ "type": "Feature", "properties": { "Type": "End", "ID": 3856, "OUT_ID": 3281.0, "catchment_area": 355565069582.44714 }, "geometry": { "type": "Point", "coordinates": [ 56944.977484000002733, 623359.155950000043958 ] } },
{ "type": "Feature", "properties": { "Type": "Start", "ID": 3857, "OUT_ID": 3281.0, "catchment_area": null }, "geometry": { "type": "Point", "coordinates": [ 138726.993076000013389, 1230853.968559 ] } },
{ "type": "Feature", "properties": { "Type": "End", "ID": 3857, "OUT_ID": 3281.0, "catchment_area": 355565069582.44714 }, "geometry": { "type": "Point", "coordinates": [ 56944.977484000002733, 623359.155950000043958 ] } },
{ "type": "Feature", "properties": { "Type": "Start", "ID": 3858, "OUT_ID": 3283.0, "catchment_area": null }, "geometry": { "type": "Point", "coordinates": [ 416549.869422000017948, 1229636.22937 ] } },
{ "type": "Feature", "properties": { "Type": "End", "ID": 3858, "OUT_ID": 3283.0, "catchment_area": 6603273337963.7705 }, "geometry": { "type": "Point", "coordinates": [ 589732.666245999978855, 550231.433962999959476 ] } },
{ "type": "Feature", "properties": { "Type": "Start", "ID": 3859, "OUT_ID": 3283.0, "catchment_area": null }, "geometry": { "type": "Point", "coordinates": [ 695341.55840600002557, 1227231.991754 ] } },
{ "type": "Feature", "properties": { "Type": "End", "ID": 3859, "OUT_ID": 3283.0, "catchment_area": 6603273337963.7705 }, "geometry": { "type": "Point", "coordinates": [ 589732.666245999978855, 550231.433962999959476 ] } },
{ "type": "Feature", "properties": { "Type": "Start", "ID": 3860, "OUT_ID": 3283.0, "catchment_area": null }, "geometry": { "type": "Point", "coordinates": [ 975762.042231000028551, 1223666.389101 ] } },
{ "type": "Feature", "properties": { "Type": "End", "ID": 3860, "OUT_ID": 3283.0, "catchment_area": 6603273337963.7705 }, "geometry": { "type": "Point", "coordinates": [ 589732.666245999978855, 550231.433962999959476 ] } },
{ "type": "Feature", "properties": { "Type": "Start", "ID": 3861, "OUT_ID": 3283.0, "catchment_area": null }, "geometry": { "type": "Point", "coordinates": [ 1258498.398040999891236, 1218980.860843 ] } },
{ "type": "Feature", "properties": { "Type": "End", "ID": 3861, "OUT_ID": 3283.0, "catchment_area": 6603273337963.7705 }, "geometry": { "type": "Point", "coordinates": [ 589732.666245999978855, 550231.433962999959476 ] } },
{ "type": "Feature", "properties": { "Type": "Start", "ID": 3862, "OUT_ID": 3283.0, "catchment_area": null }, "geometry": { "type": "Point", "coordinates": [ 1544277.418545, 1213236.747844999888912 ] } },
{ "type": "Feature", "properties": { "Type": "End", "ID": 3862, "OUT_ID": 3283.0, "catchment_area": 6603273337963.7705 }, "geometry": { "type": "Point", "coordinates": [ 589732.666245999978855, 550231.433962999959476 ] } },
{ "type": "Feature", "properties": { "Type": "Start", "ID": 3863, "OUT_ID": 3283.0, "catchment_area": null }, "geometry": { "type": "Point", "coordinates": [ 1833880.95374, 1206520.261815 ] } },
{ "type": "Feature", "properties": { "Type": "End", "ID": 3863, "OUT_ID": 3283.0, "catchment_area": 6603273337963.7705 }, "geometry": { "type": "Point", "coordinates": [ 589732.666245999978855, 550231.433962999959476 ] } },
{ "type": "Feature", "properties": { "Type": "Start", "ID": 3864, "OUT_ID": 3283.0, "catchment_area": null }, "geometry": { "type": "Point", "coordinates": [ 2128165.204129000194371, 1198949.045403 ] } },
{ "type": "Feature", "properties": { "Type": "End", "ID": 3864, "OUT_ID": 3283.0, "catchment_area": 6603273337963.7705 }, "geometry": { "type": "Point", "coordinates": [ 589732.666245999978855, 550231.433962999959476 ] } },
{ "type": "Feature", "properties": { "Type": "Start", "ID": 3865, "OUT_ID": 3283.0, "catchment_area": null }, "geometry": { "type": "Point", "coordinates": [ 2428085.603751, 1190680.491899 ] } },
{ "type": "Feature", "properties": { "Type": "End", "ID": 3865, "OUT_ID": 3283.0, "catchment_area": 6603273337963.7705 }, "geometry": { "type": "Point", "coordinates": [ 589732.666245999978855, 550231.433962999959476 ] } },
{ "type": "Feature", "properties": { "Type": "Start", "ID": 3866, "OUT_ID": 5596.0, "catchment_area": null }, "geometry": { "type": "Point", "coordinates": [ 2734729.557015, 1181921.957678 ] } },
{ "type": "Feature", "properties": { "Type": "End", "ID": 3866, "OUT_ID": 5596.0, "catchment_area": 3991867265229.334 }, "geometry": { "type": "Point", "coordinates": [ 3546181.998005, 3287297.599760000128299 ] } },
{ "type": "Feature", "properties": { "Type": "Start", "ID": 3867, "OUT_ID": 5596.0, "catchment_area": null }, "geometry": { "type": "Point", "coordinates": [ 3049360.031411, 1172942.67956 ] } },
{ "type": "Feature", "properties": { "Type": "End", "ID": 3867, "OUT_ID": 5596.0, "catchment_area": 3991867265229.334 }, "geometry": { "type": "Point", "coordinates": [ 3546181.998005, 3287297.599760000128299 ] } },
{ "type": "Feature", "properties": { "Type": "Start", "ID": 3868, "OUT_ID": 5596.0, "catchment_area": null }, "geometry": { "type": "Point", "coordinates": [ 3373474.036981, 1164086.770036 ] } },
{ "type": "Feature", "properties": { "Type": "End", "ID": 3868, "OUT_ID": 5596.0, "catchment_area": 3991867265229.334 }, "geometry": { "type": "Point", "coordinates": [ 3546181.998005, 3287297.599760000128299 ] } },
{ "type": "Feature", "properties": { "Type": "Start", "ID": 3869, "OUT_ID": 5596.0, "catchment_area": null }, "geometry": { "type": "Point", "coordinates": [ 3708881.118799999821931, 1155785.679658999899402 ] } },
{ "type": "Feature", "properties": { "Type": "End", "ID": 3869, "OUT_ID": 5596.0, "catchment_area": 3991867265229.334 }, "geometry": { "type": "Point", "coordinates": [ 3546181.998005, 3287297.599760000128299 ] } },
{ "type": "Feature", "properties": { "Type": "Start", "ID": 3870, "OUT_ID": 5596.0, "catchment_area": null }, "geometry": { "type": "Point", "coordinates": [ 4057808.003982, 1148566.937481 ] } },
{ "type": "Feature", "properties": { "Type": "End", "ID": 3870, "OUT_ID": 5596.0, "catchment_area": 3991867265229.334 }, "geometry": { "type": "Point", "coordinates": [ 3546181.998005, 3287297.599760000128299 ] } },
{ "type": "Feature", "properties": { "Type": "Start", "ID": 3871, "OUT_ID": 4064.0, "catchment_area": null }, "geometry": { "type": "Point", "coordinates": [ 4423036.028931000269949, 1143053.657193 ] } },
{ "type": "Feature", "properties": { "Type": "End", "ID": 3871, "OUT_ID": 4064.0, "catchment_area": 163158311548.72882 }, "geometry": { "type": "Point", "coordinates": [ 4758012.819503, 1281508.653832 ] } },
{ "type": "Feature", "properties": { "Type": "Start", "ID": 3872, "OUT_ID": 4064.0, "catchment_area": null }, "geometry": { "type": "Point", "coordinates": [ 4808077.017451000399888, 1139946.25123 ] } },
{ "type": "Feature", "properties": { "Type": "End", "ID": 3872, "OUT_ID": 4064.0, "catchment_area": 12114095372.514315 }, "geometry": { "type": "Point", "coordinates": [ 4820693.724062999710441, 1260615.018979 ] } },
{ "type": "Feature", "properties": { "Type": "Start", "ID": 3873, "OUT_ID": 4065.0, "catchment_area": null }, "geometry": { "type": "Point", "coordinates": [ 5210677.153943999670446, 1139946.25123 ] } },
{ "type": "Feature", "properties": { "Type": "End", "ID": 3873, "OUT_ID": 4065.0, "catchment_area": 11350143412.085484 }, "geometry": { "type": "Point", "coordinates": [ 5186332.333998000249267, 1177040.479565 ] } },
{ "type": "Feature", "properties": { "Type": "Start", "ID": 3874, "OUT_ID": 3682.0, "catchment_area": null }, "geometry": { "type": "Point", "coordinates": [ 5595718.142463999800384, 1143053.657193 ] } },
{ "type": "Feature", "properties": { "Type": "End", "ID": 3874, "OUT_ID": 3682.0, "catchment_area": 28593630518.907661 }, "geometry": { "type": "Point", "coordinates": [ 5666885.935626000165939, 1135253.209859 ] } },
{ "type": "Feature", "properties": { "Type": "Start", "ID": 3884, "OUT_ID": 3692.0, "catchment_area": null }, "geometry": { "type": "Point", "coordinates": [ 8760255.773353999480605, 1218980.860843 ] } },
{ "type": "Feature", "properties": { "Type": "End", "ID": 3884, "OUT_ID": 3692.0, "catchment_area": 63517148709.939919 }, "geometry": { "type": "Point", "coordinates": [ 8759143.893931999802589, 1208380.931846 ] } },
{ "type": "Feature", "properties": { "Type": "Start", "ID": 3892, "OUT_ID": 3891.0, "catchment_area": null }, "geometry": { "type": "Point", "coordinates": [ 10994516.213403, 1223666.389101 ] } },
{ "type": "Feature", "properties": { "Type": "End", "ID": 3892, "OUT_ID": 3891.0, "catchment_area": 11568415400.779434 }, "geometry": { "type": "Point", "coordinates": [ 10984316.005821, 1218827.749272 ] } },
{ "type": "Feature", "properties": { "Type": "Start", "ID": 3894, "OUT_ID": 3893.0, "catchment_area": null }, "geometry": { "type": "Point", "coordinates": [ 11563031.592166, 1213236.747844999888912 ] } },
{ "type": "Feature", "properties": { "Type": "End", "ID": 3894, "OUT_ID": 3893.0, "catchment_area": 11241007417.738508 }, "geometry": { "type": "Point", "coordinates": [ 11537997.329437, 1208380.931846 ] } },
{ "type": "Feature", "properties": { "Type": "Start", "ID": 3895, "OUT_ID": 3703.0, "catchment_area": null }, "geometry": { "type": "Point", "coordinates": [ 11852635.125134, 1206520.261815 ] } },
{ "type": "Feature", "properties": { "Type": "End", "ID": 3895, "OUT_ID": 3703.0, "catchment_area": 14515087248.147781 }, "geometry": { "type": "Point", "coordinates": [ 11851401.852238, 1197934.114419 ] } },
{ "type": "Feature", "properties": { "Type": "Start", "ID": 3901, "OUT_ID": 3900.0, "catchment_area": null }, "geometry": { "type": "Point", "coordinates": [ 13727635.294647, 1155785.679658999899402 ] } },
{ "type": "Feature", "properties": { "Type": "End", "ID": 3901, "OUT_ID": 3900.0, "catchment_area": 89491515364.520157 }, "geometry": { "type": "Point", "coordinates": [ 13658701.267058, 1124806.392432 ] } },
{ "type": "Feature", "properties": { "Type": "Start", "ID": 3914, "OUT_ID": 4104.0, "catchment_area": null }, "geometry": { "type": "Point", "coordinates": [ -3826108.447402, 5987925.926571000367403 ] } },
{ "type": "Feature", "properties": { "Type": "End", "ID": 3914, "OUT_ID": 4104.0, "catchment_area": 55331949133.916733 }, "geometry": { "type": "Point", "coordinates": [ -3620334.756717000156641, 5919895.591291000135243 ] } },
{ "type": "Feature", "properties": { "Type": "Start", "ID": 3915, "OUT_ID": 4296.0, "catchment_area": null }, "geometry": { "type": "Point", "coordinates": [ -4356255.537649, 6061447.755568999797106 ] } },
{ "type": "Feature", "properties": { "Type": "End", "ID": 3915, "OUT_ID": 4296.0, "catchment_area": 55004541150.875809 }, "geometry": { "type": "Point", "coordinates": [ -4215803.35004, 5815427.417023999616504 ] } },
{ "type": "Feature", "properties": { "Type": "Start", "ID": 3916, "OUT_ID": 4491.0, "catchment_area": null }, "geometry": { "type": "Point", "coordinates": [ -5009377.085697, 6121805.448185999877751 ] } },
{ "type": "Feature", "properties": { "Type": "End", "ID": 3916, "OUT_ID": 4491.0, "catchment_area": 86326571528.457855 }, "geometry": { "type": "Point", "coordinates": [ -5688804.607204999774694, 5993023.313277999870479 ] } },
{ "type": "Feature", "properties": { "Type": "Start", "ID": 3917, "OUT_ID": 4300.0, "catchment_area": null }, "geometry": { "type": "Point", "coordinates": [ -5816527.616049, 6169511.034466999582946 ] } },
{ "type": "Feature", "properties": { "Type": "End", "ID": 3917, "OUT_ID": 4300.0, "catchment_area": 51621325326.119553 }, "geometry": { "type": "Point", "coordinates": [ -6179805.026261, 6055704.21783799957484 ] } },
{ "type": "Feature", "properties": { "Type": "Start", "ID": 3918, "OUT_ID": 4301.0, "catchment_area": null }, "geometry": { "type": "Point", "coordinates": [ -6805955.810929000377655, 6204957.913336999714375 ] } },
{ "type": "Feature", "properties": { "Type": "End", "ID": 3918, "OUT_ID": 4301.0, "catchment_area": 32413390321.051815 }, "geometry": { "type": "Point", "coordinates": [ -6806614.071863000281155, 6170619.209532000124454 ] } },
{ "type": "Feature", "properties": { "Type": "Start", "ID": 3919, "OUT_ID": 3344.0, "catchment_area": null }, "geometry": { "type": "Point", "coordinates": [ -7986226.622016999870539, 6228432.233548999764025 ] } },
{ "type": "Feature", "properties": { "Type": "End", "ID": 3919, "OUT_ID": 3344.0, "catchment_area": 68646540444.24778 }, "geometry": { "type": "Point", "coordinates": [ -7987104.441080999560654, 6243746.931518999859691 ] } },
{ "type": "Feature", "properties": { "Type": "Start", "ID": 3920, "OUT_ID": 4112.0, "catchment_area": null }, "geometry": { "type": "Point", "coordinates": [ -9321034.729144999757409, 6240120.739203000441194 ] } },
{ "type": "Feature", "properties": { "Type": "End", "ID": 3920, "OUT_ID": 4112.0, "catchment_area": 44854893676.607056 }, "geometry": { "type": "Point", "coordinates": [ -9324297.071699999272823, 6243746.931518999859691 ] } },
{ "type": "Feature", "properties": { "Type": "Start", "ID": 3923, "OUT_ID": 4308.0, "catchment_area": null }, "geometry": { "type": "Point", "coordinates": [ -13231552.529633, 6204957.913336999714375 ] } },
{ "type": "Feature", "properties": { "Type": "End", "ID": 3923, "OUT_ID": 4308.0, "catchment_area": 918161120441.10742 }, "geometry": { "type": "Point", "coordinates": [ -13231406.789289, 6212406.479239 ] } },
{ "type": "Feature", "properties": { "Type": "Start", "ID": 3928, "OUT_ID": 3740.0, "catchment_area": null }, "geometry": { "type": "Point", "coordinates": [ -16645473.014139, 5900593.30938300024718 ] } },
{ "type": "Feature", "properties": { "Type": "End", "ID": 3928, "OUT_ID": 3740.0, "catchment_area": 944572031073.07556 }, "geometry": { "type": "Point", "coordinates": [ -18068283.257855001837015, 5470682.441941999830306 ] } },
{ "type": "Feature", "properties": { "Type": "Start", "ID": 3929, "OUT_ID": 3740.0, "catchment_area": null }, "geometry": { "type": "Point", "coordinates": [ -17004701.478471, 5798646.448792999610305 ] } },
{ "type": "Feature", "properties": { "Type": "End", "ID": 3929, "OUT_ID": 3740.0, "catchment_area": 944572031073.07556 }, "geometry": { "type": "Point", "coordinates": [ -18068283.257855001837015, 5470682.441941999830306 ] } },
{ "type": "Feature", "properties": { "Type": "Start", "ID": 3930, "OUT_ID": 3740.0, "catchment_area": null }, "geometry": { "type": "Point", "coordinates": [ -17305194.840625, 5681094.434568 ] } },
{ "type": "Feature", "properties": { "Type": "End", "ID": 3930, "OUT_ID": 3740.0, "catchment_area": 944572031073.07556 }, "geometry": { "type": "Point", "coordinates": [ -18068283.257855001837015, 5470682.441941999830306 ] } },
{ "type": "Feature", "properties": { "Type": "Start", "ID": 3931, "OUT_ID": 3740.0, "catchment_area": null }, "geometry": { "type": "Point", "coordinates": [ -17558992.481642998754978, 5546716.525986 ] } },
{ "type": "Feature", "properties": { "Type": "End", "ID": 3931, "OUT_ID": 3740.0, "catchment_area": 944572031073.07556 }, "geometry": { "type": "Point", "coordinates": [ -18068283.257855001837015, 5470682.441941999830306 ] } },
{ "type": "Feature", "properties": { "Type": "Start", "ID": 3969, "OUT_ID": 3970.0, "catchment_area": null }, "geometry": { "type": "Point", "coordinates": [ -8451120.006758999079466, 4274139.056154999881983 ] } },
{ "type": "Feature", "properties": { "Type": "End", "ID": 3969, "OUT_ID": 3970.0, "catchment_area": 60243068879.53064 }, "geometry": { "type": "Point", "coordinates": [ -8467658.042710000649095, 4039468.454483 ] } },
{ "type": "Feature", "properties": { "Type": "Start", "ID": 3976, "OUT_ID": 3975.0, "catchment_area": null }, "geometry": { "type": "Point", "coordinates": [ -8722549.619847999885678, 2313438.204440999776125 ] } },
{ "type": "Feature", "properties": { "Type": "End", "ID": 3976, "OUT_ID": 3975.0, "catchment_area": 14187679265.106853 }, "geometry": { "type": "Point", "coordinates": [ -8728828.478377999737859, 2315743.579076999798417 ] } },
{ "type": "Feature", "properties": { "Type": "Start", "ID": 3984, "OUT_ID": 3792.0, "catchment_area": null }, "geometry": { "type": "Point", "coordinates": [ -8771599.326314000412822, 135163.197944000014104 ] } },
{ "type": "Feature", "properties": { "Type": "End", "ID": 3984, "OUT_ID": 3792.0, "catchment_area": 11568415400.779434 }, "geometry": { "type": "Point", "coordinates": [ -8812403.017790999263525, 153252.371748 ] } },
{ "type": "Feature", "properties": { "Type": "Start", "ID": 3985, "OUT_ID": 5905.0, "catchment_area": null }, "geometry": { "type": "Point", "coordinates": [ -8771599.326314000412822, -135163.197944000014104 ] } },
{ "type": "Feature", "properties": { "Type": "End", "ID": 3985, "OUT_ID": 5905.0, "catchment_area": 4994172237311.96 }, "geometry": { "type": "Point", "coordinates": [ -6514103.183915000408888, -358641.682160999975167 ] } },
{ "type": "Feature", "properties": { "Type": "Start", "ID": 3986, "OUT_ID": 5905.0, "catchment_area": null }, "geometry": { "type": "Point", "coordinates": [ -8770542.135128000751138, -405614.855697 ] } },
{ "type": "Feature", "properties": { "Type": "End", "ID": 3986, "OUT_ID": 5905.0, "catchment_area": 4994172237311.96 }, "geometry": { "type": "Point", "coordinates": [ -6514103.183915000408888, -358641.682160999975167 ] } },
{ "type": "Feature", "properties": { "Type": "Start", "ID": 3987, "OUT_ID": 5905.0, "catchment_area": null }, "geometry": { "type": "Point", "coordinates": [ -8768365.836857000365853, -676301.746861999970861 ] } },
{ "type": "Feature", "properties": { "Type": "End", "ID": 3987, "OUT_ID": 5905.0, "catchment_area": 4994172237311.96 }, "geometry": { "type": "Point", "coordinates": [ -6514103.183915000408888, -358641.682160999975167 ] } },
{ "type": "Feature", "properties": { "Type": "Start", "ID": 3988, "OUT_ID": 3796.0, "catchment_area": null }, "geometry": { "type": "Point", "coordinates": [ -8764983.446449000388384, -947374.735125 ] } },
{ "type": "Feature", "properties": { "Type": "End", "ID": 3988, "OUT_ID": 3796.0, "catchment_area": 12878047332.943146 }, "geometry": { "type": "Point", "coordinates": [ -8791509.38293799944222, -954110.275482999975793 ] } },
{ "type": "Feature", "properties": { "Type": "Start", "ID": 4001, "OUT_ID": 4000.0, "catchment_area": null }, "geometry": { "type": "Point", "coordinates": [ -8353360.058160999789834, -4554063.743706 ] } },
{ "type": "Feature", "properties": { "Type": "End", "ID": 4001, "OUT_ID": 4000.0, "catchment_area": 48892925467.44516 }, "geometry": { "type": "Point", "coordinates": [ -8363189.868443000130355, -4558262.287697000429034 ] } },
{ "type": "Feature", "properties": { "Type": "Start", "ID": 4002, "OUT_ID": 3811.0, "catchment_area": null }, "geometry": { "type": "Point", "coordinates": [ -8236583.376461000181735, -4804513.14682099968195 ] } },
{ "type": "Feature", "properties": { "Type": "End", "ID": 4002, "OUT_ID": 3811.0, "catchment_area": 11022735429.044556 }, "geometry": { "type": "Point", "coordinates": [ -8279615.329029000364244, -4850773.175645000301301 ] } },
{ "type": "Feature", "properties": { "Type": "Start", "ID": 4003, "OUT_ID": 4387.0, "catchment_area": null }, "geometry": { "type": "Point", "coordinates": [ -8100143.910087999887764, -5025576.917387000285089 ] } },
{ "type": "Feature", "properties": { "Type": "End", "ID": 4003, "OUT_ID": 4387.0, "catchment_area": 26520046626.315121 }, "geometry": { "type": "Point", "coordinates": [ -7652806.283427, -4965688.167339 ] } },
{ "type": "Feature", "properties": { "Type": "Start", "ID": 4008, "OUT_ID": 4009.0, "catchment_area": null }, "geometry": { "type": "Point", "coordinates": [ -6985947.309302000328898, -5798646.448792999610305 ] } },
{ "type": "Feature", "properties": { "Type": "End", "ID": 4008, "OUT_ID": 4009.0, "catchment_area": 13096319321.637096 }, "geometry": { "type": "Point", "coordinates": [ -6743933.167302999645472, -5811880.378902000375092 ] } },
{ "type": "Feature", "properties": { "Type": "Start", "ID": 4014, "OUT_ID": 4204.0, "catchment_area": null }, "geometry": { "type": "Point", "coordinates": [ -3212798.360465, -6204957.913336999714375 ] } },
{ "type": "Feature", "properties": { "Type": "End", "ID": 4014, "OUT_ID": 4204.0, "catchment_area": 1357324361693.3381 }, "geometry": { "type": "Point", "coordinates": [ -4476973.785706999711692, -6219306.258543999865651 ] } },
{ "type": "Feature", "properties": { "Type": "Start", "ID": 4015, "OUT_ID": 4204.0, "catchment_area": null }, "geometry": { "type": "Point", "coordinates": [ -2032527.549378, -6228432.233548999764025 ] } },
{ "type": "Feature", "properties": { "Type": "End", "ID": 4015, "OUT_ID": 4204.0, "catchment_area": 1357324361693.3381 }, "geometry": { "type": "Point", "coordinates": [ -4476973.785706999711692, -6219306.258543999865651 ] } },
{ "type": "Feature", "properties": { "Type": "Start", "ID": 4016, "OUT_ID": 4204.0, "catchment_area": null }, "geometry": { "type": "Point", "coordinates": [ -697719.44191499997396, -6240120.739203000441194 ] } },
{ "type": "Feature", "properties": { "Type": "End", "ID": 4016, "OUT_ID": 4204.0, "catchment_area": 1357324361693.3381 }, "geometry": { "type": "Point", "coordinates": [ -4476973.785706999711692, -6219306.258543999865651 ] } },
{ "type": "Feature", "properties": { "Type": "Start", "ID": 4017, "OUT_ID": 4204.0, "catchment_area": null }, "geometry": { "type": "Point", "coordinates": [ 697719.44191499997396, -6240120.739203000441194 ] } },
{ "type": "Feature", "properties": { "Type": "End", "ID": 4017, "OUT_ID": 4204.0, "catchment_area": 1357324361693.3381 }, "geometry": { "type": "Point", "coordinates": [ -4476973.785706999711692, -6219306.258543999865651 ] } },
{ "type": "Feature", "properties": { "Type": "Start", "ID": 4018, "OUT_ID": 4204.0, "catchment_area": null }, "geometry": { "type": "Point", "coordinates": [ 2032527.549378, -6228432.233548999764025 ] } },
{ "type": "Feature", "properties": { "Type": "End", "ID": 4018, "OUT_ID": 4204.0, "catchment_area": 1357324361693.3381 }, "geometry": { "type": "Point", "coordinates": [ -4476973.785706999711692, -6219306.258543999865651 ] } },
{ "type": "Feature", "properties": { "Type": "Start", "ID": 4019, "OUT_ID": 4204.0, "catchment_area": null }, "geometry": { "type": "Point", "coordinates": [ 3212798.360465, -6204957.913336999714375 ] } },
{ "type": "Feature", "properties": { "Type": "End", "ID": 4019, "OUT_ID": 4204.0, "catchment_area": 1357324361693.3381 }, "geometry": { "type": "Point", "coordinates": [ -4476973.785706999711692, -6219306.258543999865651 ] } },
{ "type": "Feature", "properties": { "Type": "Start", "ID": 4020, "OUT_ID": 4598.0, "catchment_area": null }, "geometry": { "type": "Point", "coordinates": [ 4202226.555346, -6169511.034466999582946 ] } },
{ "type": "Feature", "properties": { "Type": "End", "ID": 4020, "OUT_ID": 4598.0, "catchment_area": 38525006004.48246 }, "geometry": { "type": "Point", "coordinates": [ 4204331.495887000113726, -5947689.00545 ] } },
{ "type": "Feature", "properties": { "Type": "Start", "ID": 4021, "OUT_ID": 4407.0, "catchment_area": null }, "geometry": { "type": "Point", "coordinates": [ 5009377.085697, -6121805.448185999877751 ] } },
{ "type": "Feature", "properties": { "Type": "End", "ID": 4021, "OUT_ID": 4407.0, "catchment_area": 11677551395.126411 }, "geometry": { "type": "Point", "coordinates": [ 5008736.437744, -5874561.283463000319898 ] } },
{ "type": "Feature", "properties": { "Type": "Start", "ID": 4022, "OUT_ID": 4408.0, "catchment_area": null }, "geometry": { "type": "Point", "coordinates": [ 5662498.633746, -6061447.755568999797106 ] } },
{ "type": "Feature", "properties": { "Type": "End", "ID": 4022, "OUT_ID": 4408.0, "catchment_area": 112519210171.73206 }, "geometry": { "type": "Point", "coordinates": [ 5604205.031066000461578, -5853667.648609000258148 ] } },
{ "type": "Feature", "properties": { "Type": "Start", "ID": 4023, "OUT_ID": 4217.0, "catchment_area": null }, "geometry": { "type": "Point", "coordinates": [ 6192645.723992999643087, -5987925.926571000367403 ] } },
{ "type": "Feature", "properties": { "Type": "End", "ID": 4023, "OUT_ID": 4217.0, "catchment_area": 59697388907.795761 }, "geometry": { "type": "Point", "coordinates": [ 6335482.250935999676585, -5843220.831182999536395 ] } },
{ "type": "Feature", "properties": { "Type": "Start", "ID": 4024, "OUT_ID": 4217.0, "catchment_area": null }, "geometry": { "type": "Point", "coordinates": [ 6626718.844971000216901, -5900593.30938300024718 ] } },
{ "type": "Feature", "properties": { "Type": "End", "ID": 4024, "OUT_ID": 4217.0, "catchment_area": 11022735429.044556 }, "geometry": { "type": "Point", "coordinates": [ 6617546.3214570004493, -5853667.648609000258148 ] } },
{ "type": "Feature", "properties": { "Type": "Start", "ID": 4042, "OUT_ID": 4041.0, "catchment_area": null }, "geometry": { "type": "Point", "coordinates": [ -1842154.198258, 1475558.277729 ] } },
{ "type": "Feature", "properties": { "Type": "End", "ID": 4042, "OUT_ID": 4041.0, "catchment_area": 99422890850.094955 }, "geometry": { "type": "Point", "coordinates": [ -1907056.698737000115216, 1479998.18494 ] } },
{ "type": "Feature", "properties": { "Type": "Start", "ID": 4043, "OUT_ID": 4041.0, "catchment_area": null }, "geometry": { "type": "Point", "coordinates": [ -1551645.090138, 1484025.686364 ] } },
{ "type": "Feature", "properties": { "Type": "End", "ID": 4043, "OUT_ID": 4041.0, "catchment_area": 99422890850.094955 }, "geometry": { "type": "Point", "coordinates": [ -1907056.698737000115216, 1479998.18494 ] } },
{ "type": "Feature", "properties": { "Type": "Start", "ID": 4044, "OUT_ID": 4426.0, "catchment_area": null }, "geometry": { "type": "Point", "coordinates": [ -1264773.054723, 1491261.353156 ] } },
{ "type": "Feature", "properties": { "Type": "End", "ID": 4044, "OUT_ID": 4426.0, "catchment_area": 627531967495.11084 }, "geometry": { "type": "Point", "coordinates": [ -1844375.794177, 1824743.160021 ] } },
{ "type": "Feature", "properties": { "Type": "Start", "ID": 4045, "OUT_ID": 4426.0, "catchment_area": null }, "geometry": { "type": "Point", "coordinates": [ -980794.815557, 1497159.265056 ] } },
{ "type": "Feature", "properties": { "Type": "End", "ID": 4045, "OUT_ID": 4426.0, "catchment_area": 627531967495.11084 }, "geometry": { "type": "Point", "coordinates": [ -1844375.794177, 1824743.160021 ] } },
{ "type": "Feature", "properties": { "Type": "Start", "ID": 4046, "OUT_ID": 3283.0, "catchment_area": null }, "geometry": { "type": "Point", "coordinates": [ -699019.720581999979913, 1501643.986073999898508 ] } },
{ "type": "Feature", "properties": { "Type": "End", "ID": 4046, "OUT_ID": 3283.0, "catchment_area": 6603273337963.7705 }, "geometry": { "type": "Point", "coordinates": [ 589732.666245999978855, 550231.433962999959476 ] } },
{ "type": "Feature", "properties": { "Type": "Start", "ID": 4047, "OUT_ID": 3283.0, "catchment_area": null }, "geometry": { "type": "Point", "coordinates": [ -418794.778014999988955, 1504664.284459 ] } },
{ "type": "Feature", "properties": { "Type": "End", "ID": 4047, "OUT_ID": 3283.0, "catchment_area": 6603273337963.7705 }, "geometry": { "type": "Point", "coordinates": [ 589732.666245999978855, 550231.433962999959476 ] } },
{ "type": "Feature", "properties": { "Type": "Start", "ID": 4048, "OUT_ID": 3283.0, "catchment_area": null }, "geometry": { "type": "Point", "coordinates": [ -139492.479885, 1506188.539633 ] } },
{ "type": "Feature", "properties": { "Type": "End", "ID": 4048, "OUT_ID": 3283.0, "catchment_area": 6603273337963.7705 }, "geometry": { "type": "Point", "coordinates": [ 589732.666245999978855, 550231.433962999959476 ] } },
{ "type": "Feature", "properties": { "Type": "Start", "ID": 4049, "OUT_ID": 3283.0, "catchment_area": null }, "geometry": { "type": "Point", "coordinates": [ 139492.479885, 1506188.539633 ] } },
{ "type": "Feature", "properties": { "Type": "End", "ID": 4049, "OUT_ID": 3283.0, "catchment_area": 6603273337963.7705 }, "geometry": { "type": "Point", "coordinates": [ 589732.666245999978855, 550231.433962999959476 ] } },
{ "type": "Feature", "properties": { "Type": "Start", "ID": 4050, "OUT_ID": 3283.0, "catchment_area": null }, "geometry": { "type": "Point", "coordinates": [ 418794.778014999988955, 1504664.284459 ] } },
{ "type": "Feature", "properties": { "Type": "End", "ID": 4050, "OUT_ID": 3283.0, "catchment_area": 6603273337963.7705 }, "geometry": { "type": "Point", "coordinates": [ 589732.666245999978855, 550231.433962999959476 ] } },
{ "type": "Feature", "properties": { "Type": "Start", "ID": 4051, "OUT_ID": 3283.0, "catchment_area": null }, "geometry": { "type": "Point", "coordinates": [ 699019.720581999979913, 1501643.986073999898508 ] } },
{ "type": "Feature", "properties": { "Type": "End", "ID": 4051, "OUT_ID": 3283.0, "catchment_area": 6603273337963.7705 }, "geometry": { "type": "Point", "coordinates": [ 589732.666245999978855, 550231.433962999959476 ] } },
{ "type": "Feature", "properties": { "Type": "Start", "ID": 4052, "OUT_ID": 3283.0, "catchment_area": null }, "geometry": { "type": "Point", "coordinates": [ 980794.815557, 1497159.265056 ] } },
{ "type": "Feature", "properties": { "Type": "End", "ID": 4052, "OUT_ID": 3283.0, "catchment_area": 6603273337963.7705 }, "geometry": { "type": "Point", "coordinates": [ 589732.666245999978855, 550231.433962999959476 ] } },
{ "type": "Feature", "properties": { "Type": "Start", "ID": 4053, "OUT_ID": 3283.0, "catchment_area": null }, "geometry": { "type": "Point", "coordinates": [ 1264773.054723, 1491261.353156 ] } },
{ "type": "Feature", "properties": { "Type": "End", "ID": 4053, "OUT_ID": 3283.0, "catchment_area": 6603273337963.7705 }, "geometry": { "type": "Point", "coordinates": [ 589732.666245999978855, 550231.433962999959476 ] } },
{ "type": "Feature", "properties": { "Type": "Start", "ID": 4054, "OUT_ID": 3283.0, "catchment_area": null }, "geometry": { "type": "Point", "coordinates": [ 1551645.090138, 1484025.686364 ] } },
{ "type": "Feature", "properties": { "Type": "End", "ID": 4054, "OUT_ID": 3283.0, "catchment_area": 6603273337963.7705 }, "geometry": { "type": "Point", "coordinates": [ 589732.666245999978855, 550231.433962999959476 ] } },
{ "type": "Feature", "properties": { "Type": "Start", "ID": 4055, "OUT_ID": 3283.0, "catchment_area": null }, "geometry": { "type": "Point", "coordinates": [ 1842154.198258, 1475558.277729 ] } },
{ "type": "Feature", "properties": { "Type": "End", "ID": 4055, "OUT_ID": 3283.0, "catchment_area": 6603273337963.7705 }, "geometry": { "type": "Point", "coordinates": [ 589732.666245999978855, 550231.433962999959476 ] } },
{ "type": "Feature", "properties": { "Type": "Start", "ID": 4056, "OUT_ID": 3283.0, "catchment_area": null }, "geometry": { "type": "Point", "coordinates": [ 2137115.35464, 1466004.199575 ] } },
{ "type": "Feature", "properties": { "Type": "End", "ID": 4056, "OUT_ID": 3283.0, "catchment_area": 6603273337963.7705 }, "geometry": { "type": "Point", "coordinates": [ 589732.666245999978855, 550231.433962999959476 ] } },
{ "type": "Feature", "properties": { "Type": "Start", "ID": 4057, "OUT_ID": 3283.0, "catchment_area": null }, "geometry": { "type": "Point", "coordinates": [ 2437440.21582099981606, 1455558.437219 ] } },
{ "type": "Feature", "properties": { "Type": "End", "ID": 4057, "OUT_ID": 3283.0, "catchment_area": 6603273337963.7705 }, "geometry": { "type": "Point", "coordinates": [ 589732.666245999978855, 550231.433962999959476 ] } },
{ "type": "Feature", "properties": { "Type": "Start", "ID": 4058, "OUT_ID": 5596.0, "catchment_area": null }, "geometry": { "type": "Point", "coordinates": [ 2744170.506256000138819, 1444479.317611 ] } },
{ "type": "Feature", "properties": { "Type": "End", "ID": 4058, "OUT_ID": 5596.0, "catchment_area": 3991867265229.334 }, "geometry": { "type": "Point", "coordinates": [ 3546181.998005, 3287297.599760000128299 ] } },
{ "type": "Feature", "properties": { "Type": "Start", "ID": 4059, "OUT_ID": 5596.0, "catchment_area": null }, "geometry": { "type": "Point", "coordinates": [ 3058523.244089, 1433104.395759 ] } },
{ "type": "Feature", "properties": { "Type": "End", "ID": 4059, "OUT_ID": 5596.0, "catchment_area": 3991867265229.334 }, "geometry": { "type": "Point", "coordinates": [ 3546181.998005, 3287297.599760000128299 ] } },
{ "type": "Feature", "properties": { "Type": "Start", "ID": 4060, "OUT_ID": 5596.0, "catchment_area": null }, "geometry": { "type": "Point", "coordinates": [ 3381952.398792999796569, 1421867.976083 ] } },
{ "type": "Feature", "properties": { "Type": "End", "ID": 4060, "OUT_ID": 5596.0, "catchment_area": 3991867265229.334 }, "geometry": { "type": "Point", "coordinates": [ 3546181.998005, 3287297.599760000128299 ] } },
{ "type": "Feature", "properties": { "Type": "Start", "ID": 4061, "OUT_ID": 5596.0, "catchment_area": null }, "geometry": { "type": "Point", "coordinates": [ 3716232.93627, 1411318.200653 ] } },
{ "type": "Feature", "properties": { "Type": "End", "ID": 4061, "OUT_ID": 5596.0, "catchment_area": 3991867265229.334 }, "geometry": { "type": "Point", "coordinates": [ 3546181.998005, 3287297.599760000128299 ] } },
{ "type": "Feature", "properties": { "Type": "Start", "ID": 4062, "OUT_ID": 5596.0, "catchment_area": null }, "geometry": { "type": "Point", "coordinates": [ 4063574.34136, 1402129.342242 ] } },
{ "type": "Feature", "properties": { "Type": "End", "ID": 4062, "OUT_ID": 5596.0, "catchment_area": 3991867265229.334 }, "geometry": { "type": "Point", "coordinates": [ 3546181.998005, 3287297.599760000128299 ] } },
{ "type": "Feature", "properties": { "Type": "Start", "ID": 4063, "OUT_ID": 4064.0, "catchment_area": null }, "geometry": { "type": "Point", "coordinates": [ 4426770.931429999880493, 1395101.642804 ] } },
{ "type": "Feature", "properties": { "Type": "End", "ID": 4063, "OUT_ID": 4064.0, "catchment_area": 26410910631.968143 }, "geometry": { "type": "Point", "coordinates": [ 4528182.836114999838173, 1448657.73266 ] } },
{ "type": "Feature", "properties": { "Type": "Start", "ID": 4075, "OUT_ID": 4077.0, "catchment_area": null }, "geometry": { "type": "Point", "coordinates": [ 8467109.081257000565529, 1484025.686364 ] } },
{ "type": "Feature", "properties": { "Type": "End", "ID": 4075, "OUT_ID": 4077.0, "catchment_area": 253522914868.02478 }, "geometry": { "type": "Point", "coordinates": [ 8842718.433345999568701, 1594913.176634 ] } },
{ "type": "Feature", "properties": { "Type": "Start", "ID": 4076, "OUT_ID": 4077.0, "catchment_area": null }, "geometry": { "type": "Point", "coordinates": [ 8753981.116672, 1491261.353156 ] } },
{ "type": "Feature", "properties": { "Type": "End", "ID": 4076, "OUT_ID": 4077.0, "catchment_area": 253522914868.02478 }, "geometry": { "type": "Point", "coordinates": [ 8842718.433345999568701, 1594913.176634 ] } },
{ "type": "Feature", "properties": { "Type": "Start", "ID": 4084, "OUT_ID": 4083.0, "catchment_area": null }, "geometry": { "type": "Point", "coordinates": [ 10999548.986506, 1497159.265056 ] } },
{ "type": "Feature", "properties": { "Type": "End", "ID": 4084, "OUT_ID": 4083.0, "catchment_area": 11459279406.432459 }, "geometry": { "type": "Point", "coordinates": [ 10942528.736114, 1500891.819792999885976 ] } },
{ "type": "Feature", "properties": { "Type": "Start", "ID": 4085, "OUT_ID": 3893.0, "catchment_area": null }, "geometry": { "type": "Point", "coordinates": [ 11283527.23057, 1491261.353156 ] } },
{ "type": "Feature", "properties": { "Type": "End", "ID": 4085, "OUT_ID": 3893.0, "catchment_area": 14078543270.759878 }, "geometry": { "type": "Point", "coordinates": [ 11287273.711196, 1490445.002367 ] } },
{ "type": "Feature", "properties": { "Type": "Start", "ID": 4086, "OUT_ID": 3893.0, "catchment_area": null }, "geometry": { "type": "Point", "coordinates": [ 11570399.261533, 1484025.686364 ] } },
{ "type": "Feature", "properties": { "Type": "End", "ID": 4086, "OUT_ID": 3893.0, "catchment_area": 329808974916.56085 }, "geometry": { "type": "Point", "coordinates": [ 11569337.781717, 1459104.550087 ] } },
{ "type": "Feature", "properties": { "Type": "Start", "ID": 4087, "OUT_ID": 3703.0, "catchment_area": null }, "geometry": { "type": "Point", "coordinates": [ 11860908.367426, 1475558.277729 ] } },
{ "type": "Feature", "properties": { "Type": "End", "ID": 4087, "OUT_ID": 3703.0, "catchment_area": 110009082301.75162 }, "geometry": { "type": "Point", "coordinates": [ 11726040.043117, 1302402.288686 ] } },
{ "type": "Feature", "properties": { "Type": "Start", "ID": 4088, "OUT_ID": 4280.0, "catchment_area": null }, "geometry": { "type": "Point", "coordinates": [ 12155869.529375, 1466004.199575 ] } },
{ "type": "Feature", "properties": { "Type": "End", "ID": 4088, "OUT_ID": 4280.0, "catchment_area": 15497311197.270565 }, "geometry": { "type": "Point", "coordinates": [ 12175253.192466, 1469551.367513 ] } },
{ "type": "Feature", "properties": { "Type": "Start", "ID": 4105, "OUT_ID": 4296.0, "catchment_area": null }, "geometry": { "type": "Point", "coordinates": [ -3993270.479100999888033, 5842844.514166000299156 ] } },
{ "type": "Feature", "properties": { "Type": "End", "ID": 4105, "OUT_ID": 4296.0, "catchment_area": 11131871423.391533 }, "geometry": { "type": "Point", "coordinates": [ -3985973.366652000229806, 5794533.782169999554753 ] } },
{ "type": "Feature", "properties": { "Type": "Start", "ID": 4106, "OUT_ID": 4488.0, "catchment_area": null }, "geometry": { "type": "Point", "coordinates": [ -4458482.087306000292301, 5929121.199927000328898 ] } },
{ "type": "Feature", "properties": { "Type": "End", "ID": 4106, "OUT_ID": 4488.0, "catchment_area": 16042991169.005444 }, "geometry": { "type": "Point", "coordinates": [ -4435186.515999999828637, 5784086.964743999764323 ] } },
{ "type": "Feature", "properties": { "Type": "Start", "ID": 4107, "OUT_ID": 4682.0, "catchment_area": null }, "geometry": { "type": "Point", "coordinates": [ -5009377.085697, 6001780.308774 ] } },
{ "type": "Feature", "properties": { "Type": "End", "ID": 4107, "OUT_ID": 4682.0, "catchment_area": 222637428467.83063 }, "geometry": { "type": "Point", "coordinates": [ -5667910.972352, 5951236.043571 ] } },
{ "type": "Feature", "properties": { "Type": "Start", "ID": 4108, "OUT_ID": 4491.0, "catchment_area": null }, "geometry": { "type": "Point", "coordinates": [ -5662498.633746, 6061447.755568999797106 ] } },
{ "type": "Feature", "properties": { "Type": "End", "ID": 4108, "OUT_ID": 4491.0, "catchment_area": 86326571528.457855 }, "geometry": { "type": "Point", "coordinates": [ -5688804.607204999774694, 5993023.313277999870479 ] } },
{ "type": "Feature", "properties": { "Type": "Start", "ID": 4115, "OUT_ID": 4500.0, "catchment_area": null }, "geometry": { "type": "Point", "coordinates": [ -12707447.019772, 6143675.911739000119269 ] } },
{ "type": "Feature", "properties": { "Type": "End", "ID": 4115, "OUT_ID": 4500.0, "catchment_area": 850169395962.94153 }, "geometry": { "type": "Point", "coordinates": [ -12709065.917953, 6128831.939825000241399 ] } },
{ "type": "Feature", "properties": { "Type": "Start", "ID": 4116, "OUT_ID": 4309.0, "catchment_area": null }, "geometry": { "type": "Point", "coordinates": [ -13604298.363885, 6108619.265615999698639 ] } },
{ "type": "Feature", "properties": { "Type": "End", "ID": 4116, "OUT_ID": 4309.0, "catchment_area": 18443983044.638912 }, "geometry": { "type": "Point", "coordinates": [ -13785088.112904, 6107938.304972000420094 ] } },
{ "type": "Feature", "properties": { "Type": "Start", "ID": 4119, "OUT_ID": 3740.0, "catchment_area": null }, "geometry": { "type": "Point", "coordinates": [ -15579026.258823, 5929121.199927000328898 ] } },
{ "type": "Feature", "properties": { "Type": "End", "ID": 4119, "OUT_ID": 3740.0, "catchment_area": 944572031073.07556 }, "geometry": { "type": "Point", "coordinates": [ -18068283.257855001837015, 5470682.441941999830306 ] } },
{ "type": "Feature", "properties": { "Type": "Start", "ID": 4120, "OUT_ID": 3740.0, "catchment_area": null }, "geometry": { "type": "Point", "coordinates": [ -16044237.869254, 5842844.514166000299156 ] } },
{ "type": "Feature", "properties": { "Type": "End", "ID": 4120, "OUT_ID": 3740.0, "catchment_area": 944572031073.07556 }, "geometry": { "type": "Point", "coordinates": [ -18068283.257855001837015, 5470682.441941999830306 ] } },
{ "type": "Feature", "properties": { "Type": "Start", "ID": 4121, "OUT_ID": 3740.0, "catchment_area": null }, "geometry": { "type": "Point", "coordinates": [ -16438791.659294, 5742172.405453000217676 ] } },
{ "type": "Feature", "properties": { "Type": "End", "ID": 4121, "OUT_ID": 3740.0, "catchment_area": 944572031073.07556 }, "geometry": { "type": "Point", "coordinates": [ -18068283.257855001837015, 5470682.441941999830306 ] } },
{ "type": "Feature", "properties": { "Type": "Start", "ID": 4122, "OUT_ID": 4315.0, "catchment_area": null }, "geometry": { "type": "Point", "coordinates": [ -16775293.492607, 5626144.738540999591351 ] } },
{ "type": "Feature", "properties": { "Type": "End", "ID": 4122, "OUT_ID": 4315.0, "catchment_area": 40271181914.034073 }, "geometry": { "type": "Point", "coordinates": [ -16762431.079516, 5564703.798782999627292 ] } },
{ "type": "Feature", "properties": { "Type": "Start", "ID": 4123, "OUT_ID": 4316.0, "catchment_area": null }, "geometry": { "type": "Point", "coordinates": [ -17063890.830961998552084, 5493576.63102800026536 ] } },
{ "type": "Feature", "properties": { "Type": "End", "ID": 4123, "OUT_ID": 4316.0, "catchment_area": 96803626985.767532 }, "geometry": { "type": "Point", "coordinates": [ -17054941.967464, 5470682.441941999830306 ] } },
{ "type": "Feature", "properties": { "Type": "Start", "ID": 4161, "OUT_ID": 4162.0, "catchment_area": null }, "geometry": { "type": "Point", "coordinates": [ -8108995.749905000440776, 4239832.041309 ] } },
{ "type": "Feature", "properties": { "Type": "End", "ID": 4161, "OUT_ID": 4162.0, "catchment_area": 36014878134.502014 }, "geometry": { "type": "Point", "coordinates": [ -8102019.432775000110269, 4185723.898457 ] } },
{ "type": "Feature", "properties": { "Type": "Start", "ID": 4173, "OUT_ID": 4172.0, "catchment_area": null }, "geometry": { "type": "Point", "coordinates": [ -8480025.46284900046885, 943016.176011999952607 ] } },
{ "type": "Feature", "properties": { "Type": "End", "ID": 4173, "OUT_ID": 4172.0, "catchment_area": 11677551395.126411 }, "geometry": { "type": "Point", "coordinates": [ -8457211.225283000618219, 1041231.853018 ] } },
{ "type": "Feature", "properties": { "Type": "Start", "ID": 4174, "OUT_ID": 3981.0, "catchment_area": null }, "geometry": { "type": "Point", "coordinates": [ -8483994.746309999376535, 673248.745231 ] } },
{ "type": "Feature", "properties": { "Type": "End", "ID": 4174, "OUT_ID": 3981.0, "catchment_area": 38852413987.523384 }, "geometry": { "type": "Point", "coordinates": [ -8551232.582123000174761, 894976.409043999970891 ] } },
{ "type": "Feature", "properties": { "Type": "Start", "ID": 4175, "OUT_ID": 3983.0, "catchment_area": null }, "geometry": { "type": "Point", "coordinates": [ -8486550.241068, 403811.810015 ] } },
{ "type": "Feature", "properties": { "Type": "End", "ID": 4175, "OUT_ID": 3983.0, "catchment_area": 43436125750.096367 }, "geometry": { "type": "Point", "coordinates": [ -8613913.486684000119567, 414422.807416 ] } },
{ "type": "Feature", "properties": { "Type": "Start", "ID": 4176, "OUT_ID": 5905.0, "catchment_area": null }, "geometry": { "type": "Point", "coordinates": [ -8487796.029735000804067, 134577.593186000012793 ] } },
{ "type": "Feature", "properties": { "Type": "End", "ID": 4176, "OUT_ID": 5905.0, "catchment_area": 4994172237311.96 }, "geometry": { "type": "Point", "coordinates": [ -6514103.183915000408888, -358641.682160999975167 ] } },
{ "type": "Feature", "properties": { "Type": "Start", "ID": 4177, "OUT_ID": 5905.0, "catchment_area": null }, "geometry": { "type": "Point", "coordinates": [ -8487796.029735000804067, -134577.593186000012793 ] } },
{ "type": "Feature", "properties": { "Type": "End", "ID": 4177, "OUT_ID": 5905.0, "catchment_area": 4994172237311.96 }, "geometry": { "type": "Point", "coordinates": [ -6514103.183915000408888, -358641.682160999975167 ] } },
{ "type": "Feature", "properties": { "Type": "Start", "ID": 4178, "OUT_ID": 5905.0, "catchment_area": null }, "geometry": { "type": "Point", "coordinates": [ -8486550.241068, -403811.810015 ] } },
{ "type": "Feature", "properties": { "Type": "End", "ID": 4178, "OUT_ID": 5905.0, "catchment_area": 4994172237311.96 }, "geometry": { "type": "Point", "coordinates": [ -6514103.183915000408888, -358641.682160999975167 ] } },
{ "type": "Feature", "properties": { "Type": "Start", "ID": 4179, "OUT_ID": 5905.0, "catchment_area": null }, "geometry": { "type": "Point", "coordinates": [ -8483994.746309999376535, -673248.745231 ] } },
{ "type": "Feature", "properties": { "Type": "End", "ID": 4179, "OUT_ID": 5905.0, "catchment_area": 4994172237311.96 }, "geometry": { "type": "Point", "coordinates": [ -6514103.183915000408888, -358641.682160999975167 ] } },
{ "type": "Feature", "properties": { "Type": "Start", "ID": 4180, "OUT_ID": 5905.0, "catchment_area": null }, "geometry": { "type": "Point", "coordinates": [ -8480025.46284900046885, -943016.176011999952607 ] } },
{ "type": "Feature", "properties": { "Type": "End", "ID": 4180, "OUT_ID": 5905.0, "catchment_area": 4994172237311.96 }, "geometry": { "type": "Point", "coordinates": [ -6514103.183915000408888, -358641.682160999975167 ] } },
{ "type": "Feature", "properties": { "Type": "Start", "ID": 4181, "OUT_ID": 5905.0, "catchment_area": null }, "geometry": { "type": "Point", "coordinates": [ -8474476.75284899957478, -1213236.747844999888912 ] } },
{ "type": "Feature", "properties": { "Type": "End", "ID": 4181, "OUT_ID": 5905.0, "catchment_area": 4994172237311.96 }, "geometry": { "type": "Point", "coordinates": [ -6514103.183915000408888, -358641.682160999975167 ] } },
{ "type": "Feature", "properties": { "Type": "Start", "ID": 4182, "OUT_ID": 3990.0, "catchment_area": null }, "geometry": { "type": "Point", "coordinates": [ -8467109.081257000565529, -1484025.686364 ] } },
{ "type": "Feature", "properties": { "Type": "End", "ID": 4182, "OUT_ID": 3990.0, "catchment_area": 27611406569.784878 }, "geometry": { "type": "Point", "coordinates": [ -8488551.6775630004704, -1486897.964245 ] } },
{ "type": "Feature", "properties": { "Type": "Start", "ID": 4192, "OUT_ID": 4191.0, "catchment_area": null }, "geometry": { "type": "Point", "coordinates": [ -8108995.749905000440776, -4239832.041309 ] } },
{ "type": "Feature", "properties": { "Type": "End", "ID": 4192, "OUT_ID": 4191.0, "catchment_area": 33613886258.868546 }, "geometry": { "type": "Point", "coordinates": [ -8112466.250202000141144, -4244857.764895999804139 ] } },
{ "type": "Feature", "properties": { "Type": "Start", "ID": 4193, "OUT_ID": 4769.0, "catchment_area": null }, "geometry": { "type": "Point", "coordinates": [ -7993244.404205, -4515612.144964000210166 ] } },
{ "type": "Feature", "properties": { "Type": "End", "ID": 4193, "OUT_ID": 4769.0, "catchment_area": 168069431294.34274 }, "geometry": { "type": "Point", "coordinates": [ -7234933.586357999593019, -4255304.582322999835014 ] } },
{ "type": "Feature", "properties": { "Type": "Start", "ID": 4194, "OUT_ID": 4387.0, "catchment_area": null }, "geometry": { "type": "Point", "coordinates": [ -7855283.16811, -4762268.587190000340343 ] } },
{ "type": "Feature", "properties": { "Type": "End", "ID": 4194, "OUT_ID": 4387.0, "catchment_area": 95057451076.215927 }, "geometry": { "type": "Point", "coordinates": [ -7611019.013720000162721, -4882113.627925000153482 ] } },
{ "type": "Feature", "properties": { "Type": "Start", "ID": 4195, "OUT_ID": 4387.0, "catchment_area": null }, "geometry": { "type": "Point", "coordinates": [ -7694702.205556999891996, -4979985.368996 ] } },
{ "type": "Feature", "properties": { "Type": "End", "ID": 4195, "OUT_ID": 4387.0, "catchment_area": 26520046626.315121 }, "geometry": { "type": "Point", "coordinates": [ -7652806.283427, -4965688.167339 ] } },
{ "type": "Feature", "properties": { "Type": "Start", "ID": 4196, "OUT_ID": 4387.0, "catchment_area": null }, "geometry": { "type": "Point", "coordinates": [ -7508750.241972000338137, -5172575.128966 ] } },
{ "type": "Feature", "properties": { "Type": "End", "ID": 4196, "OUT_ID": 4387.0, "catchment_area": 60679612856.918549 }, "geometry": { "type": "Point", "coordinates": [ -7496104.022025999613106, -5132837.246166000142694 ] } },
{ "type": "Feature", "properties": { "Type": "Start", "ID": 4206, "OUT_ID": 4589.0, "catchment_area": null }, "geometry": { "type": "Point", "coordinates": [ -2688692.845038, -6143675.911739000119269 ] } },
{ "type": "Feature", "properties": { "Type": "End", "ID": 4206, "OUT_ID": 4589.0, "catchment_area": 59151708936.060883 }, "geometry": { "type": "Point", "coordinates": [ -2836823.449713999871165, -6146178.536557000130415 ] } },
{ "type": "Feature", "properties": { "Type": "Start", "ID": 4207, "OUT_ID": 4590.0, "catchment_area": null }, "geometry": { "type": "Point", "coordinates": [ -1672689.190046, -6166895.090727999806404 ] } },
{ "type": "Feature", "properties": { "Type": "End", "ID": 4207, "OUT_ID": 4590.0, "catchment_area": 91892507240.153625 }, "geometry": { "type": "Point", "coordinates": [ -1927950.33359, -6062603.997143000364304 ] } },
{ "type": "Feature", "properties": { "Type": "Start", "ID": 4208, "OUT_ID": 4204.0, "catchment_area": null }, "geometry": { "type": "Point", "coordinates": [ -568517.183697000029497, -6178458.043138000182807 ] } },
{ "type": "Feature", "properties": { "Type": "End", "ID": 4208, "OUT_ID": 4204.0, "catchment_area": 1357324361693.3381 }, "geometry": { "type": "Point", "coordinates": [ -4476973.785706999711692, -6219306.258543999865651 ] } },
{ "type": "Feature", "properties": { "Type": "Start", "ID": 4209, "OUT_ID": 4204.0, "catchment_area": null }, "geometry": { "type": "Point", "coordinates": [ 568517.183697000029497, -6178458.043138000182807 ] } },
{ "type": "Feature", "properties": { "Type": "End", "ID": 4209, "OUT_ID": 4204.0, "catchment_area": 1357324361693.3381 }, "geometry": { "type": "Point", "coordinates": [ -4476973.785706999711692, -6219306.258543999865651 ] } },
{ "type": "Feature", "properties": { "Type": "Start", "ID": 4210, "OUT_ID": 4204.0, "catchment_area": null }, "geometry": { "type": "Point", "coordinates": [ 1672689.190046, -6166895.090727999806404 ] } },
{ "type": "Feature", "properties": { "Type": "End", "ID": 4210, "OUT_ID": 4204.0, "catchment_area": 1357324361693.3381 }, "geometry": { "type": "Point", "coordinates": [ -4476973.785706999711692, -6219306.258543999865651 ] } },
{ "type": "Feature", "properties": { "Type": "Start", "ID": 4211, "OUT_ID": 4596.0, "catchment_area": null }, "geometry": { "type": "Point", "coordinates": [ 2688692.845038, -6143675.911739000119269 ] } },
{ "type": "Feature", "properties": { "Type": "End", "ID": 4211, "OUT_ID": 4596.0, "catchment_area": 11895823383.820362 }, "geometry": { "type": "Point", "coordinates": [ 2699989.786441000178456, -5979029.45773 ] } },
{ "type": "Feature", "properties": { "Type": "Start", "ID": 4212, "OUT_ID": 4790.0, "catchment_area": null }, "geometry": { "type": "Point", "coordinates": [ 3585544.19583, -6108619.265615999698639 ] } },
{ "type": "Feature", "properties": { "Type": "End", "ID": 4212, "OUT_ID": 4790.0, "catchment_area": 72902844223.779831 }, "geometry": { "type": "Point", "coordinates": [ 3598416.085138, -5937242.188023 ] } },
{ "type": "Feature", "properties": { "Type": "Start", "ID": 4213, "OUT_ID": 4599.0, "catchment_area": null }, "geometry": { "type": "Point", "coordinates": [ 4356255.537649, -6061447.755568999797106 ] } },
{ "type": "Feature", "properties": { "Type": "End", "ID": 4213, "OUT_ID": 4599.0, "catchment_area": 27065726598.049999 }, "geometry": { "type": "Point", "coordinates": [ 4361033.757287999615073, -5958135.822875999845564 ] } },
{ "type": "Feature", "properties": { "Type": "Start", "ID": 4214, "OUT_ID": 4407.0, "catchment_area": null }, "geometry": { "type": "Point", "coordinates": [ 5009377.085697, -6001780.308774 ] } },
{ "type": "Feature", "properties": { "Type": "End", "ID": 4214, "OUT_ID": 4407.0, "catchment_area": 11677551395.126411 }, "geometry": { "type": "Point", "coordinates": [ 5008736.437744, -5874561.283463000319898 ] } },
{ "type": "Feature", "properties": { "Type": "Start", "ID": 4215, "OUT_ID": 4408.0, "catchment_area": null }, "geometry": { "type": "Point", "coordinates": [ 5560272.084088999778032, -5929121.199927000328898 ] } },
{ "type": "Feature", "properties": { "Type": "End", "ID": 4215, "OUT_ID": 4408.0, "catchment_area": 132163689154.1877 }, "geometry": { "type": "Point", "coordinates": [ 5551970.94393299985677, -5853667.648609000258148 ] } },
{ "type": "Feature", "properties": { "Type": "Start", "ID": 4216, "OUT_ID": 4409.0, "catchment_area": null }, "geometry": { "type": "Point", "coordinates": [ 6025483.692293000407517, -5842844.514166000299156 ] } },
{ "type": "Feature", "properties": { "Type": "End", "ID": 4216, "OUT_ID": 4409.0, "catchment_area": 11895823383.820362 }, "geometry": { "type": "Point", "coordinates": [ 6022077.728135, -5801433.561475999653339 ] } },
{ "type": "Feature", "properties": { "Type": "Start", "ID": 4234, "OUT_ID": 4426.0, "catchment_area": null }, "geometry": { "type": "Point", "coordinates": [ -1852850.531906000105664, 1745108.186909 ] } },
{ "type": "Feature", "properties": { "Type": "End", "ID": 4234, "OUT_ID": 4426.0, "catchment_area": 626222335562.94714 }, "geometry": { "type": "Point", "coordinates": [ -1854822.611603, 1741168.620608 ] } },
{ "type": "Feature", "properties": { "Type": "Start", "ID": 4235, "OUT_ID": 4426.0, "catchment_area": null }, "geometry": { "type": "Point", "coordinates": [ -1561163.503273, 1755488.764764 ] } },
{ "type": "Feature", "properties": { "Type": "End", "ID": 4235, "OUT_ID": 4426.0, "catchment_area": 627531967495.11084 }, "geometry": { "type": "Point", "coordinates": [ -1844375.794177, 1824743.160021 ] } },
{ "type": "Feature", "properties": { "Type": "Start", "ID": 4236, "OUT_ID": 4426.0, "catchment_area": null }, "geometry": { "type": "Point", "coordinates": [ -1272874.199308, 1764349.841127 ] } },
{ "type": "Feature", "properties": { "Type": "End", "ID": 4236, "OUT_ID": 4426.0, "catchment_area": 627531967495.11084 }, "geometry": { "type": "Point", "coordinates": [ -1844375.794177, 1824743.160021 ] } },
{ "type": "Feature", "properties": { "Type": "Start", "ID": 4237, "OUT_ID": 4426.0, "catchment_area": null }, "geometry": { "type": "Point", "coordinates": [ -987288.612337999977171, 1771566.015499 ] } },
{ "type": "Feature", "properties": { "Type": "End", "ID": 4237, "OUT_ID": 4426.0, "catchment_area": 627531967495.11084 }, "geometry": { "type": "Point", "coordinates": [ -1844375.794177, 1824743.160021 ] } },
{ "type": "Feature", "properties": { "Type": "Start", "ID": 4238, "OUT_ID": 3283.0, "catchment_area": null }, "geometry": { "type": "Point", "coordinates": [ -703762.021948999958113, 1777048.372317 ] } },
{ "type": "Feature", "properties": { "Type": "End", "ID": 4238, "OUT_ID": 3283.0, "catchment_area": 6603273337963.7705 }, "geometry": { "type": "Point", "coordinates": [ 589732.666245999978855, 550231.433962999959476 ] } },
{ "type": "Feature", "properties": { "Type": "Start", "ID": 4239, "OUT_ID": 3283.0, "catchment_area": null }, "geometry": { "type": "Point", "coordinates": [ -421684.6146300000255, 1780736.543972 ] } },
{ "type": "Feature", "properties": { "Type": "End", "ID": 4239, "OUT_ID": 3283.0, "catchment_area": 6603273337963.7705 }, "geometry": { "type": "Point", "coordinates": [ 589732.666245999978855, 550231.433962999959476 ] } },
{ "type": "Feature", "properties": { "Type": "Start", "ID": 4240, "OUT_ID": 3283.0, "catchment_area": null }, "geometry": { "type": "Point", "coordinates": [ -140469.961194, 1782593.05981 ] } },
{ "type": "Feature", "properties": { "Type": "End", "ID": 4240, "OUT_ID": 3283.0, "catchment_area": 6603273337963.7705 }, "geometry": { "type": "Point", "coordinates": [ 589732.666245999978855, 550231.433962999959476 ] } },
{ "type": "Feature", "properties": { "Type": "Start", "ID": 4241, "OUT_ID": 3283.0, "catchment_area": null }, "geometry": { "type": "Point", "coordinates": [ 140469.961194, 1782593.05981 ] } },
{ "type": "Feature", "properties": { "Type": "End", "ID": 4241, "OUT_ID": 3283.0, "catchment_area": 6603273337963.7705 }, "geometry": { "type": "Point", "coordinates": [ 589732.666245999978855, 550231.433962999959476 ] } },
{ "type": "Feature", "properties": { "Type": "Start", "ID": 4242, "OUT_ID": 3283.0, "catchment_area": null }, "geometry": { "type": "Point", "coordinates": [ 421684.6146300000255, 1780736.543972 ] } },
{ "type": "Feature", "properties": { "Type": "End", "ID": 4242, "OUT_ID": 3283.0, "catchment_area": 6603273337963.7705 }, "geometry": { "type": "Point", "coordinates": [ 589732.666245999978855, 550231.433962999959476 ] } },
{ "type": "Feature", "properties": { "Type": "Start", "ID": 4243, "OUT_ID": 3283.0, "catchment_area": null }, "geometry": { "type": "Point", "coordinates": [ 703762.021948999958113, 1777048.372317 ] } },
{ "type": "Feature", "properties": { "Type": "End", "ID": 4243, "OUT_ID": 3283.0, "catchment_area": 6603273337963.7705 }, "geometry": { "type": "Point", "coordinates": [ 589732.666245999978855, 550231.433962999959476 ] } },
{ "type": "Feature", "properties": { "Type": "Start", "ID": 4244, "OUT_ID": 3283.0, "catchment_area": null }, "geometry": { "type": "Point", "coordinates": [ 987288.612337999977171, 1771566.015499 ] } },
{ "type": "Feature", "properties": { "Type": "End", "ID": 4244, "OUT_ID": 3283.0, "catchment_area": 6603273337963.7705 }, "geometry": { "type": "Point", "coordinates": [ 589732.666245999978855, 550231.433962999959476 ] } },
{ "type": "Feature", "properties": { "Type": "Start", "ID": 4245, "OUT_ID": 3283.0, "catchment_area": null }, "geometry": { "type": "Point", "coordinates": [ 1272874.199308, 1764349.841127 ] } },
{ "type": "Feature", "properties": { "Type": "End", "ID": 4245, "OUT_ID": 3283.0, "catchment_area": 6603273337963.7705 }, "geometry": { "type": "Point", "coordinates": [ 589732.666245999978855, 550231.433962999959476 ] } },
{ "type": "Feature", "properties": { "Type": "Start", "ID": 4246, "OUT_ID": 3283.0, "catchment_area": null }, "geometry": { "type": "Point", "coordinates": [ 1561163.503273, 1755488.764764 ] } },
{ "type": "Feature", "properties": { "Type": "End", "ID": 4246, "OUT_ID": 3283.0, "catchment_area": 6603273337963.7705 }, "geometry": { "type": "Point", "coordinates": [ 589732.666245999978855, 550231.433962999959476 ] } },
{ "type": "Feature", "properties": { "Type": "Start", "ID": 4247, "OUT_ID": 3283.0, "catchment_area": null }, "geometry": { "type": "Point", "coordinates": [ 1852850.531906000105664, 1745108.186909 ] } },
{ "type": "Feature", "properties": { "Type": "End", "ID": 4247, "OUT_ID": 3283.0, "catchment_area": 6603273337963.7705 }, "geometry": { "type": "Point", "coordinates": [ 589732.666245999978855, 550231.433962999959476 ] } },
{ "type": "Feature", "properties": { "Type": "Start", "ID": 4248, "OUT_ID": 3283.0, "catchment_area": null }, "geometry": { "type": "Point", "coordinates": [ 2148697.234838, 1733380.646303 ] } },
{ "type": "Feature", "properties": { "Type": "End", "ID": 4248, "OUT_ID": 3283.0, "catchment_area": 6603273337963.7705 }, "geometry": { "type": "Point", "coordinates": [ 589732.666245999978855, 550231.433962999959476 ] } },
{ "type": "Feature", "properties": { "Type": "Start", "ID": 4249, "OUT_ID": 3283.0, "catchment_area": null }, "geometry": { "type": "Point", "coordinates": [ 2449558.433325000107288, 1720539.608079 ] } },
{ "type": "Feature", "properties": { "Type": "End", "ID": 4249, "OUT_ID": 3283.0, "catchment_area": 6603273337963.7705 }, "geometry": { "type": "Point", "coordinates": [ 589732.666245999978855, 550231.433962999959476 ] } },
{ "type": "Feature", "properties": { "Type": "Start", "ID": 4250, "OUT_ID": 5596.0, "catchment_area": null }, "geometry": { "type": "Point", "coordinates": [ 2756415.842826, 1706896.760472000110894 ] } },
{ "type": "Feature", "properties": { "Type": "End", "ID": 4250, "OUT_ID": 5596.0, "catchment_area": 3991867265229.334 }, "geometry": { "type": "Point", "coordinates": [ 3546181.998005, 3287297.599760000128299 ] } },
{ "type": "Feature", "properties": { "Type": "Start", "ID": 4251, "OUT_ID": 5596.0, "catchment_area": null }, "geometry": { "type": "Point", "coordinates": [ 3070425.180067, 1692862.763675 ] } },
{ "type": "Feature", "properties": { "Type": "End", "ID": 4251, "OUT_ID": 5596.0, "catchment_area": 3991867265229.334 }, "geometry": { "type": "Point", "coordinates": [ 3546181.998005, 3287297.599760000128299 ] } },
{ "type": "Feature", "properties": { "Type": "Start", "ID": 4252, "OUT_ID": 5596.0, "catchment_area": null }, "geometry": { "type": "Point", "coordinates": [ 3392981.80369699979201, 1678970.59687 ] } },
{ "type": "Feature", "properties": { "Type": "End", "ID": 4252, "OUT_ID": 5596.0, "catchment_area": 3991867265229.334 }, "geometry": { "type": "Point", "coordinates": [ 3546181.998005, 3287297.599760000128299 ] } },
{ "type": "Feature", "properties": { "Type": "Start", "ID": 4253, "OUT_ID": 5596.0, "catchment_area": null }, "geometry": { "type": "Point", "coordinates": [ 3725812.076413999777287, 1665898.807108 ] } },
{ "type": "Feature", "properties": { "Type": "End", "ID": 4253, "OUT_ID": 5596.0, "catchment_area": 3991867265229.334 }, "geometry": { "type": "Point", "coordinates": [ 3546181.998005, 3287297.599760000128299 ] } },
{ "type": "Feature", "properties": { "Type": "Start", "ID": 4254, "OUT_ID": 5596.0, "catchment_area": null }, "geometry": { "type": "Point", "coordinates": [ 4071099.016849999781698, 1654488.872796 ] } },
{ "type": "Feature", "properties": { "Type": "End", "ID": 4254, "OUT_ID": 5596.0, "catchment_area": 3991867265229.334 }, "geometry": { "type": "Point", "coordinates": [ 3546181.998005, 3287297.599760000128299 ] } },
{ "type": "Feature", "properties": { "Type": "Start", "ID": 4255, "OUT_ID": 4447.0, "catchment_area": null }, "geometry": { "type": "Point", "coordinates": [ 4431650.764912, 1645746.030661 ] } },
{ "type": "Feature", "properties": { "Type": "End", "ID": 4255, "OUT_ID": 4447.0, "catchment_area": 13096319321.637096 }, "geometry": { "type": "Point", "coordinates": [ 4423714.661848000250757, 1668040.89862099988386 ] } },
{ "type": "Feature", "properties": { "Type": "Start", "ID": 4256, "OUT_ID": 4064.0, "catchment_area": null }, "geometry": { "type": "Point", "coordinates": [ 4811116.97685999982059, 1640806.878267 ] } },
{ "type": "Feature", "properties": { "Type": "End", "ID": 4256, "OUT_ID": 4064.0, "catchment_area": 12004959378.167339 }, "geometry": { "type": "Point", "coordinates": [ 4768459.63693, 1636700.446341 ] } },
{ "type": "Feature", "properties": { "Type": "Start", "ID": 4257, "OUT_ID": 4259.0, "catchment_area": null }, "geometry": { "type": "Point", "coordinates": [ 5207637.194535000249743, 1640806.878267 ] } },
{ "type": "Feature", "properties": { "Type": "End", "ID": 4257, "OUT_ID": 4259.0, "catchment_area": 151480760153.60242 }, "geometry": { "type": "Point", "coordinates": [ 5802694.562173999845982, 1762062.255461 ] } },
{ "type": "Feature", "properties": { "Type": "Start", "ID": 4258, "OUT_ID": 4066.0, "catchment_area": null }, "geometry": { "type": "Point", "coordinates": [ 5587103.406483000144362, 1645746.030661 ] } },
{ "type": "Feature", "properties": { "Type": "End", "ID": 4258, "OUT_ID": 4066.0, "catchment_area": 28157086541.519756 }, "geometry": { "type": "Point", "coordinates": [ 5583311.396212999708951, 1626253.628914 ] } },
{ "type": "Feature", "properties": { "Type": "Start", "ID": 4267, "OUT_ID": 4077.0, "catchment_area": null }, "geometry": { "type": "Point", "coordinates": [ 8457590.668121000751853, 1755488.764764 ] } },
{ "type": "Feature", "properties": { "Type": "End", "ID": 4267, "OUT_ID": 4077.0, "catchment_area": 253522914868.02478 }, "geometry": { "type": "Point", "coordinates": [ 8842718.433345999568701, 1594913.176634 ] } },
{ "type": "Feature", "properties": { "Type": "Start", "ID": 4268, "OUT_ID": 4077.0, "catchment_area": null }, "geometry": { "type": "Point", "coordinates": [ 8745879.972085999324918, 1764349.841127 ] } },
{ "type": "Feature", "properties": { "Type": "End", "ID": 4268, "OUT_ID": 4077.0, "catchment_area": 253522914868.02478 }, "geometry": { "type": "Point", "coordinates": [ 8842718.433345999568701, 1594913.176634 ] } },
{ "type": "Feature", "properties": { "Type": "Start", "ID": 4276, "OUT_ID": 4275.0, "catchment_area": null }, "geometry": { "type": "Point", "coordinates": [ 11006042.783398, 1771566.015499 ] } },
{ "type": "Feature", "properties": { "Type": "End", "ID": 4276, "OUT_ID": 4275.0, "catchment_area": 11131871423.391533 }, "geometry": { "type": "Point", "coordinates": [ 10921635.101261, 1803849.525168 ] } },
{ "type": "Feature", "properties": { "Type": "Start", "ID": 4277, "OUT_ID": 3893.0, "catchment_area": null }, "geometry": { "type": "Point", "coordinates": [ 11291628.372929, 1764349.841127 ] } },
{ "type": "Feature", "properties": { "Type": "End", "ID": 4277, "OUT_ID": 3893.0, "catchment_area": 17461759095.516129 }, "geometry": { "type": "Point", "coordinates": [ 11203699.171782, 1647147.263767 ] } },
{ "type": "Feature", "properties": { "Type": "Start", "ID": 4278, "OUT_ID": 3893.0, "catchment_area": null }, "geometry": { "type": "Point", "coordinates": [ 11579917.679121, 1755488.764764 ] } },
{ "type": "Feature", "properties": { "Type": "End", "ID": 4278, "OUT_ID": 3893.0, "catchment_area": 314857343691.02521 }, "geometry": { "type": "Point", "coordinates": [ 11517103.694583, 1521785.454647 ] } },
{ "type": "Feature", "properties": { "Type": "Start", "ID": 4279, "OUT_ID": 3893.0, "catchment_area": null }, "geometry": { "type": "Point", "coordinates": [ 11871604.701074, 1745108.186909 ] } },
{ "type": "Feature", "properties": { "Type": "End", "ID": 4279, "OUT_ID": 3893.0, "catchment_area": 314857343691.02521 }, "geometry": { "type": "Point", "coordinates": [ 11517103.694583, 1521785.454647 ] } },
{ "type": "Feature", "properties": { "Type": "Start", "ID": 4284, "OUT_ID": 4092.0, "catchment_area": null }, "geometry": { "type": "Point", "coordinates": [ 13411735.971752, 1678970.59687 ] } },
{ "type": "Feature", "properties": { "Type": "End", "ID": 4284, "OUT_ID": 4092.0, "catchment_area": 20408430942.884476 }, "geometry": { "type": "Point", "coordinates": [ 13418424.466244, 1563572.724354 ] } },
{ "type": "Feature", "properties": { "Type": "Start", "ID": 4297, "OUT_ID": 4488.0, "catchment_area": null }, "geometry": { "type": "Point", "coordinates": [ -4531094.018943999893963, 5772580.927434000186622 ] } },
{ "type": "Feature", "properties": { "Type": "End", "ID": 4297, "OUT_ID": 4488.0, "catchment_area": 82615947720.66069 }, "geometry": { "type": "Point", "coordinates": [ -4529207.872840999625623, 5763193.329889999702573 ] } },
{ "type": "Feature", "properties": { "Type": "Start", "ID": 4298, "OUT_ID": 4682.0, "catchment_area": null }, "geometry": { "type": "Point", "coordinates": [ -5009377.085697, 5857539.679796 ] } },
{ "type": "Feature", "properties": { "Type": "End", "ID": 4298, "OUT_ID": 4682.0, "catchment_area": 222637428467.83063 }, "geometry": { "type": "Point", "coordinates": [ -5667910.972352, 5951236.043571 ] } },
{ "type": "Feature", "properties": { "Type": "Start", "ID": 4299, "OUT_ID": 4682.0, "catchment_area": null }, "geometry": { "type": "Point", "coordinates": [ -5560272.084088999778032, 5929121.199927000328898 ] } },
{ "type": "Feature", "properties": { "Type": "End", "ID": 4299, "OUT_ID": 4682.0, "catchment_area": 222637428467.83063 }, "geometry": { "type": "Point", "coordinates": [ -5667910.972352, 5951236.043571 ] } },
{ "type": "Feature", "properties": { "Type": "Start", "ID": 4303, "OUT_ID": 4111.0, "catchment_area": null }, "geometry": { "type": "Point", "coordinates": [ -8603189.446536999195814, 6091898.157921999692917 ] } },
{ "type": "Feature", "properties": { "Type": "End", "ID": 4303, "OUT_ID": 4111.0, "catchment_area": 514794485334.68488 }, "geometry": { "type": "Point", "coordinates": [ -8551232.582123000174761, 6076597.85269199963659 ] } },
{ "type": "Feature", "properties": { "Type": "Start", "ID": 4305, "OUT_ID": 4113.0, "catchment_area": null }, "geometry": { "type": "Point", "coordinates": [ -10497069.578686, 6103304.056597 ] } },
{ "type": "Feature", "properties": { "Type": "End", "ID": 4305, "OUT_ID": 4113.0, "catchment_area": 59260844930.40786 }, "geometry": { "type": "Point", "coordinates": [ -10494340.623491, 6118385.122398000210524 ] } },
{ "type": "Feature", "properties": { "Type": "Start", "ID": 4307, "OUT_ID": 3922.0, "catchment_area": null }, "geometry": { "type": "Point", "coordinates": [ -12318015.440254, 6068998.125981000252068 ] } },
{ "type": "Feature", "properties": { "Type": "End", "ID": 4307, "OUT_ID": 3922.0, "catchment_area": 40707725891.421974 }, "geometry": { "type": "Point", "coordinates": [ -12322533.673165, 6076597.85269199963659 ] } },
{ "type": "Feature", "properties": { "Type": "Start", "ID": 4310, "OUT_ID": 4117.0, "catchment_area": null }, "geometry": { "type": "Point", "coordinates": [ -14477236.255361, 5929121.199927000328898 ] } },
{ "type": "Feature", "properties": { "Type": "End", "ID": 4310, "OUT_ID": 4117.0, "catchment_area": 360148781345.02014 }, "geometry": { "type": "Point", "coordinates": [ -14474578.063067, 5972129.678423999808729 ] } },
{ "type": "Feature", "properties": { "Type": "Start", "ID": 4311, "OUT_ID": 4118.0, "catchment_area": null }, "geometry": { "type": "Point", "coordinates": [ -15028131.257092, 5857539.679796 ] } },
{ "type": "Feature", "properties": { "Type": "End", "ID": 4311, "OUT_ID": 4118.0, "catchment_area": 1737554165998.2017 }, "geometry": { "type": "Point", "coordinates": [ -15017812.569256, 5909448.773864000104368 ] } },
{ "type": "Feature", "properties": { "Type": "Start", "ID": 4312, "OUT_ID": 3740.0, "catchment_area": null }, "geometry": { "type": "Point", "coordinates": [ -15506414.324958, 5772580.927434000186622 ] } },
{ "type": "Feature", "properties": { "Type": "End", "ID": 4312, "OUT_ID": 3740.0, "catchment_area": 944572031073.07556 }, "geometry": { "type": "Point", "coordinates": [ -18068283.257855001837015, 5470682.441941999830306 ] } },
{ "type": "Feature", "properties": { "Type": "Start", "ID": 4313, "OUT_ID": 3740.0, "catchment_area": null }, "geometry": { "type": "Point", "coordinates": [ -15921573.530855, 5673498.655763999558985 ] } },
{ "type": "Feature", "properties": { "Type": "End", "ID": 4313, "OUT_ID": 3740.0, "catchment_area": 944572031073.07556 }, "geometry": { "type": "Point", "coordinates": [ -18068283.257855001837015, 5470682.441941999830306 ] } },
{ "type": "Feature", "properties": { "Type": "Start", "ID": 4314, "OUT_ID": 4507.0, "catchment_area": null }, "geometry": { "type": "Point", "coordinates": [ -16282491.758265, 5559370.802294 ] } },
{ "type": "Feature", "properties": { "Type": "End", "ID": 4314, "OUT_ID": 4507.0, "catchment_area": 25537822677.192337 }, "geometry": { "type": "Point", "coordinates": [ -16281877.477888, 5533363.346502999775112 ] } },
{ "type": "Feature", "properties": { "Type": "Start", "ID": 4364, "OUT_ID": 4363.0, "catchment_area": null }, "geometry": { "type": "Point", "coordinates": [ -8184873.217655000276864, 1206520.261815 ] } },
{ "type": "Feature", "properties": { "Type": "End", "ID": 4364, "OUT_ID": 4363.0, "catchment_area": 11459279406.432459 }, "geometry": { "type": "Point", "coordinates": [ -8185593.97218899987638, 1250168.201551999896765 ] } },
{ "type": "Feature", "properties": { "Type": "Start", "ID": 4365, "OUT_ID": 4172.0, "catchment_area": null }, "geometry": { "type": "Point", "coordinates": [ -8191100.652609, 937922.382085000048392 ] } },
{ "type": "Feature", "properties": { "Type": "End", "ID": 4365, "OUT_ID": 4172.0, "catchment_area": 227112004236.05664 }, "geometry": { "type": "Point", "coordinates": [ -8310955.781309000216424, 1156146.844712000107393 ] } },
{ "type": "Feature", "properties": { "Type": "Start", "ID": 4366, "OUT_ID": 4172.0, "catchment_area": null }, "geometry": { "type": "Point", "coordinates": [ -8195554.517606000415981, 669680.814724000054412 ] } },
{ "type": "Feature", "properties": { "Type": "End", "ID": 4366, "OUT_ID": 4172.0, "catchment_area": 227112004236.05664 }, "geometry": { "type": "Point", "coordinates": [ -8310955.781309000216424, 1156146.844712000107393 ] } },
{ "type": "Feature", "properties": { "Type": "Start", "ID": 4367, "OUT_ID": 5325.0, "catchment_area": null }, "geometry": { "type": "Point", "coordinates": [ -8198423.15297899954021, 401702.135327 ] } },
{ "type": "Feature", "properties": { "Type": "End", "ID": 4367, "OUT_ID": 5325.0, "catchment_area": 837837028601.73328 }, "geometry": { "type": "Point", "coordinates": [ -7015550.420397000387311, 915870.043898000032641 ] } },
{ "type": "Feature", "properties": { "Type": "Start", "ID": 4368, "OUT_ID": 5905.0, "catchment_area": null }, "geometry": { "type": "Point", "coordinates": [ -8199825.187455999664962, 133886.084395000012591 ] } },
{ "type": "Feature", "properties": { "Type": "End", "ID": 4368, "OUT_ID": 5905.0, "catchment_area": 4994172237311.96 }, "geometry": { "type": "Point", "coordinates": [ -6514103.183915000408888, -358641.682160999975167 ] } },
{ "type": "Feature", "properties": { "Type": "Start", "ID": 4369, "OUT_ID": 5905.0, "catchment_area": null }, "geometry": { "type": "Point", "coordinates": [ -8199825.187455999664962, -133886.084395000012591 ] } },
{ "type": "Feature", "properties": { "Type": "End", "ID": 4369, "OUT_ID": 5905.0, "catchment_area": 4994172237311.96 }, "geometry": { "type": "Point", "coordinates": [ -6514103.183915000408888, -358641.682160999975167 ] } },
{ "type": "Feature", "properties": { "Type": "Start", "ID": 4370, "OUT_ID": 5905.0, "catchment_area": null }, "geometry": { "type": "Point", "coordinates": [ -8198423.15297899954021, -401702.135327 ] } },
{ "type": "Feature", "properties": { "Type": "End", "ID": 4370, "OUT_ID": 5905.0, "catchment_area": 4994172237311.96 }, "geometry": { "type": "Point", "coordinates": [ -6514103.183915000408888, -358641.682160999975167 ] } },
{ "type": "Feature", "properties": { "Type": "Start", "ID": 4371, "OUT_ID": 5905.0, "catchment_area": null }, "geometry": { "type": "Point", "coordinates": [ -8195554.517606000415981, -669680.814724000054412 ] } },
{ "type": "Feature", "properties": { "Type": "End", "ID": 4371, "OUT_ID": 5905.0, "catchment_area": 4994172237311.96 }, "geometry": { "type": "Point", "coordinates": [ -6514103.183915000408888, -358641.682160999975167 ] } },
{ "type": "Feature", "properties": { "Type": "Start", "ID": 4372, "OUT_ID": 5905.0, "catchment_area": null }, "geometry": { "type": "Point", "coordinates": [ -8191100.652609, -937922.382085000048392 ] } },
{ "type": "Feature", "properties": { "Type": "End", "ID": 4372, "OUT_ID": 5905.0, "catchment_area": 4994172237311.96 }, "geometry": { "type": "Point", "coordinates": [ -6514103.183915000408888, -358641.682160999975167 ] } },
{ "type": "Feature", "properties": { "Type": "Start", "ID": 4373, "OUT_ID": 5905.0, "catchment_area": null }, "geometry": { "type": "Point", "coordinates": [ -8184873.217655000276864, -1206520.261815 ] } },
{ "type": "Feature", "properties": { "Type": "End", "ID": 4373, "OUT_ID": 5905.0, "catchment_area": 4994172237311.96 }, "geometry": { "type": "Point", "coordinates": [ -6514103.183915000408888, -358641.682160999975167 ] } },
{ "type": "Feature", "properties": { "Type": "Start", "ID": 4374, "OUT_ID": 5905.0, "catchment_area": null }, "geometry": { "type": "Point", "coordinates": [ -8176599.973136999644339, -1475558.277729 ] } },
{ "type": "Feature", "properties": { "Type": "End", "ID": 4374, "OUT_ID": 5905.0, "catchment_area": 4994172237311.96 }, "geometry": { "type": "Point", "coordinates": [ -6514103.183915000408888, -358641.682160999975167 ] } },
{ "type": "Feature", "properties": { "Type": "Start", "ID": 4375, "OUT_ID": 4376.0, "catchment_area": null }, "geometry": { "type": "Point", "coordinates": [ -8165903.639488999731839, -1745108.186909 ] } },
{ "type": "Feature", "properties": { "Type": "End", "ID": 4375, "OUT_ID": 4376.0, "catchment_area": 14296815259.453831 }, "geometry": { "type": "Point", "coordinates": [ -8175147.154761999845505, -1779408.852193 ] } },
{ "type": "Feature", "properties": { "Type": "Start", "ID": 4382, "OUT_ID": 4191.0, "catchment_area": null }, "geometry": { "type": "Point", "coordinates": [ -7947002.587178999558091, -3649279.941054 ] } },
{ "type": "Feature", "properties": { "Type": "End", "ID": 4382, "OUT_ID": 4191.0, "catchment_area": 61770972800.388306 }, "geometry": { "type": "Point", "coordinates": [ -8154253.519909, -3806091.432974 ] } },
{ "type": "Feature", "properties": { "Type": "Start", "ID": 4383, "OUT_ID": 4769.0, "catchment_area": null }, "geometry": { "type": "Point", "coordinates": [ -7870976.860790999606252, -3923778.941399000119418 ] } },
{ "type": "Feature", "properties": { "Type": "End", "ID": 4383, "OUT_ID": 4769.0, "catchment_area": 200264549626.70059 }, "geometry": { "type": "Point", "coordinates": [ -6994656.785543999634683, -4182176.860336 ] } },
{ "type": "Feature", "properties": { "Type": "Start", "ID": 4384, "OUT_ID": 4769.0, "catchment_area": null }, "geometry": { "type": "Point", "coordinates": [ -7770665.465012, -4198705.769564 ] } },
{ "type": "Feature", "properties": { "Type": "End", "ID": 4384, "OUT_ID": 4769.0, "catchment_area": 79887547861.986282 }, "geometry": { "type": "Point", "coordinates": [ -7276720.856065000407398, -4119495.955776 ] } },
{ "type": "Feature", "properties": { "Type": "Start", "ID": 4385, "OUT_ID": 4769.0, "catchment_area": null }, "geometry": { "type": "Point", "coordinates": [ -7639055.816273, -4469357.567250000312924 ] } },
{ "type": "Feature", "properties": { "Type": "End", "ID": 4385, "OUT_ID": 4769.0, "catchment_area": 168069431294.34274 }, "geometry": { "type": "Point", "coordinates": [ -7234933.586357999593019, -4255304.582322999835014 ] } },
{ "type": "Feature", "properties": { "Type": "Start", "ID": 4386, "OUT_ID": 4387.0, "catchment_area": null }, "geometry": { "type": "Point", "coordinates": [ -7482522.179936000145972, -4711305.961997999809682 ] } },
{ "type": "Feature", "properties": { "Type": "End", "ID": 4386, "OUT_ID": 4387.0, "catchment_area": 14078543270.759878 }, "geometry": { "type": "Point", "coordinates": [ -7454316.752318999730051, -4777645.453657999634743 ] } },
{ "type": "Feature", "properties": { "Type": "Start", "ID": 4399, "OUT_ID": 4591.0, "catchment_area": null }, "geometry": { "type": "Point", "coordinates": [ -1415564.724858, -6091898.157921999692917 ] } },
{ "type": "Feature", "properties": { "Type": "End", "ID": 4399, "OUT_ID": 4591.0, "catchment_area": 15060767219.88266 }, "geometry": { "type": "Point", "coordinates": [ -1384715.827402, -6041710.362289999611676 ] } },
{ "type": "Feature", "properties": { "Type": "Start", "ID": 4400, "OUT_ID": 4784.0, "catchment_area": null }, "geometry": { "type": "Point", "coordinates": [ -478315.407736999972258, -6103304.056598000228405 ] } },
{ "type": "Feature", "properties": { "Type": "End", "ID": 4400, "OUT_ID": 4784.0, "catchment_area": 12768911338.596169 }, "geometry": { "type": "Point", "coordinates": [ -465395.893851, -5989476.275155999697745 ] } },
{ "type": "Feature", "properties": { "Type": "Start", "ID": 4401, "OUT_ID": 4785.0, "catchment_area": null }, "geometry": { "type": "Point", "coordinates": [ 478315.407736999972258, -6103304.056598000228405 ] } },
{ "type": "Feature", "properties": { "Type": "End", "ID": 4401, "OUT_ID": 4785.0, "catchment_area": 33395614270.174595 }, "geometry": { "type": "Point", "coordinates": [ 370349.500285000016447, -5979029.45773 ] } },
{ "type": "Feature", "properties": { "Type": "Start", "ID": 4402, "OUT_ID": 4979.0, "catchment_area": null }, "geometry": { "type": "Point", "coordinates": [ 1415564.724858, -6091898.157921999692917 ] } },
{ "type": "Feature", "properties": { "Type": "End", "ID": 4402, "OUT_ID": 4979.0, "catchment_area": 15606447191.61754 }, "geometry": { "type": "Point", "coordinates": [ 1415031.242956, -5979029.45773 ] } },
{ "type": "Feature", "properties": { "Type": "Start", "ID": 4403, "OUT_ID": 4788.0, "catchment_area": null }, "geometry": { "type": "Point", "coordinates": [ 2299261.273312, -6068998.125981000252068 ] } },
{ "type": "Feature", "properties": { "Type": "End", "ID": 4403, "OUT_ID": 4788.0, "catchment_area": 12659775344.249193 }, "geometry": { "type": "Point", "coordinates": [ 2365691.628787000197917, -5968582.64030299987644 ] } },
{ "type": "Feature", "properties": { "Type": "Start", "ID": 4404, "OUT_ID": 4597.0, "catchment_area": null }, "geometry": { "type": "Point", "coordinates": [ 3106269.114339999854565, -6034429.586570999585092 ] } },
{ "type": "Feature", "properties": { "Type": "End", "ID": 4404, "OUT_ID": 4597.0, "catchment_area": 58060348992.591125 }, "geometry": { "type": "Point", "coordinates": [ 3222330.65777700021863, -5968582.64030299987644 ] } },
{ "type": "Feature", "properties": { "Type": "Start", "ID": 4405, "OUT_ID": 4598.0, "catchment_area": null }, "geometry": { "type": "Point", "coordinates": [ 3826108.447402, -5987925.926571000367403 ] } },
{ "type": "Feature", "properties": { "Type": "End", "ID": 4405, "OUT_ID": 4598.0, "catchment_area": 12223231366.86129 }, "geometry": { "type": "Point", "coordinates": [ 3838692.885952999815345, -5926795.370596 ] } },
{ "type": "Feature", "properties": { "Type": "Start", "ID": 4406, "OUT_ID": 4599.0, "catchment_area": null }, "geometry": { "type": "Point", "coordinates": [ 4458482.087306000292301, -5929121.199927000328898 ] } },
{ "type": "Feature", "properties": { "Type": "End", "ID": 4406, "OUT_ID": 4599.0, "catchment_area": 15933855174.658466 }, "geometry": { "type": "Point", "coordinates": [ 4455055.114128000102937, -5926795.370596 ] } },
{ "type": "Feature", "properties": { "Type": "Start", "ID": 4427, "OUT_ID": 4426.0, "catchment_area": null }, "geometry": { "type": "Point", "coordinates": [ -1573283.130082, 2027720.63635 ] } },
{ "type": "Feature", "properties": { "Type": "End", "ID": 4427, "OUT_ID": 4426.0, "catchment_area": 79014459907.21048 }, "geometry": { "type": "Point", "coordinates": [ -1813035.341897, 1950104.969142 ] } },
{ "type": "Feature", "properties": { "Type": "Start", "ID": 4428, "OUT_ID": 4426.0, "catchment_area": null }, "geometry": { "type": "Point", "coordinates": [ -1283181.176339, 2038370.796483 ] } },
{ "type": "Feature", "properties": { "Type": "End", "ID": 4428, "OUT_ID": 4426.0, "catchment_area": 627531967495.11084 }, "geometry": { "type": "Point", "coordinates": [ -1844375.794177, 1824743.160021 ] } },
{ "type": "Feature", "properties": { "Type": "Start", "ID": 4429, "OUT_ID": 4426.0, "catchment_area": null }, "geometry": { "type": "Point", "coordinates": [ -995544.913695, 2047034.43884 ] } },
{ "type": "Feature", "properties": { "Type": "End", "ID": 4429, "OUT_ID": 4426.0, "catchment_area": 627531967495.11084 }, "geometry": { "type": "Point", "coordinates": [ -1844375.794177, 1824743.160021 ] } },
{ "type": "Feature", "properties": { "Type": "Start", "ID": 4430, "OUT_ID": 3283.0, "catchment_area": null }, "geometry": { "type": "Point", "coordinates": [ -709787.12059299997054, 2053610.28438499988988 ] } },
{ "type": "Feature", "properties": { "Type": "End", "ID": 4430, "OUT_ID": 3283.0, "catchment_area": 6603273337963.7705 }, "geometry": { "type": "Point", "coordinates": [ 589732.666245999978855, 550231.433962999959476 ] } },
{ "type": "Feature", "properties": { "Type": "Start", "ID": 4431, "OUT_ID": 3283.0, "catchment_area": null }, "geometry": { "type": "Point", "coordinates": [ -425351.882858, 2058029.867747 ] } },
{ "type": "Feature", "properties": { "Type": "End", "ID": 4431, "OUT_ID": 3283.0, "catchment_area": 6603273337963.7705 }, "geometry": { "type": "Point", "coordinates": [ 589732.666245999978855, 550231.433962999959476 ] } },
{ "type": "Feature", "properties": { "Type": "Start", "ID": 4432, "OUT_ID": 3283.0, "catchment_area": null }, "geometry": { "type": "Point", "coordinates": [ -141703.997416, 2060250.737217 ] } },
{ "type": "Feature", "properties": { "Type": "End", "ID": 4432, "OUT_ID": 3283.0, "catchment_area": 6603273337963.7705 }, "geometry": { "type": "Point", "coordinates": [ 589732.666245999978855, 550231.433962999959476 ] } },
{ "type": "Feature", "properties": { "Type": "Start", "ID": 4433, "OUT_ID": 3283.0, "catchment_area": null }, "geometry": { "type": "Point", "coordinates": [ 141703.997416, 2060250.737217 ] } },
{ "type": "Feature", "properties": { "Type": "End", "ID": 4433, "OUT_ID": 3283.0, "catchment_area": 6603273337963.7705 }, "geometry": { "type": "Point", "coordinates": [ 589732.666245999978855, 550231.433962999959476 ] } },
{ "type": "Feature", "properties": { "Type": "Start", "ID": 4434, "OUT_ID": 3283.0, "catchment_area": null }, "geometry": { "type": "Point", "coordinates": [ 425351.882858, 2058029.867747 ] } },
{ "type": "Feature", "properties": { "Type": "End", "ID": 4434, "OUT_ID": 3283.0, "catchment_area": 6603273337963.7705 }, "geometry": { "type": "Point", "coordinates": [ 589732.666245999978855, 550231.433962999959476 ] } },
{ "type": "Feature", "properties": { "Type": "Start", "ID": 4435, "OUT_ID": 3283.0, "catchment_area": null }, "geometry": { "type": "Point", "coordinates": [ 709787.12059299997054, 2053610.28438499988988 ] } },
{ "type": "Feature", "properties": { "Type": "End", "ID": 4435, "OUT_ID": 3283.0, "catchment_area": 6603273337963.7705 }, "geometry": { "type": "Point", "coordinates": [ 589732.666245999978855, 550231.433962999959476 ] } },
{ "type": "Feature", "properties": { "Type": "Start", "ID": 4436, "OUT_ID": 3283.0, "catchment_area": null }, "geometry": { "type": "Point", "coordinates": [ 995544.913695, 2047034.43884 ] } },
{ "type": "Feature", "properties": { "Type": "End", "ID": 4436, "OUT_ID": 3283.0, "catchment_area": 6603273337963.7705 }, "geometry": { "type": "Point", "coordinates": [ 589732.666245999978855, 550231.433962999959476 ] } },
{ "type": "Feature", "properties": { "Type": "Start", "ID": 4437, "OUT_ID": 3283.0, "catchment_area": null }, "geometry": { "type": "Point", "coordinates": [ 1283181.176339, 2038370.796483 ] } },
{ "type": "Feature", "properties": { "Type": "End", "ID": 4437, "OUT_ID": 3283.0, "catchment_area": 6603273337963.7705 }, "geometry": { "type": "Point", "coordinates": [ 589732.666245999978855, 550231.433962999959476 ] } },
{ "type": "Feature", "properties": { "Type": "Start", "ID": 4438, "OUT_ID": 3283.0, "catchment_area": null }, "geometry": { "type": "Point", "coordinates": [ 1573283.130082, 2027720.63635 ] } },
{ "type": "Feature", "properties": { "Type": "End", "ID": 4438, "OUT_ID": 3283.0, "catchment_area": 6603273337963.7705 }, "geometry": { "type": "Point", "coordinates": [ 589732.666245999978855, 550231.433962999959476 ] } },
{ "type": "Feature", "properties": { "Type": "Start", "ID": 4439, "OUT_ID": 3283.0, "catchment_area": null }, "geometry": { "type": "Point", "coordinates": [ 1866482.801351, 2015227.72114 ] } },
{ "type": "Feature", "properties": { "Type": "End", "ID": 4439, "OUT_ID": 3283.0, "catchment_area": 6603273337963.7705 }, "geometry": { "type": "Point", "coordinates": [ 589732.666245999978855, 550231.433962999959476 ] } },
{ "type": "Feature", "properties": { "Type": "Start", "ID": 4440, "OUT_ID": 3283.0, "catchment_area": null }, "geometry": { "type": "Point", "coordinates": [ 2163474.940655, 2001091.409602 ] } },
{ "type": "Feature", "properties": { "Type": "End", "ID": 4440, "OUT_ID": 3283.0, "catchment_area": 6603273337963.7705 }, "geometry": { "type": "Point", "coordinates": [ 589732.666245999978855, 550231.433962999959476 ] } },
{ "type": "Feature", "properties": { "Type": "Start", "ID": 4441, "OUT_ID": 3283.0, "catchment_area": null }, "geometry": { "type": "Point", "coordinates": [ 2465041.591907000169158, 1985583.898798 ] } },
{ "type": "Feature", "properties": { "Type": "End", "ID": 4441, "OUT_ID": 3283.0, "catchment_area": 6603273337963.7705 }, "geometry": { "type": "Point", "coordinates": [ 589732.666245999978855, 550231.433962999959476 ] } },
{ "type": "Feature", "properties": { "Type": "Start", "ID": 4442, "OUT_ID": 5596.0, "catchment_area": null }, "geometry": { "type": "Point", "coordinates": [ 2772086.560277999844402, 1969072.191358 ] } },
{ "type": "Feature", "properties": { "Type": "End", "ID": 4442, "OUT_ID": 5596.0, "catchment_area": 3991867265229.334 }, "geometry": { "type": "Point", "coordinates": [ 3546181.998005, 3287297.599760000128299 ] } },
{ "type": "Feature", "properties": { "Type": "Start", "ID": 4443, "OUT_ID": 5596.0, "catchment_area": null }, "geometry": { "type": "Point", "coordinates": [ 3085684.472926000133157, 1952045.007672 ] } },
{ "type": "Feature", "properties": { "Type": "End", "ID": 4443, "OUT_ID": 5596.0, "catchment_area": 3991867265229.334 }, "geometry": { "type": "Point", "coordinates": [ 3546181.998005, 3287297.599760000128299 ] } },
{ "type": "Feature", "properties": { "Type": "Start", "ID": 4444, "OUT_ID": 5596.0, "catchment_area": null }, "geometry": { "type": "Point", "coordinates": [ 3407151.176327, 1935143.789329 ] } },
{ "type": "Feature", "properties": { "Type": "End", "ID": 4444, "OUT_ID": 5596.0, "catchment_area": 3991867265229.334 }, "geometry": { "type": "Point", "coordinates": [ 3546181.998005, 3287297.599760000128299 ] } },
{ "type": "Feature", "properties": { "Type": "Start", "ID": 4445, "OUT_ID": 5596.0, "catchment_area": null }, "geometry": { "type": "Point", "coordinates": [ 3738144.478184000123292, 1919194.557121 ] } },
{ "type": "Feature", "properties": { "Type": "End", "ID": 4445, "OUT_ID": 5596.0, "catchment_area": 3991867265229.334 }, "geometry": { "type": "Point", "coordinates": [ 3546181.998005, 3287297.599760000128299 ] } },
{ "type": "Feature", "properties": { "Type": "Start", "ID": 4446, "OUT_ID": 5596.0, "catchment_area": null }, "geometry": { "type": "Point", "coordinates": [ 4080806.275709, 1905232.927038 ] } },
{ "type": "Feature", "properties": { "Type": "End", "ID": 4446, "OUT_ID": 5596.0, "catchment_area": 3991867265229.334 }, "geometry": { "type": "Point", "coordinates": [ 3546181.998005, 3287297.599760000128299 ] } },
{ "type": "Feature", "properties": { "Type": "Start", "ID": 4448, "OUT_ID": 4447.0, "catchment_area": null }, "geometry": { "type": "Point", "coordinates": [ 4813345.186749000102282, 1888436.881601 ] } },
{ "type": "Feature", "properties": { "Type": "End", "ID": 4448, "OUT_ID": 4447.0, "catchment_area": 15169903214.229637 }, "geometry": { "type": "Point", "coordinates": [ 4726672.367223000153899, 1845636.794875 ] } },
{ "type": "Feature", "properties": { "Type": "Start", "ID": 4449, "OUT_ID": 5027.0, "catchment_area": null }, "geometry": { "type": "Point", "coordinates": [ 5205408.984644999727607, 1888436.881601 ] } },
{ "type": "Feature", "properties": { "Type": "End", "ID": 4449, "OUT_ID": 5027.0, "catchment_area": 389724635813.0506 }, "geometry": { "type": "Point", "coordinates": [ 5760907.292467, 2535126.745037000160664 ] } },
{ "type": "Feature", "properties": { "Type": "Start", "ID": 4450, "OUT_ID": 5027.0, "catchment_area": null }, "geometry": { "type": "Point", "coordinates": [ 5580797.4411939997226, 1894507.380028000101447 ] } },
{ "type": "Feature", "properties": { "Type": "End", "ID": 4450, "OUT_ID": 5027.0, "catchment_area": 389724635813.0506 }, "geometry": { "type": "Point", "coordinates": [ 5760907.292467, 2535126.745037000160664 ] } },
{ "type": "Feature", "properties": { "Type": "Start", "ID": 4451, "OUT_ID": 5027.0, "catchment_area": null }, "geometry": { "type": "Point", "coordinates": [ 5937947.895685999654233, 1905232.927038 ] } },
{ "type": "Feature", "properties": { "Type": "End", "ID": 4451, "OUT_ID": 5027.0, "catchment_area": 389724635813.0506 }, "geometry": { "type": "Point", "coordinates": [ 5771354.109894, 2524679.927611 ] } },
{ "type": "Feature", "properties": { "Type": "Start", "ID": 4458, "OUT_ID": 4457.0, "catchment_area": null }, "geometry": { "type": "Point", "coordinates": [ 8152271.370043000206351, 2015227.72114 ] } },
{ "type": "Feature", "properties": { "Type": "End", "ID": 4458, "OUT_ID": 4457.0, "catchment_area": 11131871423.391533 }, "geometry": { "type": "Point", "coordinates": [ 8121888.030903000384569, 2012785.873701999895275 ] } },
{ "type": "Feature", "properties": { "Type": "Start", "ID": 4459, "OUT_ID": 4269.0, "catchment_area": null }, "geometry": { "type": "Point", "coordinates": [ 8445471.041313, 2027720.63635 ] } },
{ "type": "Feature", "properties": { "Type": "End", "ID": 4459, "OUT_ID": 4269.0, "catchment_area": 268256274104.86652 }, "geometry": { "type": "Point", "coordinates": [ 9020314.329600000753999, 1918764.516862000105903 ] } },
{ "type": "Feature", "properties": { "Type": "Start", "ID": 4460, "OUT_ID": 4269.0, "catchment_area": null }, "geometry": { "type": "Point", "coordinates": [ 8735572.995054999366403, 2038370.796483 ] } },
{ "type": "Feature", "properties": { "Type": "End", "ID": 4460, "OUT_ID": 4269.0, "catchment_area": 268256274104.86652 }, "geometry": { "type": "Point", "coordinates": [ 9020314.329600000753999, 1918764.516862000105903 ] } },
{ "type": "Feature", "properties": { "Type": "Start", "ID": 4461, "OUT_ID": 4269.0, "catchment_area": null }, "geometry": { "type": "Point", "coordinates": [ 9023209.257698999717832, 2047034.43884 ] } },
{ "type": "Feature", "properties": { "Type": "End", "ID": 4461, "OUT_ID": 4269.0, "catchment_area": 268256274104.86652 }, "geometry": { "type": "Point", "coordinates": [ 9020314.329600000753999, 1918764.516862000105903 ] } },
{ "type": "Feature", "properties": { "Type": "Start", "ID": 4462, "OUT_ID": 4270.0, "catchment_area": null }, "geometry": { "type": "Point", "coordinates": [ 9308967.050690000876784, 2053610.28438499988988 ] } },
{ "type": "Feature", "properties": { "Type": "End", "ID": 4462, "OUT_ID": 4270.0, "catchment_area": 13314591310.331047 }, "geometry": { "type": "Point", "coordinates": [ 9323272.034973999485373, 2002339.056275 ] } },
{ "type": "Feature", "properties": { "Type": "Start", "ID": 4467, "OUT_ID": 4275.0, "catchment_area": null }, "geometry": { "type": "Point", "coordinates": [ 10728541.292099, 2053610.28438499988988 ] } },
{ "type": "Feature", "properties": { "Type": "End", "ID": 4467, "OUT_ID": 4275.0, "catchment_area": 18880527022.026814 }, "geometry": { "type": "Point", "coordinates": [ 10733592.38758, 2044126.325982 ] } },
{ "type": "Feature", "properties": { "Type": "Start", "ID": 4468, "OUT_ID": 4275.0, "catchment_area": null }, "geometry": { "type": "Point", "coordinates": [ 11014299.08509, 2047034.43884 ] } },
{ "type": "Feature", "properties": { "Type": "End", "ID": 4468, "OUT_ID": 4275.0, "catchment_area": 228858180145.60825 }, "geometry": { "type": "Point", "coordinates": [ 11182805.536928, 1762062.255461 ] } },
{ "type": "Feature", "properties": { "Type": "Start", "ID": 4469, "OUT_ID": 3893.0, "catchment_area": null }, "geometry": { "type": "Point", "coordinates": [ 11301935.344394, 2038370.796483 ] } },
{ "type": "Feature", "properties": { "Type": "End", "ID": 4469, "OUT_ID": 3893.0, "catchment_area": 314857343691.02521 }, "geometry": { "type": "Point", "coordinates": [ 11517103.694583, 1521785.454647 ] } },
{ "type": "Feature", "properties": { "Type": "Start", "ID": 4470, "OUT_ID": 3893.0, "catchment_area": null }, "geometry": { "type": "Point", "coordinates": [ 11592037.29925, 2027720.63635 ] } },
{ "type": "Feature", "properties": { "Type": "End", "ID": 4470, "OUT_ID": 3893.0, "catchment_area": 314857343691.02521 }, "geometry": { "type": "Point", "coordinates": [ 11517103.694583, 1521785.454647 ] } },
{ "type": "Feature", "properties": { "Type": "Start", "ID": 4472, "OUT_ID": 4280.0, "catchment_area": null }, "geometry": { "type": "Point", "coordinates": [ 12182229.116502, 2001091.409602 ] } },
{ "type": "Feature", "properties": { "Type": "End", "ID": 4472, "OUT_ID": 4280.0, "catchment_area": 13205455315.984072 }, "geometry": { "type": "Point", "coordinates": [ 12185700.009892, 1970998.603995 ] } },
{ "type": "Feature", "properties": { "Type": "Start", "ID": 4476, "OUT_ID": 4668.0, "catchment_area": null }, "geometry": { "type": "Point", "coordinates": [ 13425905.351061, 1935143.789329 ] } },
{ "type": "Feature", "properties": { "Type": "End", "ID": 4476, "OUT_ID": 4668.0, "catchment_area": 4295156193519.5796 }, "geometry": { "type": "Point", "coordinates": [ 13407977.648817, 1981445.421422 ] } },
{ "type": "Feature", "properties": { "Type": "Start", "ID": 4489, "OUT_ID": 4682.0, "catchment_area": null }, "geometry": { "type": "Point", "coordinates": [ -5009377.085697, 5689232.805270999670029 ] } },
{ "type": "Feature", "properties": { "Type": "End", "ID": 4489, "OUT_ID": 4682.0, "catchment_area": 222637428467.83063 }, "geometry": { "type": "Point", "coordinates": [ -5667910.972352, 5951236.043571 ] } },
{ "type": "Feature", "properties": { "Type": "Start", "ID": 4490, "OUT_ID": 4682.0, "catchment_area": null }, "geometry": { "type": "Point", "coordinates": [ -5487660.15245100017637, 5772580.927434000186622 ] } },
{ "type": "Feature", "properties": { "Type": "End", "ID": 4490, "OUT_ID": 4682.0, "catchment_area": 39507229953.60524 }, "geometry": { "type": "Point", "coordinates": [ -5647017.337499000132084, 5742299.695036999881268 ] } },
{ "type": "Feature", "properties": { "Type": "Start", "ID": 4494, "OUT_ID": 4686.0, "catchment_area": null }, "geometry": { "type": "Point", "coordinates": [ -8018704.076777, 5980249.40864 ] } },
{ "type": "Feature", "properties": { "Type": "End", "ID": 4494, "OUT_ID": 4686.0, "catchment_area": 20190158954.190525 }, "geometry": { "type": "Point", "coordinates": [ -8049785.345641000196338, 5867661.504157000221312 ] } },
{ "type": "Feature", "properties": { "Type": "Start", "ID": 4495, "OUT_ID": 4687.0, "catchment_area": null }, "geometry": { "type": "Point", "coordinates": [ -8795838.919454999268055, 6002758.138589000329375 ] } },
{ "type": "Feature", "properties": { "Type": "End", "ID": 4495, "OUT_ID": 4687.0, "catchment_area": 13423727304.678024 }, "geometry": { "type": "Point", "coordinates": [ -8791509.38293799944222, 5993023.313277999870479 ] } },
{ "type": "Feature", "properties": { "Type": "Start", "ID": 4496, "OUT_ID": 4688.0, "catchment_area": null }, "geometry": { "type": "Point", "coordinates": [ -9607076.306687999516726, 6013971.252309000119567 ] } },
{ "type": "Feature", "properties": { "Type": "End", "ID": 4496, "OUT_ID": 4688.0, "catchment_area": 11459279406.432459 }, "geometry": { "type": "Point", "coordinates": [ -9783957.038474999368191, 6024363.76555799972266 ] } },
{ "type": "Feature", "properties": { "Type": "Start", "ID": 4497, "OUT_ID": 4113.0, "catchment_area": null }, "geometry": { "type": "Point", "coordinates": [ -10430432.036102, 6013971.252309000119567 ] } },
{ "type": "Feature", "properties": { "Type": "End", "ID": 4497, "OUT_ID": 4113.0, "catchment_area": 16261263157.699394 }, "geometry": { "type": "Point", "coordinates": [ -10431659.718931, 6045257.400410999543965 ] } },
{ "type": "Feature", "properties": { "Type": "Start", "ID": 4499, "OUT_ID": 4114.0, "catchment_area": null }, "geometry": { "type": "Point", "coordinates": [ -12018804.267126, 5980249.40864 ] } },
{ "type": "Feature", "properties": { "Type": "End", "ID": 4499, "OUT_ID": 4114.0, "catchment_area": 140458024724.55786 }, "geometry": { "type": "Point", "coordinates": [ -11915107.793524, 5940789.226144 ] } },
{ "type": "Feature", "properties": { "Type": "Start", "ID": 4501, "OUT_ID": 4118.0, "catchment_area": null }, "geometry": { "type": "Point", "coordinates": [ -13410789.500045, 5900593.30938300024718 ] } },
{ "type": "Feature", "properties": { "Type": "End", "ID": 4501, "OUT_ID": 4118.0, "catchment_area": 1725003526648.2996 }, "geometry": { "type": "Point", "coordinates": [ -14944684.847269, 5919895.591291000135243 ] } },
{ "type": "Feature", "properties": { "Type": "Start", "ID": 4502, "OUT_ID": 4117.0, "catchment_area": null }, "geometry": { "type": "Point", "coordinates": [ -14012024.64493, 5842844.514166000299156 ] } },
{ "type": "Feature", "properties": { "Type": "End", "ID": 4502, "OUT_ID": 4117.0, "catchment_area": 64608508653.409676 }, "geometry": { "type": "Point", "coordinates": [ -14307428.98424, 5982576.495850999839604 ] } },
{ "type": "Feature", "properties": { "Type": "Start", "ID": 4503, "OUT_ID": 4118.0, "catchment_area": null }, "geometry": { "type": "Point", "coordinates": [ -14549848.189225, 5772580.927434000186622 ] } },
{ "type": "Feature", "properties": { "Type": "End", "ID": 4503, "OUT_ID": 4118.0, "catchment_area": 1725003526648.2996 }, "geometry": { "type": "Point", "coordinates": [ -14944684.847269, 5919895.591291000135243 ] } },
{ "type": "Feature", "properties": { "Type": "Start", "ID": 4504, "OUT_ID": 3740.0, "catchment_area": null }, "geometry": { "type": "Point", "coordinates": [ -15028131.257092, 5689232.805270999670029 ] } },
{ "type": "Feature", "properties": { "Type": "End", "ID": 4504, "OUT_ID": 3740.0, "catchment_area": 944572031073.07556 }, "geometry": { "type": "Point", "coordinates": [ -18068283.257855001837015, 5470682.441941999830306 ] } },
{ "type": "Feature", "properties": { "Type": "Start", "ID": 4505, "OUT_ID": 3740.0, "catchment_area": null }, "geometry": { "type": "Point", "coordinates": [ -15452136.822547, 5592092.041109999641776 ] } },
{ "type": "Feature", "properties": { "Type": "End", "ID": 4505, "OUT_ID": 3740.0, "catchment_area": 944572031073.07556 }, "geometry": { "type": "Point", "coordinates": [ -18068283.257855001837015, 5470682.441941999830306 ] } },
{ "type": "Feature", "properties": { "Type": "Start", "ID": 4553, "OUT_ID": 4554.0, "catchment_area": null }, "geometry": { "type": "Point", "coordinates": [ -7855279.230739999562502, 2001091.409602 ] } },
{ "type": "Feature", "properties": { "Type": "End", "ID": 4553, "OUT_ID": 4554.0, "catchment_area": 17352623101.169151 }, "geometry": { "type": "Point", "coordinates": [ -7861742.631961000151932, 1991892.238849 ] } },
{ "type": "Feature", "properties": { "Type": "Start", "ID": 4556, "OUT_ID": 4555.0, "catchment_area": null }, "geometry": { "type": "Point", "coordinates": [ -7890588.967265999875963, 1198949.045403 ] } },
{ "type": "Feature", "properties": { "Type": "End", "ID": 4556, "OUT_ID": 4555.0, "catchment_area": 103897466618.32097 }, "geometry": { "type": "Point", "coordinates": [ -7893083.084241, 1229274.566699 ] } },
{ "type": "Feature", "properties": { "Type": "Start", "ID": 4557, "OUT_ID": 5325.0, "catchment_area": null }, "geometry": { "type": "Point", "coordinates": [ -7897321.567843000404537, 932183.961250999942422 ] } },
{ "type": "Feature", "properties": { "Type": "End", "ID": 4557, "OUT_ID": 5325.0, "catchment_area": 837837028601.73328 }, "geometry": { "type": "Point", "coordinates": [ -7015550.420397000387311, 915870.043898000032641 ] } },
{ "type": "Feature", "properties": { "Type": "Start", "ID": 4558, "OUT_ID": 5325.0, "catchment_area": null }, "geometry": { "type": "Point", "coordinates": [ -7902135.072719000279903, 665662.091389999957755 ] } },
{ "type": "Feature", "properties": { "Type": "End", "ID": 4558, "OUT_ID": 5325.0, "catchment_area": 837837028601.73328 }, "geometry": { "type": "Point", "coordinates": [ -7015550.420397000387311, 915870.043898000032641 ] } },
{ "type": "Feature", "properties": { "Type": "Start", "ID": 4559, "OUT_ID": 5325.0, "catchment_area": null }, "geometry": { "type": "Point", "coordinates": [ -7905235.823700999841094, 399324.09771499998169 ] } },
{ "type": "Feature", "properties": { "Type": "End", "ID": 4559, "OUT_ID": 5325.0, "catchment_area": 837837028601.73328 }, "geometry": { "type": "Point", "coordinates": [ -7015550.420397000387311, 915870.043898000032641 ] } },
{ "type": "Feature", "properties": { "Type": "Start", "ID": 4560, "OUT_ID": 5905.0, "catchment_area": null }, "geometry": { "type": "Point", "coordinates": [ -7906753.838616999797523, 133101.649054 ] } },
{ "type": "Feature", "properties": { "Type": "End", "ID": 4560, "OUT_ID": 5905.0, "catchment_area": 4994172237311.96 }, "geometry": { "type": "Point", "coordinates": [ -6514103.183915000408888, -358641.682160999975167 ] } },
{ "type": "Feature", "properties": { "Type": "Start", "ID": 4561, "OUT_ID": 5905.0, "catchment_area": null }, "geometry": { "type": "Point", "coordinates": [ -7906753.838616999797523, -133101.649054 ] } },
{ "type": "Feature", "properties": { "Type": "End", "ID": 4561, "OUT_ID": 5905.0, "catchment_area": 4994172237311.96 }, "geometry": { "type": "Point", "coordinates": [ -6514103.183915000408888, -358641.682160999975167 ] } },
{ "type": "Feature", "properties": { "Type": "Start", "ID": 4562, "OUT_ID": 5905.0, "catchment_area": null }, "geometry": { "type": "Point", "coordinates": [ -7905235.823700999841094, -399324.09771499998169 ] } },
{ "type": "Feature", "properties": { "Type": "End", "ID": 4562, "OUT_ID": 5905.0, "catchment_area": 4994172237311.96 }, "geometry": { "type": "Point", "coordinates": [ -6514103.183915000408888, -358641.682160999975167 ] } },
{ "type": "Feature", "properties": { "Type": "Start", "ID": 4563, "OUT_ID": 5905.0, "catchment_area": null }, "geometry": { "type": "Point", "coordinates": [ -7902135.072719000279903, -665662.091389999957755 ] } },
{ "type": "Feature", "properties": { "Type": "End", "ID": 4563, "OUT_ID": 5905.0, "catchment_area": 4994172237311.96 }, "geometry": { "type": "Point", "coordinates": [ -6514103.183915000408888, -358641.682160999975167 ] } },
{ "type": "Feature", "properties": { "Type": "Start", "ID": 4564, "OUT_ID": 5905.0, "catchment_area": null }, "geometry": { "type": "Point", "coordinates": [ -7897321.567843000404537, -932183.961250999942422 ] } },
{ "type": "Feature", "properties": { "Type": "End", "ID": 4564, "OUT_ID": 5905.0, "catchment_area": 4994172237311.96 }, "geometry": { "type": "Point", "coordinates": [ -6514103.183915000408888, -358641.682160999975167 ] } },
{ "type": "Feature", "properties": { "Type": "Start", "ID": 4565, "OUT_ID": 5905.0, "catchment_area": null }, "geometry": { "type": "Point", "coordinates": [ -7890588.967265999875963, -1198949.045403 ] } },
{ "type": "Feature", "properties": { "Type": "End", "ID": 4565, "OUT_ID": 5905.0, "catchment_area": 4994172237311.96 }, "geometry": { "type": "Point", "coordinates": [ -6514103.183915000408888, -358641.682160999975167 ] } },
{ "type": "Feature", "properties": { "Type": "Start", "ID": 4566, "OUT_ID": 5905.0, "catchment_area": null }, "geometry": { "type": "Point", "coordinates": [ -7881638.816754000261426, -1466004.199575 ] } },
{ "type": "Feature", "properties": { "Type": "End", "ID": 4566, "OUT_ID": 5905.0, "catchment_area": 4994172237311.96 }, "geometry": { "type": "Point", "coordinates": [ -6514103.183915000408888, -358641.682160999975167 ] } },
{ "type": "Feature", "properties": { "Type": "Start", "ID": 4567, "OUT_ID": 4568.0, "catchment_area": null }, "geometry": { "type": "Point", "coordinates": [ -7870056.936556999571621, -1733380.646303 ] } },
{ "type": "Feature", "properties": { "Type": "End", "ID": 4567, "OUT_ID": 4568.0, "catchment_area": 13205455315.984072 }, "geometry": { "type": "Point", "coordinates": [ -7976657.623654999770224, -1894323.843887000111863 ] } },
{ "type": "Feature", "properties": { "Type": "Start", "ID": 4570, "OUT_ID": 4378.0, "catchment_area": null }, "geometry": { "type": "Point", "coordinates": [ -7812815.960133000276983, -2537469.289898000191897 ] } },
{ "type": "Feature", "properties": { "Type": "End", "ID": 4570, "OUT_ID": 4378.0, "catchment_area": 67009500529.043144 }, "geometry": { "type": "Point", "coordinates": [ -7851295.814534000121057, -2542026.524342999793589 ] } },
{ "type": "Feature", "properties": { "Type": "Start", "ID": 4571, "OUT_ID": 4379.0, "catchment_area": null }, "geometry": { "type": "Point", "coordinates": [ -7782698.793611999601126, -2806066.082497000228614 ] } },
{ "type": "Feature", "properties": { "Type": "End", "ID": 4571, "OUT_ID": 4379.0, "catchment_area": 18553119038.985886 }, "geometry": { "type": "Point", "coordinates": [ -7872189.449387, -2813643.777437 ] } },
{ "type": "Feature", "properties": { "Type": "Start", "ID": 4572, "OUT_ID": 4960.0, "catchment_area": null }, "geometry": { "type": "Point", "coordinates": [ -7744279.684407999739051, -3074863.911247 ] } },
{ "type": "Feature", "properties": { "Type": "End", "ID": 4572, "OUT_ID": 4960.0, "catchment_area": 379465852344.43488 }, "geometry": { "type": "Point", "coordinates": [ -6890188.611277, -4056815.051215 ] } },
{ "type": "Feature", "properties": { "Type": "Start", "ID": 4573, "OUT_ID": 4960.0, "catchment_area": null }, "geometry": { "type": "Point", "coordinates": [ -7694929.232753000222147, -3343801.867844 ] } },
{ "type": "Feature", "properties": { "Type": "End", "ID": 4573, "OUT_ID": 4960.0, "catchment_area": 379465852344.43488 }, "geometry": { "type": "Point", "coordinates": [ -6890188.611277, -4056815.051215 ] } },
{ "type": "Feature", "properties": { "Type": "Start", "ID": 4574, "OUT_ID": 4960.0, "catchment_area": null }, "geometry": { "type": "Point", "coordinates": [ -7631001.190988999791443, -3612821.855837 ] } },
{ "type": "Feature", "properties": { "Type": "End", "ID": 4574, "OUT_ID": 4960.0, "catchment_area": 379465852344.43488 }, "geometry": { "type": "Point", "coordinates": [ -6890188.611277, -4056815.051215 ] } },
{ "type": "Feature", "properties": { "Type": "Start", "ID": 4575, "OUT_ID": 4769.0, "catchment_area": null }, "geometry": { "type": "Point", "coordinates": [ -7547394.391319000162184, -3881866.969591999892145 ] } },
{ "type": "Feature", "properties": { "Type": "End", "ID": 4575, "OUT_ID": 4769.0, "catchment_area": 200264549626.70059 }, "geometry": { "type": "Point", "coordinates": [ -6994656.785543999634683, -4182176.860336 ] } },
{ "type": "Feature", "properties": { "Type": "Start", "ID": 4576, "OUT_ID": 4769.0, "catchment_area": null }, "geometry": { "type": "Point", "coordinates": [ -7436897.323358000256121, -4150849.281647999770939 ] } },
{ "type": "Feature", "properties": { "Type": "End", "ID": 4576, "OUT_ID": 4769.0, "catchment_area": 79887547861.986282 }, "geometry": { "type": "Point", "coordinates": [ -7276720.856065000407398, -4119495.955776 ] } },
{ "type": "Feature", "properties": { "Type": "Start", "ID": 4577, "OUT_ID": 4578.0, "catchment_area": null }, "geometry": { "type": "Point", "coordinates": [ -7291872.728648999705911, -4415284.857661999762058 ] } },
{ "type": "Feature", "properties": { "Type": "End", "ID": 4577, "OUT_ID": 4578.0, "catchment_area": 11786687389.473387 }, "geometry": { "type": "Point", "coordinates": [ -7255827.22121199965477, -4422453.66115 ] } },
{ "type": "Feature", "properties": { "Type": "Start", "ID": 4592, "OUT_ID": 4784.0, "catchment_area": null }, "geometry": { "type": "Point", "coordinates": [ -411677.864706999971531, -6013971.252309000119567 ] } },
{ "type": "Feature", "properties": { "Type": "End", "ID": 4592, "OUT_ID": 4784.0, "catchment_area": 12768911338.596169 }, "geometry": { "type": "Point", "coordinates": [ -402714.989291, -5989476.275155999697745 ] } },
{ "type": "Feature", "properties": { "Type": "Start", "ID": 4593, "OUT_ID": 4785.0, "catchment_area": null }, "geometry": { "type": "Point", "coordinates": [ 411677.864706999971531, -6013971.252309000119567 ] } },
{ "type": "Feature", "properties": { "Type": "End", "ID": 4593, "OUT_ID": 4785.0, "catchment_area": 25101278699.804436 }, "geometry": { "type": "Point", "coordinates": [ 412136.769992000015918, -5979029.45773 ] } },
{ "type": "Feature", "properties": { "Type": "Start", "ID": 4594, "OUT_ID": 4786.0, "catchment_area": null }, "geometry": { "type": "Point", "coordinates": [ 1222915.251939, -6002758.138589000329375 ] } },
{ "type": "Feature", "properties": { "Type": "End", "ID": 4594, "OUT_ID": 4786.0, "catchment_area": 14187679265.106853 }, "geometry": { "type": "Point", "coordinates": [ 1216541.711849, -5979029.45773 ] } },
{ "type": "Feature", "properties": { "Type": "Start", "ID": 4595, "OUT_ID": 4787.0, "catchment_area": null }, "geometry": { "type": "Point", "coordinates": [ 2000050.094618, -5980249.40864 ] } },
{ "type": "Feature", "properties": { "Type": "End", "ID": 4595, "OUT_ID": 4787.0, "catchment_area": 14187679265.106853 }, "geometry": { "type": "Point", "coordinates": [ 2010499.836279, -5968582.64030299987644 ] } },
{ "type": "Feature", "properties": { "Type": "Start", "ID": 4618, "OUT_ID": 4426.0, "catchment_area": null }, "geometry": { "type": "Point", "coordinates": [ -1883742.957417, 2285959.373267 ] } },
{ "type": "Feature", "properties": { "Type": "End", "ID": 4618, "OUT_ID": 4426.0, "catchment_area": 86872251500.192734 }, "geometry": { "type": "Point", "coordinates": [ -1907056.698737000115216, 2284403.126796000171453 ] } },
{ "type": "Feature", "properties": { "Type": "Start", "ID": 4619, "OUT_ID": 4426.0, "catchment_area": null }, "geometry": { "type": "Point", "coordinates": [ -1588610.800938, 2300803.649412999860942 ] } },
{ "type": "Feature", "properties": { "Type": "End", "ID": 4619, "OUT_ID": 4426.0, "catchment_area": 34596110207.991333 }, "geometry": { "type": "Point", "coordinates": [ -1823482.159323000116274, 2169488.135102999862283 ] } },
{ "type": "Feature", "properties": { "Type": "Start", "ID": 4620, "OUT_ID": 5003.0, "catchment_area": null }, "geometry": { "type": "Point", "coordinates": [ -1296204.551547, 2313438.204440999776125 ] } },
{ "type": "Feature", "properties": { "Type": "End", "ID": 4620, "OUT_ID": 5003.0, "catchment_area": 325552671137.02881 }, "geometry": { "type": "Point", "coordinates": [ -1593652.175936, 2838084.450412 ] } },
{ "type": "Feature", "properties": { "Type": "Start", "ID": 4621, "OUT_ID": 5003.0, "catchment_area": null }, "geometry": { "type": "Point", "coordinates": [ -1005969.39702, 2323702.894578 ] } },
{ "type": "Feature", "properties": { "Type": "End", "ID": 4621, "OUT_ID": 5003.0, "catchment_area": 325552671137.02881 }, "geometry": { "type": "Point", "coordinates": [ -1593652.175936, 2838084.450412 ] } },
{ "type": "Feature", "properties": { "Type": "Start", "ID": 4622, "OUT_ID": 3283.0, "catchment_area": null }, "geometry": { "type": "Point", "coordinates": [ -717389.405693999957293, 2331485.925236000213772 ] } },
{ "type": "Feature", "properties": { "Type": "End", "ID": 4622, "OUT_ID": 3283.0, "catchment_area": 6603273337963.7705 }, "geometry": { "type": "Point", "coordinates": [ 589732.666245999978855, 550231.433962999959476 ] } },
{ "type": "Feature", "properties": { "Type": "Start", "ID": 4623, "OUT_ID": 3283.0, "catchment_area": null }, "geometry": { "type": "Point", "coordinates": [ -429975.329295, 2336712.2887 ] } },
{ "type": "Feature", "properties": { "Type": "End", "ID": 4623, "OUT_ID": 3283.0, "catchment_area": 6603273337963.7705 }, "geometry": { "type": "Point", "coordinates": [ 589732.666245999978855, 550231.433962999959476 ] } },
{ "type": "Feature", "properties": { "Type": "Start", "ID": 4624, "OUT_ID": 3283.0, "catchment_area": null }, "geometry": { "type": "Point", "coordinates": [ -143255.287730999989435, 2339335.745422 ] } },
{ "type": "Feature", "properties": { "Type": "End", "ID": 4624, "OUT_ID": 3283.0, "catchment_area": 6603273337963.7705 }, "geometry": { "type": "Point", "coordinates": [ 589732.666245999978855, 550231.433962999959476 ] } },
{ "type": "Feature", "properties": { "Type": "Start", "ID": 4625, "OUT_ID": 3283.0, "catchment_area": null }, "geometry": { "type": "Point", "coordinates": [ 143255.287730999989435, 2339335.745422 ] } },
{ "type": "Feature", "properties": { "Type": "End", "ID": 4625, "OUT_ID": 3283.0, "catchment_area": 6603273337963.7705 }, "geometry": { "type": "Point", "coordinates": [ 589732.666245999978855, 550231.433962999959476 ] } },
{ "type": "Feature", "properties": { "Type": "Start", "ID": 4626, "OUT_ID": 3283.0, "catchment_area": null }, "geometry": { "type": "Point", "coordinates": [ 429975.329295, 2336712.2887 ] } },
{ "type": "Feature", "properties": { "Type": "End", "ID": 4626, "OUT_ID": 3283.0, "catchment_area": 6603273337963.7705 }, "geometry": { "type": "Point", "coordinates": [ 589732.666245999978855, 550231.433962999959476 ] } },
{ "type": "Feature", "properties": { "Type": "Start", "ID": 4627, "OUT_ID": 3283.0, "catchment_area": null }, "geometry": { "type": "Point", "coordinates": [ 717389.405693999957293, 2331485.925236000213772 ] } },
{ "type": "Feature", "properties": { "Type": "End", "ID": 4627, "OUT_ID": 3283.0, "catchment_area": 6603273337963.7705 }, "geometry": { "type": "Point", "coordinates": [ 589732.666245999978855, 550231.433962999959476 ] } },
{ "type": "Feature", "properties": { "Type": "Start", "ID": 4628, "OUT_ID": 3283.0, "catchment_area": null }, "geometry": { "type": "Point", "coordinates": [ 1005969.39702, 2323702.894578 ] } },
{ "type": "Feature", "properties": { "Type": "End", "ID": 4628, "OUT_ID": 3283.0, "catchment_area": 6603273337963.7705 }, "geometry": { "type": "Point", "coordinates": [ 589732.666245999978855, 550231.433962999959476 ] } },
{ "type": "Feature", "properties": { "Type": "Start", "ID": 4629, "OUT_ID": 3283.0, "catchment_area": null }, "geometry": { "type": "Point", "coordinates": [ 1296204.551547, 2313438.204440999776125 ] } },
{ "type": "Feature", "properties": { "Type": "End", "ID": 4629, "OUT_ID": 3283.0, "catchment_area": 6603273337963.7705 }, "geometry": { "type": "Point", "coordinates": [ 589732.666245999978855, 550231.433962999959476 ] } },
{ "type": "Feature", "properties": { "Type": "Start", "ID": 4630, "OUT_ID": 3283.0, "catchment_area": null }, "geometry": { "type": "Point", "coordinates": [ 1588610.800938, 2300803.649412999860942 ] } },
{ "type": "Feature", "properties": { "Type": "End", "ID": 4630, "OUT_ID": 3283.0, "catchment_area": 6603273337963.7705 }, "geometry": { "type": "Point", "coordinates": [ 589732.666245999978855, 550231.433962999959476 ] } },
{ "type": "Feature", "properties": { "Type": "Start", "ID": 4631, "OUT_ID": 5399.0, "catchment_area": null }, "geometry": { "type": "Point", "coordinates": [ 1883742.957417, 2285959.373267 ] } },
{ "type": "Feature", "properties": { "Type": "End", "ID": 4631, "OUT_ID": 5399.0, "catchment_area": 1302756364519.8501 }, "geometry": { "type": "Point", "coordinates": [ 2167202.097678999882191, 3214169.877773 ] } },
{ "type": "Feature", "properties": { "Type": "Start", "ID": 4632, "OUT_ID": 3283.0, "catchment_area": null }, "geometry": { "type": "Point", "coordinates": [ 2182211.403562, 2269129.770614999812096 ] } },
{ "type": "Feature", "properties": { "Type": "End", "ID": 4632, "OUT_ID": 3283.0, "catchment_area": 6603273337963.7705 }, "geometry": { "type": "Point", "coordinates": [ 589732.666245999978855, 550231.433962999959476 ] } },
{ "type": "Feature", "properties": { "Type": "Start", "ID": 4633, "OUT_ID": 3283.0, "catchment_area": null }, "geometry": { "type": "Point", "coordinates": [ 2484705.760280999820679, 2250624.751501999795437 ] } },
{ "type": "Feature", "properties": { "Type": "End", "ID": 4633, "OUT_ID": 3283.0, "catchment_area": 6603273337963.7705 }, "geometry": { "type": "Point", "coordinates": [ 589732.666245999978855, 550231.433962999959476 ] } },
{ "type": "Feature", "properties": { "Type": "Start", "ID": 4634, "OUT_ID": 5399.0, "catchment_area": null }, "geometry": { "type": "Point", "coordinates": [ 2792029.248904999811202, 2230867.407366999890655 ] } },
{ "type": "Feature", "properties": { "Type": "End", "ID": 4634, "OUT_ID": 5399.0, "catchment_area": 1302756364519.8501 }, "geometry": { "type": "Point", "coordinates": [ 2167202.097678999882191, 3214169.877773 ] } },
{ "type": "Feature", "properties": { "Type": "Start", "ID": 4635, "OUT_ID": 5596.0, "catchment_area": null }, "geometry": { "type": "Point", "coordinates": [ 3105149.449543000198901, 2210428.788511999882758 ] } },
{ "type": "Feature", "properties": { "Type": "End", "ID": 4635, "OUT_ID": 5596.0, "catchment_area": 3991867265229.334 }, "geometry": { "type": "Point", "coordinates": [ 3546181.998005, 3287297.599760000128299 ] } },
{ "type": "Feature", "properties": { "Type": "Start", "ID": 4636, "OUT_ID": 5596.0, "catchment_area": null }, "geometry": { "type": "Point", "coordinates": [ 3425273.90371200023219, 2190069.250562999863178 ] } },
{ "type": "Feature", "properties": { "Type": "End", "ID": 4636, "OUT_ID": 5596.0, "catchment_area": 3991867265229.334 }, "geometry": { "type": "Point", "coordinates": [ 3546181.998005, 3287297.599760000128299 ] } },
{ "type": "Feature", "properties": { "Type": "Start", "ID": 4637, "OUT_ID": 5596.0, "catchment_area": null }, "geometry": { "type": "Point", "coordinates": [ 3753962.520303000230342, 2170782.755452999845147 ] } },
{ "type": "Feature", "properties": { "Type": "End", "ID": 4637, "OUT_ID": 5596.0, "catchment_area": 3991867265229.334 }, "geometry": { "type": "Point", "coordinates": [ 3546181.998005, 3287297.599760000128299 ] } },
{ "type": "Feature", "properties": { "Type": "Start", "ID": 4638, "OUT_ID": 4830.0, "catchment_area": null }, "geometry": { "type": "Point", "coordinates": [ 4093291.952173000201583, 2153834.067290000151843 ] } },
{ "type": "Feature", "properties": { "Type": "End", "ID": 4638, "OUT_ID": 4830.0, "catchment_area": 12332367361.208265 }, "geometry": { "type": "Point", "coordinates": [ 4141650.591327, 2169488.135102999862283 ] } },
{ "type": "Feature", "properties": { "Type": "Start", "ID": 4640, "OUT_ID": 5027.0, "catchment_area": null }, "geometry": { "type": "Point", "coordinates": [ 4816222.034160999581218, 2133353.129245 ] } },
{ "type": "Feature", "properties": { "Type": "End", "ID": 4640, "OUT_ID": 5027.0, "catchment_area": 389724635813.0506 }, "geometry": { "type": "Point", "coordinates": [ 5760907.292467, 2535126.745037000160664 ] } },
{ "type": "Feature", "properties": { "Type": "Start", "ID": 4641, "OUT_ID": 5027.0, "catchment_area": null }, "geometry": { "type": "Point", "coordinates": [ 5202532.137233999557793, 2133353.129245 ] } },
{ "type": "Feature", "properties": { "Type": "End", "ID": 4641, "OUT_ID": 5027.0, "catchment_area": 389724635813.0506 }, "geometry": { "type": "Point", "coordinates": [ 5760907.292467, 2535126.745037000160664 ] } },
{ "type": "Feature", "properties": { "Type": "Start", "ID": 4642, "OUT_ID": 5027.0, "catchment_area": null }, "geometry": { "type": "Point", "coordinates": [ 5572667.416992999613285, 2140767.717116000130773 ] } },
{ "type": "Feature", "properties": { "Type": "End", "ID": 4642, "OUT_ID": 5027.0, "catchment_area": 389724635813.0506 }, "geometry": { "type": "Point", "coordinates": [ 5760907.292467, 2535126.745037000160664 ] } },
{ "type": "Feature", "properties": { "Type": "Start", "ID": 4643, "OUT_ID": 5027.0, "catchment_area": null }, "geometry": { "type": "Point", "coordinates": [ 5925462.219221999868751, 2153834.067290000151843 ] } },
{ "type": "Feature", "properties": { "Type": "End", "ID": 4643, "OUT_ID": 5027.0, "catchment_area": 389724635813.0506 }, "geometry": { "type": "Point", "coordinates": [ 5771354.109894, 2524679.927611 ] } },
{ "type": "Feature", "properties": { "Type": "Start", "ID": 4644, "OUT_ID": 5027.0, "catchment_area": null }, "geometry": { "type": "Point", "coordinates": [ 6264791.651092000305653, 2170782.755452999845147 ] } },
{ "type": "Feature", "properties": { "Type": "End", "ID": 4644, "OUT_ID": 5027.0, "catchment_area": 389724635813.0506 }, "geometry": { "type": "Point", "coordinates": [ 5771354.109894, 2524679.927611 ] } },
{ "type": "Feature", "properties": { "Type": "Start", "ID": 4651, "OUT_ID": 4650.0, "catchment_area": null }, "geometry": { "type": "Point", "coordinates": [ 8430143.3704569991678, 2300803.649412999860942 ] } },
{ "type": "Feature", "properties": { "Type": "End", "ID": 4651, "OUT_ID": 4650.0, "catchment_area": 70720124336.840317 }, "geometry": { "type": "Point", "coordinates": [ 8153228.48318300023675, 2294849.944223000202328 ] } },
{ "type": "Feature", "properties": { "Type": "Start", "ID": 4652, "OUT_ID": 4269.0, "catchment_area": null }, "geometry": { "type": "Point", "coordinates": [ 8722549.619847999885678, 2313438.204440999776125 ] } },
{ "type": "Feature", "properties": { "Type": "End", "ID": 4652, "OUT_ID": 4269.0, "catchment_area": 268256274104.86652 }, "geometry": { "type": "Point", "coordinates": [ 9020314.329600000753999, 1918764.516862000105903 ] } },
{ "type": "Feature", "properties": { "Type": "Start", "ID": 4653, "OUT_ID": 4463.0, "catchment_area": null }, "geometry": { "type": "Point", "coordinates": [ 9012784.774040000513196, 2323702.894578 ] } },
{ "type": "Feature", "properties": { "Type": "End", "ID": 4653, "OUT_ID": 4463.0, "catchment_area": 137947896854.57742 }, "geometry": { "type": "Point", "coordinates": [ 9500867.931228000670671, 2200828.587383000180125 ] } },
{ "type": "Feature", "properties": { "Type": "Start", "ID": 4654, "OUT_ID": 4463.0, "catchment_area": null }, "geometry": { "type": "Point", "coordinates": [ 9301364.765478, 2331485.925236000213772 ] } },
{ "type": "Feature", "properties": { "Type": "End", "ID": 4654, "OUT_ID": 4463.0, "catchment_area": 137947896854.57742 }, "geometry": { "type": "Point", "coordinates": [ 9500867.931228000670671, 2200828.587383000180125 ] } },
{ "type": "Feature", "properties": { "Type": "Start", "ID": 4655, "OUT_ID": 4463.0, "catchment_area": null }, "geometry": { "type": "Point", "coordinates": [ 9588778.842211000621319, 2336712.2887 ] } },
{ "type": "Feature", "properties": { "Type": "End", "ID": 4655, "OUT_ID": 4463.0, "catchment_area": 43981805721.831245 }, "geometry": { "type": "Point", "coordinates": [ 9594889.288069000467658, 2284403.126796000171453 ] } },
{ "type": "Feature", "properties": { "Type": "Start", "ID": 4658, "OUT_ID": 4466.0, "catchment_area": null }, "geometry": { "type": "Point", "coordinates": [ 10448729.500578, 2336712.2887 ] } },
{ "type": "Feature", "properties": { "Type": "End", "ID": 4658, "OUT_ID": 4466.0, "catchment_area": 326316623097.45764 }, "geometry": { "type": "Point", "coordinates": [ 10545549.673899, 2211275.404810000211 ] } },
{ "type": "Feature", "properties": { "Type": "Start", "ID": 4659, "OUT_ID": 4466.0, "catchment_area": null }, "geometry": { "type": "Point", "coordinates": [ 10736143.577311, 2331485.925236000213772 ] } },
{ "type": "Feature", "properties": { "Type": "End", "ID": 4659, "OUT_ID": 4466.0, "catchment_area": 326316623097.45764 }, "geometry": { "type": "Point", "coordinates": [ 10545549.673899, 2211275.404810000211 ] } },
{ "type": "Feature", "properties": { "Type": "Start", "ID": 4660, "OUT_ID": 4275.0, "catchment_area": null }, "geometry": { "type": "Point", "coordinates": [ 11024723.568749, 2323702.894578 ] } },
{ "type": "Feature", "properties": { "Type": "End", "ID": 4660, "OUT_ID": 4275.0, "catchment_area": 842748148347.34717 }, "geometry": { "type": "Point", "coordinates": [ 10869401.014127, 1876977.247155 ] } },
{ "type": "Feature", "properties": { "Type": "Start", "ID": 4661, "OUT_ID": 4275.0, "catchment_area": null }, "geometry": { "type": "Point", "coordinates": [ 11314958.722942, 2313438.204440999776125 ] } },
{ "type": "Feature", "properties": { "Type": "End", "ID": 4661, "OUT_ID": 4275.0, "catchment_area": 228858180145.60825 }, "geometry": { "type": "Point", "coordinates": [ 11182805.536928, 1762062.255461 ] } },
{ "type": "Feature", "properties": { "Type": "Start", "ID": 4662, "OUT_ID": 4471.0, "catchment_area": null }, "geometry": { "type": "Point", "coordinates": [ 11607364.968993, 2300803.649412999860942 ] } },
{ "type": "Feature", "properties": { "Type": "End", "ID": 4662, "OUT_ID": 4471.0, "catchment_area": 728046218288.67554 }, "geometry": { "type": "Point", "coordinates": [ 11715593.225691, 2305296.761649999767542 ] } },
{ "type": "Feature", "properties": { "Type": "Start", "ID": 4663, "OUT_ID": 4471.0, "catchment_area": null }, "geometry": { "type": "Point", "coordinates": [ 11902497.128811, 2285959.373267 ] } },
{ "type": "Feature", "properties": { "Type": "End", "ID": 4663, "OUT_ID": 4471.0, "catchment_area": 755766760852.8075 }, "geometry": { "type": "Point", "coordinates": [ 11893189.121945, 2253062.674515999853611 ] } },
{ "type": "Feature", "properties": { "Type": "Start", "ID": 4681, "OUT_ID": 4872.0, "catchment_area": null }, "geometry": { "type": "Point", "coordinates": [ -5433382.652266000397503, 5592092.041109999641776 ] } },
{ "type": "Feature", "properties": { "Type": "End", "ID": 4681, "OUT_ID": 4872.0, "catchment_area": 12004959378.167339 }, "geometry": { "type": "Point", "coordinates": [ -5438080.988963999785483, 5564703.798782999627292 ] } },
{ "type": "Feature", "properties": { "Type": "Start", "ID": 4684, "OUT_ID": 4301.0, "catchment_area": null }, "geometry": { "type": "Point", "coordinates": [ -6985947.309302000328898, 5798646.448792999610305 ] } },
{ "type": "Feature", "properties": { "Type": "End", "ID": 4684, "OUT_ID": 4301.0, "catchment_area": 115138474036.05948 }, "geometry": { "type": "Point", "coordinates": [ -6984209.968116999603808, 5784086.964743999764323 ] } },
{ "type": "Feature", "properties": { "Type": "Start", "ID": 4685, "OUT_ID": 4493.0, "catchment_area": null }, "geometry": { "type": "Point", "coordinates": [ -7599151.856456000357866, 5843343.964808000251651 ] } },
{ "type": "Feature", "properties": { "Type": "End", "ID": 4685, "OUT_ID": 4493.0, "catchment_area": 19971886965.496571 }, "geometry": { "type": "Point", "coordinates": [ -7485657.204598999582231, 5794533.782169999554753 ] } },
{ "type": "Feature", "properties": { "Type": "Start", "ID": 4689, "OUT_ID": 5073.0, "catchment_area": null }, "geometry": { "type": "Point", "coordinates": [ -10379143.789297, 5909605.989694000221789 ] } },
{ "type": "Feature", "properties": { "Type": "End", "ID": 4689, "OUT_ID": 5073.0, "catchment_area": 11241007417.738508 }, "geometry": { "type": "Point", "coordinates": [ -10379425.631797, 5919895.591291000135243 ] } },
{ "type": "Feature", "properties": { "Type": "Start", "ID": 4691, "OUT_ID": 4114.0, "catchment_area": null }, "geometry": { "type": "Point", "coordinates": [ -11782417.495405, 5876591.233498999848962 ] } },
{ "type": "Feature", "properties": { "Type": "End", "ID": 4691, "OUT_ID": 4114.0, "catchment_area": 168178567288.68973 }, "geometry": { "type": "Point", "coordinates": [ -11789745.984403, 5919895.591291000135243 ] } },
{ "type": "Feature", "properties": { "Type": "Start", "ID": 4692, "OUT_ID": 4500.0, "catchment_area": null }, "geometry": { "type": "Point", "coordinates": [ -12438356.48522, 5843343.964808000251651 ] } },
{ "type": "Feature", "properties": { "Type": "End", "ID": 4692, "OUT_ID": 4500.0, "catchment_area": 58496892969.979034 }, "geometry": { "type": "Point", "coordinates": [ -12447895.482286, 5888555.139011000283062 ] } },
{ "type": "Feature", "properties": { "Type": "Start", "ID": 4693, "OUT_ID": 4118.0, "catchment_area": null }, "geometry": { "type": "Point", "coordinates": [ -13051561.035713, 5798646.448792999610305 ] } },
{ "type": "Feature", "properties": { "Type": "End", "ID": 4693, "OUT_ID": 4118.0, "catchment_area": 1725003526648.2996 }, "geometry": { "type": "Point", "coordinates": [ -14944684.847269, 5919895.591291000135243 ] } },
{ "type": "Feature", "properties": { "Type": "Start", "ID": 4694, "OUT_ID": 4118.0, "catchment_area": null }, "geometry": { "type": "Point", "coordinates": [ -13617470.85489, 5742172.405453000217676 ] } },
{ "type": "Feature", "properties": { "Type": "End", "ID": 4694, "OUT_ID": 4118.0, "catchment_area": 1725003526648.2996 }, "geometry": { "type": "Point", "coordinates": [ -14944684.847269, 5919895.591291000135243 ] } },
{ "type": "Feature", "properties": { "Type": "Start", "ID": 4695, "OUT_ID": 4118.0, "catchment_area": null }, "geometry": { "type": "Point", "coordinates": [ -14134688.983329, 5673498.655763999558985 ] } },
{ "type": "Feature", "properties": { "Type": "End", "ID": 4695, "OUT_ID": 4118.0, "catchment_area": 1725003526648.2996 }, "geometry": { "type": "Point", "coordinates": [ -14944684.847269, 5919895.591291000135243 ] } },
{ "type": "Feature", "properties": { "Type": "Start", "ID": 4696, "OUT_ID": 3740.0, "catchment_area": null }, "geometry": { "type": "Point", "coordinates": [ -14604125.691637, 5592092.041109999641776 ] } },
{ "type": "Feature", "properties": { "Type": "End", "ID": 4696, "OUT_ID": 3740.0, "catchment_area": 944572031073.07556 }, "geometry": { "type": "Point", "coordinates": [ -18068283.257855001837015, 5470682.441941999830306 ] } },
{ "type": "Feature", "properties": { "Type": "Start", "ID": 4697, "OUT_ID": 3740.0, "catchment_area": null }, "geometry": { "type": "Point", "coordinates": [ -15028131.257092, 5497290.240802999585867 ] } },
{ "type": "Feature", "properties": { "Type": "End", "ID": 4697, "OUT_ID": 3740.0, "catchment_area": 944572031073.07556 }, "geometry": { "type": "Point", "coordinates": [ -18068283.257855001837015, 5470682.441941999830306 ] } },
{ "type": "Feature", "properties": { "Type": "Start", "ID": 4749, "OUT_ID": 5325.0, "catchment_area": null }, "geometry": { "type": "Point", "coordinates": [ -7597699.87292299978435, 925921.866949000046588 ] } },
{ "type": "Feature", "properties": { "Type": "End", "ID": 4749, "OUT_ID": 5325.0, "catchment_area": 837837028601.73328 }, "geometry": { "type": "Point", "coordinates": [ -7015550.420397000387311, 915870.043898000032641 ] } },
{ "type": "Feature", "properties": { "Type": "Start", "ID": 4750, "OUT_ID": 5325.0, "catchment_area": null }, "geometry": { "type": "Point", "coordinates": [ -7602724.470723000355065, 661278.24095100001432 ] } },
{ "type": "Feature", "properties": { "Type": "End", "ID": 4750, "OUT_ID": 5325.0, "catchment_area": 837837028601.73328 }, "geometry": { "type": "Point", "coordinates": [ -7015550.420397000387311, 915870.043898000032641 ] } },
{ "type": "Feature", "properties": { "Type": "Start", "ID": 4751, "OUT_ID": 5325.0, "catchment_area": null }, "geometry": { "type": "Point", "coordinates": [ -7605960.909032999537885, 396729.10452 ] } },
{ "type": "Feature", "properties": { "Type": "End", "ID": 4751, "OUT_ID": 5325.0, "catchment_area": 837837028601.73328 }, "geometry": { "type": "Point", "coordinates": [ -7015550.420397000387311, 915870.043898000032641 ] } },
{ "type": "Feature", "properties": { "Type": "Start", "ID": 4752, "OUT_ID": 5905.0, "catchment_area": null }, "geometry": { "type": "Point", "coordinates": [ -7607546.759820000268519, 132242.267227 ] } },
{ "type": "Feature", "properties": { "Type": "End", "ID": 4752, "OUT_ID": 5905.0, "catchment_area": 4994172237311.96 }, "geometry": { "type": "Point", "coordinates": [ -6514103.183915000408888, -358641.682160999975167 ] } },
{ "type": "Feature", "properties": { "Type": "Start", "ID": 4753, "OUT_ID": 5905.0, "catchment_area": null }, "geometry": { "type": "Point", "coordinates": [ -7607546.759820000268519, -132242.267227 ] } },
{ "type": "Feature", "properties": { "Type": "End", "ID": 4753, "OUT_ID": 5905.0, "catchment_area": 4994172237311.96 }, "geometry": { "type": "Point", "coordinates": [ -6514103.183915000408888, -358641.682160999975167 ] } },
{ "type": "Feature", "properties": { "Type": "Start", "ID": 4754, "OUT_ID": 5905.0, "catchment_area": null }, "geometry": { "type": "Point", "coordinates": [ -7605960.909032999537885, -396729.10452 ] } },
{ "type": "Feature", "properties": { "Type": "End", "ID": 4754, "OUT_ID": 5905.0, "catchment_area": 4994172237311.96 }, "geometry": { "type": "Point", "coordinates": [ -6514103.183915000408888, -358641.682160999975167 ] } },
{ "type": "Feature", "properties": { "Type": "Start", "ID": 4755, "OUT_ID": 5905.0, "catchment_area": null }, "geometry": { "type": "Point", "coordinates": [ -7602724.470723000355065, -661278.24095100001432 ] } },
{ "type": "Feature", "properties": { "Type": "End", "ID": 4755, "OUT_ID": 5905.0, "catchment_area": 4994172237311.96 }, "geometry": { "type": "Point", "coordinates": [ -6514103.183915000408888, -358641.682160999975167 ] } },
{ "type": "Feature", "properties": { "Type": "Start", "ID": 4756, "OUT_ID": 5905.0, "catchment_area": null }, "geometry": { "type": "Point", "coordinates": [ -7597699.87292299978435, -925921.866949000046588 ] } },
{ "type": "Feature", "properties": { "Type": "End", "ID": 4756, "OUT_ID": 5905.0, "catchment_area": 4994172237311.96 }, "geometry": { "type": "Point", "coordinates": [ -6514103.183915000408888, -358641.682160999975167 ] } },
{ "type": "Feature", "properties": { "Type": "Start", "ID": 4757, "OUT_ID": 5905.0, "catchment_area": null }, "geometry": { "type": "Point", "coordinates": [ -7590668.567644, -1190680.491899 ] } },
{ "type": "Feature", "properties": { "Type": "End", "ID": 4757, "OUT_ID": 5905.0, "catchment_area": 4994172237311.96 }, "geometry": { "type": "Point", "coordinates": [ -6514103.183915000408888, -358641.682160999975167 ] } },
{ "type": "Feature", "properties": { "Type": "Start", "ID": 4758, "OUT_ID": 5905.0, "catchment_area": null }, "geometry": { "type": "Point", "coordinates": [ -7581313.955573, -1455558.437219 ] } },
{ "type": "Feature", "properties": { "Type": "End", "ID": 4758, "OUT_ID": 5905.0, "catchment_area": 4994172237311.96 }, "geometry": { "type": "Point", "coordinates": [ -6514103.183915000408888, -358641.682160999975167 ] } },
{ "type": "Feature", "properties": { "Type": "Start", "ID": 4759, "OUT_ID": 5905.0, "catchment_area": null }, "geometry": { "type": "Point", "coordinates": [ -7569195.7380689997226, -1720539.608079 ] } },
{ "type": "Feature", "properties": { "Type": "End", "ID": 4759, "OUT_ID": 5905.0, "catchment_area": 4994172237311.96 }, "geometry": { "type": "Point", "coordinates": [ -6514103.183915000408888, -358641.682160999975167 ] } },
{ "type": "Feature", "properties": { "Type": "Start", "ID": 4760, "OUT_ID": 5905.0, "catchment_area": null }, "geometry": { "type": "Point", "coordinates": [ -7553712.579488, -1985583.898798 ] } },
{ "type": "Feature", "properties": { "Type": "End", "ID": 4760, "OUT_ID": 5905.0, "catchment_area": 4994172237311.96 }, "geometry": { "type": "Point", "coordinates": [ -6514103.183915000408888, -358641.682160999975167 ] } },
{ "type": "Feature", "properties": { "Type": "Start", "ID": 4761, "OUT_ID": 5905.0, "catchment_area": null }, "geometry": { "type": "Point", "coordinates": [ -7534048.411113999783993, -2250624.751501999795437 ] } },
{ "type": "Feature", "properties": { "Type": "End", "ID": 4761, "OUT_ID": 5905.0, "catchment_area": 4994172237311.96 }, "geometry": { "type": "Point", "coordinates": [ -6514103.183915000408888, -358641.682160999975167 ] } },
{ "type": "Feature", "properties": { "Type": "Start", "ID": 4762, "OUT_ID": 5535.0, "catchment_area": null }, "geometry": { "type": "Point", "coordinates": [ -7509095.429242, -2515568.78554 ] } },
{ "type": "Feature", "properties": { "Type": "End", "ID": 4762, "OUT_ID": 5535.0, "catchment_area": 3322972755876.7192 }, "geometry": { "type": "Point", "coordinates": [ -6190251.843686999753118, -3649389.171573999803513 ] } },
{ "type": "Feature", "properties": { "Type": "Start", "ID": 4763, "OUT_ID": 5535.0, "catchment_area": null }, "geometry": { "type": "Point", "coordinates": [ -7477343.550470000132918, -2780298.763015000149608 ] } },
{ "type": "Feature", "properties": { "Type": "End", "ID": 4763, "OUT_ID": 5535.0, "catchment_area": 3322972755876.7192 }, "geometry": { "type": "Point", "coordinates": [ -6190251.843686999753118, -3649389.171573999803513 ] } },
{ "type": "Feature", "properties": { "Type": "Start", "ID": 4764, "OUT_ID": 5535.0, "catchment_area": null }, "geometry": { "type": "Point", "coordinates": [ -7436721.528730999678373, -3044681.551329 ] } },
{ "type": "Feature", "properties": { "Type": "End", "ID": 4764, "OUT_ID": 5535.0, "catchment_area": 3322972755876.7192 }, "geometry": { "type": "Point", "coordinates": [ -6190251.843686999753118, -3649389.171573999803513 ] } },
{ "type": "Feature", "properties": { "Type": "Start", "ID": 4765, "OUT_ID": 5535.0, "catchment_area": null }, "geometry": { "type": "Point", "coordinates": [ -7384368.574450000189245, -3308582.618483 ] } },
{ "type": "Feature", "properties": { "Type": "End", "ID": 4765, "OUT_ID": 5535.0, "catchment_area": 3322972755876.7192 }, "geometry": { "type": "Point", "coordinates": [ -6190251.843686999753118, -3649389.171573999803513 ] } },
{ "type": "Feature", "properties": { "Type": "Start", "ID": 4766, "OUT_ID": 5344.0, "catchment_area": null }, "geometry": { "type": "Point", "coordinates": [ -7316306.783583000302315, -3571886.681088999845088 ] } },
{ "type": "Feature", "properties": { "Type": "End", "ID": 4766, "OUT_ID": 5344.0, "catchment_area": 305799056160.2262 }, "geometry": { "type": "Point", "coordinates": [ -6305166.835381000302732, -3712070.076134 ] } },
{ "type": "Feature", "properties": { "Type": "Start", "ID": 4767, "OUT_ID": 5344.0, "catchment_area": null }, "geometry": { "type": "Point", "coordinates": [ -7226972.460302, -3834517.71656 ] } },
{ "type": "Feature", "properties": { "Type": "End", "ID": 4767, "OUT_ID": 5344.0, "catchment_area": 305799056160.2262 }, "geometry": { "type": "Point", "coordinates": [ -6305166.835381000302732, -3712070.076134 ] } },
{ "type": "Feature", "properties": { "Type": "Start", "ID": 4768, "OUT_ID": 4769.0, "catchment_area": null }, "geometry": { "type": "Point", "coordinates": [ -7108542.164300999604166, -4096435.890767000149935 ] } },
{ "type": "Feature", "properties": { "Type": "End", "ID": 4768, "OUT_ID": 4769.0, "catchment_area": 200264549626.70059 }, "geometry": { "type": "Point", "coordinates": [ -6994656.785543999634683, -4182176.860336 ] } },
{ "type": "Feature", "properties": { "Type": "Start", "ID": 4811, "OUT_ID": 5003.0, "catchment_area": null }, "geometry": { "type": "Point", "coordinates": [ -1607963.299228, 2574807.174267999827862 ] } },
{ "type": "Feature", "properties": { "Type": "End", "ID": 4811, "OUT_ID": 5003.0, "catchment_area": 11350143412.085484 }, "geometry": { "type": "Point", "coordinates": [ -1687673.532776, 2660488.554157999809831 ] } },
{ "type": "Feature", "properties": { "Type": "Start", "ID": 4812, "OUT_ID": 5003.0, "catchment_area": null }, "geometry": { "type": "Point", "coordinates": [ -1312630.776572, 2589654.317805000115186 ] } },
{ "type": "Feature", "properties": { "Type": "End", "ID": 4812, "OUT_ID": 5003.0, "catchment_area": 325552671137.02881 }, "geometry": { "type": "Point", "coordinates": [ -1593652.175936, 2838084.450412 ] } },
{ "type": "Feature", "properties": { "Type": "Start", "ID": 4813, "OUT_ID": 5003.0, "catchment_area": null }, "geometry": { "type": "Point", "coordinates": [ -1019107.184397, 2601698.508464000187814 ] } },
{ "type": "Feature", "properties": { "Type": "End", "ID": 4813, "OUT_ID": 5003.0, "catchment_area": 325552671137.02881 }, "geometry": { "type": "Point", "coordinates": [ -1593652.175936, 2838084.450412 ] } },
{ "type": "Feature", "properties": { "Type": "Start", "ID": 4814, "OUT_ID": 3283.0, "catchment_area": null }, "geometry": { "type": "Point", "coordinates": [ -726964.40709, 2610820.315525 ] } },
{ "type": "Feature", "properties": { "Type": "End", "ID": 4814, "OUT_ID": 3283.0, "catchment_area": 6603273337963.7705 }, "geometry": { "type": "Point", "coordinates": [ 589732.666245999978855, 550231.433962999959476 ] } },
{ "type": "Feature", "properties": { "Type": "Start", "ID": 4815, "OUT_ID": 3283.0, "catchment_area": null }, "geometry": { "type": "Point", "coordinates": [ -435795.186858, 2616940.458606 ] } },
{ "type": "Feature", "properties": { "Type": "End", "ID": 4815, "OUT_ID": 3283.0, "catchment_area": 6603273337963.7705 }, "geometry": { "type": "Point", "coordinates": [ 589732.666245999978855, 550231.433962999959476 ] } },
{ "type": "Feature", "properties": { "Type": "Start", "ID": 4816, "OUT_ID": 3283.0, "catchment_area": null }, "geometry": { "type": "Point", "coordinates": [ -145205.532964000012726, 2620010.520192999858409 ] } },
{ "type": "Feature", "properties": { "Type": "End", "ID": 4816, "OUT_ID": 3283.0, "catchment_area": 6603273337963.7705 }, "geometry": { "type": "Point", "coordinates": [ 589732.666245999978855, 550231.433962999959476 ] } },
{ "type": "Feature", "properties": { "Type": "Start", "ID": 4817, "OUT_ID": 3283.0, "catchment_area": null }, "geometry": { "type": "Point", "coordinates": [ 145205.532964000012726, 2620010.520192999858409 ] } },
{ "type": "Feature", "properties": { "Type": "End", "ID": 4817, "OUT_ID": 3283.0, "catchment_area": 6603273337963.7705 }, "geometry": { "type": "Point", "coordinates": [ 589732.666245999978855, 550231.433962999959476 ] } },
{ "type": "Feature", "properties": { "Type": "Start", "ID": 4818, "OUT_ID": 3283.0, "catchment_area": null }, "geometry": { "type": "Point", "coordinates": [ 435795.186858, 2616940.458606 ] } },
{ "type": "Feature", "properties": { "Type": "End", "ID": 4818, "OUT_ID": 3283.0, "catchment_area": 6603273337963.7705 }, "geometry": { "type": "Point", "coordinates": [ 589732.666245999978855, 550231.433962999959476 ] } },
{ "type": "Feature", "properties": { "Type": "Start", "ID": 4819, "OUT_ID": 5589.0, "catchment_area": null }, "geometry": { "type": "Point", "coordinates": [ 726964.40709, 2610820.315525 ] } },
{ "type": "Feature", "properties": { "Type": "End", "ID": 4819, "OUT_ID": 5589.0, "catchment_area": 1332223082993.5337 }, "geometry": { "type": "Point", "coordinates": [ 1206094.894422, 3569361.670282000210136 ] } },
{ "type": "Feature", "properties": { "Type": "Start", "ID": 4820, "OUT_ID": 3283.0, "catchment_area": null }, "geometry": { "type": "Point", "coordinates": [ 1019107.184397, 2601698.508464000187814 ] } },
{ "type": "Feature", "properties": { "Type": "End", "ID": 4820, "OUT_ID": 3283.0, "catchment_area": 6603273337963.7705 }, "geometry": { "type": "Point", "coordinates": [ 589732.666245999978855, 550231.433962999959476 ] } },
{ "type": "Feature", "properties": { "Type": "Start", "ID": 4821, "OUT_ID": 5589.0, "catchment_area": null }, "geometry": { "type": "Point", "coordinates": [ 1312630.776572, 2589654.317805000115186 ] } },
{ "type": "Feature", "properties": { "Type": "End", "ID": 4821, "OUT_ID": 5589.0, "catchment_area": 1332223082993.5337 }, "geometry": { "type": "Point", "coordinates": [ 1206094.894422, 3569361.670282000210136 ] } },
{ "type": "Feature", "properties": { "Type": "Start", "ID": 4822, "OUT_ID": 5589.0, "catchment_area": null }, "geometry": { "type": "Point", "coordinates": [ 1607963.299228, 2574807.174267999827862 ] } },
{ "type": "Feature", "properties": { "Type": "End", "ID": 4822, "OUT_ID": 5589.0, "catchment_area": 1332223082993.5337 }, "geometry": { "type": "Point", "coordinates": [ 1206094.894422, 3569361.670282000210136 ] } },
{ "type": "Feature", "properties": { "Type": "Start", "ID": 4823, "OUT_ID": 5399.0, "catchment_area": null }, "geometry": { "type": "Point", "coordinates": [ 1905564.042226, 2557330.220902 ] } },
{ "type": "Feature", "properties": { "Type": "End", "ID": 4823, "OUT_ID": 5399.0, "catchment_area": 1302756364519.8501 }, "geometry": { "type": "Point", "coordinates": [ 2167202.097678999882191, 3214169.877773 ] } },
{ "type": "Feature", "properties": { "Type": "Start", "ID": 4824, "OUT_ID": 5399.0, "catchment_area": null }, "geometry": { "type": "Point", "coordinates": [ 2205938.211261999793351, 2537469.289898000191897 ] } },
{ "type": "Feature", "properties": { "Type": "End", "ID": 4824, "OUT_ID": 5399.0, "catchment_area": 1302756364519.8501 }, "geometry": { "type": "Point", "coordinates": [ 2167202.097678999882191, 3214169.877773 ] } },
{ "type": "Feature", "properties": { "Type": "Start", "ID": 4825, "OUT_ID": 5399.0, "catchment_area": null }, "geometry": { "type": "Point", "coordinates": [ 2509658.742153, 2515568.78554 ] } },
{ "type": "Feature", "properties": { "Type": "End", "ID": 4825, "OUT_ID": 5399.0, "catchment_area": 1302756364519.8501 }, "geometry": { "type": "Point", "coordinates": [ 2167202.097678999882191, 3214169.877773 ] } },
{ "type": "Feature", "properties": { "Type": "Start", "ID": 4826, "OUT_ID": 5399.0, "catchment_area": null }, "geometry": { "type": "Point", "coordinates": [ 2817399.477378999814391, 2492106.217315999791026 ] } },
{ "type": "Feature", "properties": { "Type": "End", "ID": 4826, "OUT_ID": 5399.0, "catchment_area": 1302756364519.8501 }, "geometry": { "type": "Point", "coordinates": [ 2167202.097678999882191, 3214169.877773 ] } },
{ "type": "Feature", "properties": { "Type": "Start", "ID": 4827, "OUT_ID": 5596.0, "catchment_area": null }, "geometry": { "type": "Point", "coordinates": [ 3129986.543372999876738, 2467737.010726000182331 ] } },
{ "type": "Feature", "properties": { "Type": "End", "ID": 4827, "OUT_ID": 5596.0, "catchment_area": 3991867265229.334 }, "geometry": { "type": "Point", "coordinates": [ 3546181.998005, 3287297.599760000128299 ] } },
{ "type": "Feature", "properties": { "Type": "Start", "ID": 4828, "OUT_ID": 5596.0, "catchment_area": null }, "geometry": { "type": "Point", "coordinates": [ 3448478.812243000138551, 2443349.99994 ] } },
{ "type": "Feature", "properties": { "Type": "End", "ID": 4828, "OUT_ID": 5596.0, "catchment_area": 3991867265229.334 }, "geometry": { "type": "Point", "coordinates": [ 3546181.998005, 3287297.599760000128299 ] } },
{ "type": "Feature", "properties": { "Type": "Start", "ID": 4829, "OUT_ID": 5596.0, "catchment_area": null }, "geometry": { "type": "Point", "coordinates": [ 3774293.908762, 2420130.189355 ] } },
{ "type": "Feature", "properties": { "Type": "End", "ID": 4829, "OUT_ID": 5596.0, "catchment_area": 3991867265229.334 }, "geometry": { "type": "Point", "coordinates": [ 3546181.998005, 3287297.599760000128299 ] } },
{ "type": "Feature", "properties": { "Type": "Start", "ID": 4831, "OUT_ID": 4830.0, "catchment_area": null }, "geometry": { "type": "Point", "coordinates": [ 4456612.11355600040406, 2383722.572991999797523 ] } },
{ "type": "Feature", "properties": { "Type": "End", "ID": 4831, "OUT_ID": 4830.0, "catchment_area": 20299294948.537498 }, "geometry": { "type": "Point", "coordinates": [ 4340140.122434999793768, 2399318.118489999789745 ] } },
{ "type": "Feature", "properties": { "Type": "Start", "ID": 4832, "OUT_ID": 5027.0, "catchment_area": null }, "geometry": { "type": "Point", "coordinates": [ 4819954.193748, 2374669.814925 ] } },
{ "type": "Feature", "properties": { "Type": "End", "ID": 4832, "OUT_ID": 5027.0, "catchment_area": 389724635813.0506 }, "geometry": { "type": "Point", "coordinates": [ 5760907.292467, 2535126.745037000160664 ] } },
{ "type": "Feature", "properties": { "Type": "Start", "ID": 4833, "OUT_ID": 5027.0, "catchment_area": null }, "geometry": { "type": "Point", "coordinates": [ 5198799.977645999751985, 2374669.814925 ] } },
{ "type": "Feature", "properties": { "Type": "End", "ID": 4833, "OUT_ID": 5027.0, "catchment_area": 389724635813.0506 }, "geometry": { "type": "Point", "coordinates": [ 5760907.292467, 2535126.745037000160664 ] } },
{ "type": "Feature", "properties": { "Type": "Start", "ID": 4834, "OUT_ID": 5027.0, "catchment_area": null }, "geometry": { "type": "Point", "coordinates": [ 5562142.057838000357151, 2383722.572991999797523 ] } },
{ "type": "Feature", "properties": { "Type": "End", "ID": 4834, "OUT_ID": 5027.0, "catchment_area": 389724635813.0506 }, "geometry": { "type": "Point", "coordinates": [ 5760907.292467, 2535126.745037000160664 ] } },
{ "type": "Feature", "properties": { "Type": "Start", "ID": 4835, "OUT_ID": 5027.0, "catchment_area": null }, "geometry": { "type": "Point", "coordinates": [ 5909351.993495999835432, 2399616.269568 ] } },
{ "type": "Feature", "properties": { "Type": "End", "ID": 4835, "OUT_ID": 5027.0, "catchment_area": 389724635813.0506 }, "geometry": { "type": "Point", "coordinates": [ 5771354.109894, 2524679.927611 ] } },
{ "type": "Feature", "properties": { "Type": "Start", "ID": 4836, "OUT_ID": 5027.0, "catchment_area": null }, "geometry": { "type": "Point", "coordinates": [ 6244460.262632999569178, 2420130.189355 ] } },
{ "type": "Feature", "properties": { "Type": "End", "ID": 4836, "OUT_ID": 5027.0, "catchment_area": 389724635813.0506 }, "geometry": { "type": "Point", "coordinates": [ 5771354.109894, 2524679.927611 ] } },
{ "type": "Feature", "properties": { "Type": "Start", "ID": 4837, "OUT_ID": 4645.0, "catchment_area": null }, "geometry": { "type": "Point", "coordinates": [ 6570275.359152000397444, 2443349.99994 ] } },
{ "type": "Feature", "properties": { "Type": "End", "ID": 4837, "OUT_ID": 4645.0, "catchment_area": 12768911338.596169 }, "geometry": { "type": "Point", "coordinates": [ 6627993.138883999548852, 2357530.848783 ] } },
{ "type": "Feature", "properties": { "Type": "Start", "ID": 4842, "OUT_ID": 4650.0, "catchment_area": null }, "geometry": { "type": "Point", "coordinates": [ 8113190.129169000312686, 2557330.220902 ] } },
{ "type": "Feature", "properties": { "Type": "End", "ID": 4842, "OUT_ID": 4650.0, "catchment_area": 11350143412.085484 }, "geometry": { "type": "Point", "coordinates": [ 8100994.396049999631941, 2472445.840477 ] } },
{ "type": "Feature", "properties": { "Type": "Start", "ID": 4843, "OUT_ID": 4848.0, "catchment_area": null }, "geometry": { "type": "Point", "coordinates": [ 8410790.872166000306606, 2574807.174267999827862 ] } },
{ "type": "Feature", "properties": { "Type": "End", "ID": 4843, "OUT_ID": 4848.0, "catchment_area": 569908162479.90759 }, "geometry": { "type": "Point", "coordinates": [ 9312825.217547999694943, 2733616.276145 ] } },
{ "type": "Feature", "properties": { "Type": "Start", "ID": 4844, "OUT_ID": 4848.0, "catchment_area": null }, "geometry": { "type": "Point", "coordinates": [ 8706123.394822999835014, 2589654.317805000115186 ] } },
{ "type": "Feature", "properties": { "Type": "End", "ID": 4844, "OUT_ID": 4848.0, "catchment_area": 569908162479.90759 }, "geometry": { "type": "Point", "coordinates": [ 9312825.217547999694943, 2733616.276145 ] } },
{ "type": "Feature", "properties": { "Type": "Start", "ID": 4845, "OUT_ID": 4848.0, "catchment_area": null }, "geometry": { "type": "Point", "coordinates": [ 8999646.986886000260711, 2601698.508464000187814 ] } },
{ "type": "Feature", "properties": { "Type": "End", "ID": 4845, "OUT_ID": 4848.0, "catchment_area": 569908162479.90759 }, "geometry": { "type": "Point", "coordinates": [ 9312825.217547999694943, 2733616.276145 ] } },
{ "type": "Feature", "properties": { "Type": "Start", "ID": 4846, "OUT_ID": 4848.0, "catchment_area": null }, "geometry": { "type": "Point", "coordinates": [ 9291789.764193000271916, 2610820.315525 ] } },
{ "type": "Feature", "properties": { "Type": "End", "ID": 4846, "OUT_ID": 4848.0, "catchment_area": 39834637936.646172 }, "geometry": { "type": "Point", "coordinates": [ 9406846.574387999251485, 2733616.276145 ] } },
{ "type": "Feature", "properties": { "Type": "Start", "ID": 4847, "OUT_ID": 4848.0, "catchment_area": null }, "geometry": { "type": "Point", "coordinates": [ 9582958.984648000448942, 2616940.458606 ] } },
{ "type": "Feature", "properties": { "Type": "End", "ID": 4847, "OUT_ID": 4848.0, "catchment_area": 24009918756.334679 }, "geometry": { "type": "Point", "coordinates": [ 9741144.732043, 2503786.292756999842823 ] } },
{ "type": "Feature", "properties": { "Type": "Start", "ID": 4850, "OUT_ID": 4849.0, "catchment_area": null }, "geometry": { "type": "Point", "coordinates": [ 10454549.358141, 2616940.458606 ] } },
{ "type": "Feature", "properties": { "Type": "End", "ID": 4850, "OUT_ID": 4849.0, "catchment_area": 11350143412.085484 }, "geometry": { "type": "Point", "coordinates": [ 10357506.960218, 2660488.554157999809831 ] } },
{ "type": "Feature", "properties": { "Type": "Start", "ID": 4851, "OUT_ID": 4466.0, "catchment_area": null }, "geometry": { "type": "Point", "coordinates": [ 10745718.578596, 2610820.315525 ] } },
{ "type": "Feature", "properties": { "Type": "End", "ID": 4851, "OUT_ID": 4466.0, "catchment_area": 326316623097.45764 }, "geometry": { "type": "Point", "coordinates": [ 10545549.673899, 2211275.404810000211 ] } },
{ "type": "Feature", "properties": { "Type": "Start", "ID": 4852, "OUT_ID": 4275.0, "catchment_area": null }, "geometry": { "type": "Point", "coordinates": [ 11037861.355903, 2601698.508464000187814 ] } },
{ "type": "Feature", "properties": { "Type": "End", "ID": 4852, "OUT_ID": 4275.0, "catchment_area": 842748148347.34717 }, "geometry": { "type": "Point", "coordinates": [ 10869401.014127, 1876977.247155 ] } },
{ "type": "Feature", "properties": { "Type": "Start", "ID": 4853, "OUT_ID": 4471.0, "catchment_area": null }, "geometry": { "type": "Point", "coordinates": [ 11331384.949079, 2589654.317805000115186 ] } },
{ "type": "Feature", "properties": { "Type": "End", "ID": 4853, "OUT_ID": 4471.0, "catchment_area": 728046218288.67554 }, "geometry": { "type": "Point", "coordinates": [ 11726040.043117, 2305296.761649999767542 ] } },
{ "type": "Feature", "properties": { "Type": "Start", "ID": 4854, "OUT_ID": 4664.0, "catchment_area": null }, "geometry": { "type": "Point", "coordinates": [ 11626717.472849, 2574807.174267999827862 ] } },
{ "type": "Feature", "properties": { "Type": "End", "ID": 4854, "OUT_ID": 4664.0, "catchment_area": 327189711052.23346 }, "geometry": { "type": "Point", "coordinates": [ 12091678.653052, 2367977.66621 ] } },
{ "type": "Feature", "properties": { "Type": "Start", "ID": 4855, "OUT_ID": 4664.0, "catchment_area": null }, "geometry": { "type": "Point", "coordinates": [ 11924318.209168, 2557330.220902 ] } },
{ "type": "Feature", "properties": { "Type": "End", "ID": 4855, "OUT_ID": 4664.0, "catchment_area": 327189711052.23346 }, "geometry": { "type": "Point", "coordinates": [ 12091678.653052, 2367977.66621 ] } },
{ "type": "Feature", "properties": { "Type": "Start", "ID": 4856, "OUT_ID": 4664.0, "catchment_area": null }, "geometry": { "type": "Point", "coordinates": [ 12224692.381544, 2537469.289898000191897 ] } },
{ "type": "Feature", "properties": { "Type": "End", "ID": 4856, "OUT_ID": 4664.0, "catchment_area": 327189711052.23346 }, "geometry": { "type": "Point", "coordinates": [ 12091678.653052, 2367977.66621 ] } },
{ "type": "Feature", "properties": { "Type": "Start", "ID": 4857, "OUT_ID": 4665.0, "catchment_area": null }, "geometry": { "type": "Point", "coordinates": [ 12528412.918, 2515568.78554 ] } },
{ "type": "Feature", "properties": { "Type": "End", "ID": 4857, "OUT_ID": 4665.0, "catchment_area": 47255885552.240524 }, "geometry": { "type": "Point", "coordinates": [ 12582679.072107, 2472445.840477 ] } },
{ "type": "Feature", "properties": { "Type": "Start", "ID": 4858, "OUT_ID": 4666.0, "catchment_area": null }, "geometry": { "type": "Point", "coordinates": [ 12836153.646547, 2492106.217315999791026 ] } },
{ "type": "Feature", "properties": { "Type": "End", "ID": 4858, "OUT_ID": 4666.0, "catchment_area": 49984285410.914917 }, "geometry": { "type": "Point", "coordinates": [ 12833402.690348, 2441105.388197000138462 ] } },
{ "type": "Feature", "properties": { "Type": "Start", "ID": 4876, "OUT_ID": 5067.0, "catchment_area": null }, "geometry": { "type": "Point", "coordinates": [ -7286440.671457, 5681094.434568 ] } },
{ "type": "Feature", "properties": { "Type": "End", "ID": 4876, "OUT_ID": 5067.0, "catchment_area": 37651918049.70665 }, "geometry": { "type": "Point", "coordinates": [ -7276720.856065000407398, 5648278.338197000324726 ] } },
{ "type": "Feature", "properties": { "Type": "Start", "ID": 4877, "OUT_ID": 4686.0, "catchment_area": null }, "geometry": { "type": "Point", "coordinates": [ -7851095.714032, 5724609.429801000282168 ] } },
{ "type": "Feature", "properties": { "Type": "End", "ID": 4877, "OUT_ID": 4686.0, "catchment_area": 67991724478.165924 }, "geometry": { "type": "Point", "coordinates": [ -8060232.163068000227213, 5857214.686731000430882 ] } },
{ "type": "Feature", "properties": { "Type": "Start", "ID": 4878, "OUT_ID": 4686.0, "catchment_area": null }, "geometry": { "type": "Point", "coordinates": [ -8446128.677902, 5756990.735724999569356 ] } },
{ "type": "Feature", "properties": { "Type": "End", "ID": 4878, "OUT_ID": 4686.0, "catchment_area": 552009859407.00366 }, "geometry": { "type": "Point", "coordinates": [ -8446764.407856000587344, 5731852.877609999850392 ] } },
{ "type": "Feature", "properties": { "Type": "Start", "ID": 4881, "OUT_ID": 5073.0, "catchment_area": null }, "geometry": { "type": "Point", "coordinates": [ -10338442.175236, 5789157.527622999623418 ] } },
{ "type": "Feature", "properties": { "Type": "End", "ID": 4881, "OUT_ID": 5073.0, "catchment_area": 11241007417.738508 }, "geometry": { "type": "Point", "coordinates": [ -10358531.996944, 5710959.242757 ] } },
{ "type": "Feature", "properties": { "Type": "Start", "ID": 4882, "OUT_ID": 4690.0, "catchment_area": null }, "geometry": { "type": "Point", "coordinates": [ -10972533.288979, 5778458.594495999626815 ] } },
{ "type": "Feature", "properties": { "Type": "End", "ID": 4882, "OUT_ID": 4690.0, "catchment_area": 35032654185.379234 }, "geometry": { "type": "Point", "coordinates": [ -10765957.876586, 5867661.504157000221312 ] } },
{ "type": "Feature", "properties": { "Type": "Start", "ID": 4883, "OUT_ID": 4306.0, "catchment_area": null }, "geometry": { "type": "Point", "coordinates": [ -11591379.668226, 5756990.735724999569356 ] } },
{ "type": "Feature", "properties": { "Type": "End", "ID": 4883, "OUT_ID": 4306.0, "catchment_area": 44200077710.5252 }, "geometry": { "type": "Point", "coordinates": [ -11424107.374468, 5888555.139011000283062 ] } },
{ "type": "Feature", "properties": { "Type": "Start", "ID": 4884, "OUT_ID": 4114.0, "catchment_area": null }, "geometry": { "type": "Point", "coordinates": [ -12186412.625418, 5724609.429801000282168 ] } },
{ "type": "Feature", "properties": { "Type": "End", "ID": 4884, "OUT_ID": 4114.0, "catchment_area": 60352204873.877617 }, "geometry": { "type": "Point", "coordinates": [ -11643490.540429, 5888555.139011000283062 ] } },
{ "type": "Feature", "properties": { "Type": "Start", "ID": 4885, "OUT_ID": 4118.0, "catchment_area": null }, "geometry": { "type": "Point", "coordinates": [ -12751067.673559, 5681094.434568 ] } },
{ "type": "Feature", "properties": { "Type": "End", "ID": 4885, "OUT_ID": 4118.0, "catchment_area": 1725003526648.2996 }, "geometry": { "type": "Point", "coordinates": [ -14944684.847269, 5919895.591291000135243 ] } },
{ "type": "Feature", "properties": { "Type": "Start", "ID": 4886, "OUT_ID": 4118.0, "catchment_area": null }, "geometry": { "type": "Point", "coordinates": [ -13280969.021576, 5626144.738540999591351 ] } },
{ "type": "Feature", "properties": { "Type": "End", "ID": 4886, "OUT_ID": 4118.0, "catchment_area": 1725003526648.2996 }, "geometry": { "type": "Point", "coordinates": [ -14944684.847269, 5919895.591291000135243 ] } },
{ "type": "Feature", "properties": { "Type": "Start", "ID": 4887, "OUT_ID": 4118.0, "catchment_area": null }, "geometry": { "type": "Point", "coordinates": [ -13773770.755918, 5559370.802294 ] } },
{ "type": "Feature", "properties": { "Type": "End", "ID": 4887, "OUT_ID": 4118.0, "catchment_area": 1725003526648.2996 }, "geometry": { "type": "Point", "coordinates": [ -14944684.847269, 5919895.591291000135243 ] } },
{ "type": "Feature", "properties": { "Type": "Start", "ID": 4888, "OUT_ID": 4118.0, "catchment_area": null }, "geometry": { "type": "Point", "coordinates": [ -14228779.43408, 5480282.884677999652922 ] } },
{ "type": "Feature", "properties": { "Type": "End", "ID": 4888, "OUT_ID": 4118.0, "catchment_area": 1725003526648.2996 }, "geometry": { "type": "Point", "coordinates": [ -14944684.847269, 5919895.591291000135243 ] } },
{ "type": "Feature", "properties": { "Type": "Start", "ID": 4889, "OUT_ID": 5082.0, "catchment_area": null }, "geometry": { "type": "Point", "coordinates": [ -14646489.860067, 5388273.45462999958545 ] } },
{ "type": "Feature", "properties": { "Type": "End", "ID": 4889, "OUT_ID": 5082.0, "catchment_area": 61225292828.653427 }, "geometry": { "type": "Point", "coordinates": [ -14767088.951015, 5272192.910834999755025 ] } },
{ "type": "Feature", "properties": { "Type": "Start", "ID": 4941, "OUT_ID": 5325.0, "catchment_area": null }, "geometry": { "type": "Point", "coordinates": [ -7291114.200979, 919294.833226999966428 ] } },
{ "type": "Feature", "properties": { "Type": "End", "ID": 4941, "OUT_ID": 5325.0, "catchment_area": 837837028601.73328 }, "geometry": { "type": "Point", "coordinates": [ -7015550.420397000387311, 915870.043898000032641 ] } },
{ "type": "Feature", "properties": { "Type": "Start", "ID": 4942, "OUT_ID": 5325.0, "catchment_area": null }, "geometry": { "type": "Point", "coordinates": [ -7296177.22738, 656641.454551000031643 ] } },
{ "type": "Feature", "properties": { "Type": "End", "ID": 4942, "OUT_ID": 5325.0, "catchment_area": 837837028601.73328 }, "geometry": { "type": "Point", "coordinates": [ -7015550.420397000387311, 915870.043898000032641 ] } },
{ "type": "Feature", "properties": { "Type": "Start", "ID": 4943, "OUT_ID": 5905.0, "catchment_area": null }, "geometry": { "type": "Point", "coordinates": [ -7299437.396778999827802, 393984.465726000024006 ] } },
{ "type": "Feature", "properties": { "Type": "End", "ID": 4943, "OUT_ID": 5905.0, "catchment_area": 4994172237311.96 }, "geometry": { "type": "Point", "coordinates": [ -6514103.183915000408888, -358641.682160999975167 ] } },
{ "type": "Feature", "properties": { "Type": "Start", "ID": 4944, "OUT_ID": 5905.0, "catchment_area": null }, "geometry": { "type": "Point", "coordinates": [ -7301035.252259000204504, 131331.552034 ] } },
{ "type": "Feature", "properties": { "Type": "End", "ID": 4944, "OUT_ID": 5905.0, "catchment_area": 4994172237311.96 }, "geometry": { "type": "Point", "coordinates": [ -6514103.183915000408888, -358641.682160999975167 ] } },
{ "type": "Feature", "properties": { "Type": "Start", "ID": 4945, "OUT_ID": 5905.0, "catchment_area": null }, "geometry": { "type": "Point", "coordinates": [ -7301035.252259000204504, -131331.552034 ] } },
{ "type": "Feature", "properties": { "Type": "End", "ID": 4945, "OUT_ID": 5905.0, "catchment_area": 4994172237311.96 }, "geometry": { "type": "Point", "coordinates": [ -6514103.183915000408888, -358641.682160999975167 ] } },
{ "type": "Feature", "properties": { "Type": "Start", "ID": 4946, "OUT_ID": 5905.0, "catchment_area": null }, "geometry": { "type": "Point", "coordinates": [ -7299437.396778999827802, -393984.465726000024006 ] } },
{ "type": "Feature", "properties": { "Type": "End", "ID": 4946, "OUT_ID": 5905.0, "catchment_area": 4994172237311.96 }, "geometry": { "type": "Point", "coordinates": [ -6514103.183915000408888, -358641.682160999975167 ] } },
{ "type": "Feature", "properties": { "Type": "Start", "ID": 4947, "OUT_ID": 5905.0, "catchment_area": null }, "geometry": { "type": "Point", "coordinates": [ -7296177.22738, -656641.454551000031643 ] } },
{ "type": "Feature", "properties": { "Type": "End", "ID": 4947, "OUT_ID": 5905.0, "catchment_area": 4994172237311.96 }, "geometry": { "type": "Point", "coordinates": [ -6514103.183915000408888, -358641.682160999975167 ] } },
{ "type": "Feature", "properties": { "Type": "Start", "ID": 4948, "OUT_ID": 5905.0, "catchment_area": null }, "geometry": { "type": "Point", "coordinates": [ -7291114.200979, -919294.833226999966428 ] } },
{ "type": "Feature", "properties": { "Type": "End", "ID": 4948, "OUT_ID": 5905.0, "catchment_area": 4994172237311.96 }, "geometry": { "type": "Point", "coordinates": [ -6514103.183915000408888, -358641.682160999975167 ] } },
{ "type": "Feature", "properties": { "Type": "Start", "ID": 4949, "OUT_ID": 5905.0, "catchment_area": null }, "geometry": { "type": "Point", "coordinates": [ -7284024.614380000159144, -1181921.957678 ] } },
{ "type": "Feature", "properties": { "Type": "End", "ID": 4949, "OUT_ID": 5905.0, "catchment_area": 4994172237311.96 }, "geometry": { "type": "Point", "coordinates": [ -6514103.183915000408888, -358641.682160999975167 ] } },
{ "type": "Feature", "properties": { "Type": "Start", "ID": 4950, "OUT_ID": 5905.0, "catchment_area": null }, "geometry": { "type": "Point", "coordinates": [ -7274583.665137999691069, -1444479.317611 ] } },
{ "type": "Feature", "properties": { "Type": "End", "ID": 4950, "OUT_ID": 5905.0, "catchment_area": 4994172237311.96 }, "geometry": { "type": "Point", "coordinates": [ -6514103.183915000408888, -358641.682160999975167 ] } },
{ "type": "Feature", "properties": { "Type": "Start", "ID": 4951, "OUT_ID": 5905.0, "catchment_area": null }, "geometry": { "type": "Point", "coordinates": [ -7262338.328568000346422, -1706896.760472000110894 ] } },
{ "type": "Feature", "properties": { "Type": "End", "ID": 4951, "OUT_ID": 5905.0, "catchment_area": 4994172237311.96 }, "geometry": { "type": "Point", "coordinates": [ -6514103.183915000408888, -358641.682160999975167 ] } },
{ "type": "Feature", "properties": { "Type": "Start", "ID": 4952, "OUT_ID": 5905.0, "catchment_area": null }, "geometry": { "type": "Point", "coordinates": [ -7246667.61111699976027, -1969072.191358 ] } },
{ "type": "Feature", "properties": { "Type": "End", "ID": 4952, "OUT_ID": 5905.0, "catchment_area": 4994172237311.96 }, "geometry": { "type": "Point", "coordinates": [ -6514103.183915000408888, -358641.682160999975167 ] } },
{ "type": "Feature", "properties": { "Type": "Start", "ID": 4953, "OUT_ID": 5535.0, "catchment_area": null }, "geometry": { "type": "Point", "coordinates": [ -7226724.92248999979347, -2230867.407366999890655 ] } },
{ "type": "Feature", "properties": { "Type": "End", "ID": 4953, "OUT_ID": 5535.0, "catchment_area": 3322972755876.7192 }, "geometry": { "type": "Point", "coordinates": [ -6190251.843686999753118, -3649389.171573999803513 ] } },
{ "type": "Feature", "properties": { "Type": "Start", "ID": 4954, "OUT_ID": 5535.0, "catchment_area": null }, "geometry": { "type": "Point", "coordinates": [ -7201354.694016000255942, -2492106.217315999791026 ] } },
{ "type": "Feature", "properties": { "Type": "End", "ID": 4954, "OUT_ID": 5535.0, "catchment_area": 3322972755876.7192 }, "geometry": { "type": "Point", "coordinates": [ -6190251.843686999753118, -3649389.171573999803513 ] } },
{ "type": "Feature", "properties": { "Type": "Start", "ID": 4955, "OUT_ID": 5535.0, "catchment_area": null }, "geometry": { "type": "Point", "coordinates": [ -7168971.600335, -2752576.82957 ] } },
{ "type": "Feature", "properties": { "Type": "End", "ID": 4955, "OUT_ID": 5535.0, "catchment_area": 3322972755876.7192 }, "geometry": { "type": "Point", "coordinates": [ -6190251.843686999753118, -3649389.171573999803513 ] } },
{ "type": "Feature", "properties": { "Type": "Start", "ID": 4956, "OUT_ID": 5535.0, "catchment_area": null }, "geometry": { "type": "Point", "coordinates": [ -7127385.555146000348032, -3012041.571620999835432 ] } },
{ "type": "Feature", "properties": { "Type": "End", "ID": 4956, "OUT_ID": 5535.0, "catchment_area": 3322972755876.7192 }, "geometry": { "type": "Point", "coordinates": [ -6190251.843686999753118, -3649389.171573999803513 ] } },
{ "type": "Feature", "properties": { "Type": "Start", "ID": 4957, "OUT_ID": 5535.0, "catchment_area": null }, "geometry": { "type": "Point", "coordinates": [ -7073549.117255000397563, -3270258.16671899985522 ] } },
{ "type": "Feature", "properties": { "Type": "End", "ID": 4957, "OUT_ID": 5535.0, "catchment_area": 3322972755876.7192 }, "geometry": { "type": "Point", "coordinates": [ -6190251.843686999753118, -3649389.171573999803513 ] } },
{ "type": "Feature", "properties": { "Type": "Start", "ID": 4958, "OUT_ID": 5535.0, "catchment_area": null }, "geometry": { "type": "Point", "coordinates": [ -7003197.082599, -3527016.530284999869764 ] } },
{ "type": "Feature", "properties": { "Type": "End", "ID": 4958, "OUT_ID": 5535.0, "catchment_area": 3322972755876.7192 }, "geometry": { "type": "Point", "coordinates": [ -6190251.843686999753118, -3649389.171573999803513 ] } },
{ "type": "Feature", "properties": { "Type": "Start", "ID": 4959, "OUT_ID": 5344.0, "catchment_area": null }, "geometry": { "type": "Point", "coordinates": [ -6910342.751303000375628, -3782189.437483999878168 ] } },
{ "type": "Feature", "properties": { "Type": "End", "ID": 4959, "OUT_ID": 5344.0, "catchment_area": 305799056160.2262 }, "geometry": { "type": "Point", "coordinates": [ -6305166.835381000302732, -3712070.076134 ] } },
{ "type": "Feature", "properties": { "Type": "Start", "ID": 5004, "OUT_ID": 5196.0, "catchment_area": null }, "geometry": { "type": "Point", "coordinates": [ -1333386.101934, 2867108.02698600012809 ] } },
{ "type": "Feature", "properties": { "Type": "End", "ID": 5004, "OUT_ID": 5196.0, "catchment_area": 53913181207.406044 }, "geometry": { "type": "Point", "coordinates": [ -1447396.731962, 2973893.076959 ] } },
{ "type": "Feature", "properties": { "Type": "Start", "ID": 5005, "OUT_ID": 3283.0, "catchment_area": null }, "geometry": { "type": "Point", "coordinates": [ -1035693.384436, 2881134.445944999810308 ] } },
{ "type": "Feature", "properties": { "Type": "End", "ID": 5005, "OUT_ID": 3283.0, "catchment_area": 6603273337963.7705 }, "geometry": { "type": "Point", "coordinates": [ 589732.666245999978855, 550231.433962999959476 ] } },
{ "type": "Feature", "properties": { "Type": "Start", "ID": 5006, "OUT_ID": 3283.0, "catchment_area": null }, "geometry": { "type": "Point", "coordinates": [ -739045.318092999979854, 2891743.735842000227422 ] } },
{ "type": "Feature", "properties": { "Type": "End", "ID": 5006, "OUT_ID": 3283.0, "catchment_area": 6603273337963.7705 }, "geometry": { "type": "Point", "coordinates": [ 589732.666245999978855, 550231.433962999959476 ] } },
{ "type": "Feature", "properties": { "Type": "Start", "ID": 5007, "OUT_ID": 3283.0, "catchment_area": null }, "geometry": { "type": "Point", "coordinates": [ -443135.160936, 2898855.532947999890894 ] } },
{ "type": "Feature", "properties": { "Type": "End", "ID": 5007, "OUT_ID": 3283.0, "catchment_area": 6603273337963.7705 }, "geometry": { "type": "Point", "coordinates": [ 589732.666245999978855, 550231.433962999959476 ] } },
{ "type": "Feature", "properties": { "Type": "Start", "ID": 5008, "OUT_ID": 3283.0, "catchment_area": null }, "geometry": { "type": "Point", "coordinates": [ -147664.543669, 2902421.391423 ] } },
{ "type": "Feature", "properties": { "Type": "End", "ID": 5008, "OUT_ID": 3283.0, "catchment_area": 6603273337963.7705 }, "geometry": { "type": "Point", "coordinates": [ 589732.666245999978855, 550231.433962999959476 ] } },
{ "type": "Feature", "properties": { "Type": "Start", "ID": 5009, "OUT_ID": 3283.0, "catchment_area": null }, "geometry": { "type": "Point", "coordinates": [ 147664.543669, 2902421.391423 ] } },
{ "type": "Feature", "properties": { "Type": "End", "ID": 5009, "OUT_ID": 3283.0, "catchment_area": 6603273337963.7705 }, "geometry": { "type": "Point", "coordinates": [ 589732.666245999978855, 550231.433962999959476 ] } },
{ "type": "Feature", "properties": { "Type": "Start", "ID": 5010, "OUT_ID": 3283.0, "catchment_area": null }, "geometry": { "type": "Point", "coordinates": [ 443135.160936, 2898855.532947999890894 ] } },
{ "type": "Feature", "properties": { "Type": "End", "ID": 5010, "OUT_ID": 3283.0, "catchment_area": 6603273337963.7705 }, "geometry": { "type": "Point", "coordinates": [ 589732.666245999978855, 550231.433962999959476 ] } },
{ "type": "Feature", "properties": { "Type": "Start", "ID": 5011, "OUT_ID": 5589.0, "catchment_area": null }, "geometry": { "type": "Point", "coordinates": [ 739045.318092999979854, 2891743.735842000227422 ] } },
{ "type": "Feature", "properties": { "Type": "End", "ID": 5011, "OUT_ID": 5589.0, "catchment_area": 1332223082993.5337 }, "geometry": { "type": "Point", "coordinates": [ 1206094.894422, 3569361.670282000210136 ] } },
{ "type": "Feature", "properties": { "Type": "Start", "ID": 5012, "OUT_ID": 5589.0, "catchment_area": null }, "geometry": { "type": "Point", "coordinates": [ 1035693.384436, 2881134.445944999810308 ] } },
{ "type": "Feature", "properties": { "Type": "End", "ID": 5012, "OUT_ID": 5589.0, "catchment_area": 1332223082993.5337 }, "geometry": { "type": "Point", "coordinates": [ 1206094.894422, 3569361.670282000210136 ] } },
{ "type": "Feature", "properties": { "Type": "Start", "ID": 5013, "OUT_ID": 5589.0, "catchment_area": null }, "geometry": { "type": "Point", "coordinates": [ 1333386.101934, 2867108.02698600012809 ] } },
{ "type": "Feature", "properties": { "Type": "End", "ID": 5013, "OUT_ID": 5589.0, "catchment_area": 1332223082993.5337 }, "geometry": { "type": "Point", "coordinates": [ 1206094.894422, 3569361.670282000210136 ] } },
{ "type": "Feature", "properties": { "Type": "Start", "ID": 5014, "OUT_ID": 5589.0, "catchment_area": null }, "geometry": { "type": "Point", "coordinates": [ 1632443.915765, 2849787.267333 ] } },
{ "type": "Feature", "properties": { "Type": "End", "ID": 5014, "OUT_ID": 5589.0, "catchment_area": 1332223082993.5337 }, "geometry": { "type": "Point", "coordinates": [ 1206094.894422, 3569361.670282000210136 ] } },
{ "type": "Feature", "properties": { "Type": "Start", "ID": 5015, "OUT_ID": 5399.0, "catchment_area": null }, "geometry": { "type": "Point", "coordinates": [ 1933208.679290999891236, 2829352.959495 ] } },
{ "type": "Feature", "properties": { "Type": "End", "ID": 5015, "OUT_ID": 5399.0, "catchment_area": 1302756364519.8501 }, "geometry": { "type": "Point", "coordinates": [ 2167202.097678999882191, 3214169.877773 ] } },
{ "type": "Feature", "properties": { "Type": "Start", "ID": 5016, "OUT_ID": 5399.0, "catchment_area": null }, "geometry": { "type": "Point", "coordinates": [ 2236055.377783, 2806066.082497000228614 ] } },
{ "type": "Feature", "properties": { "Type": "End", "ID": 5016, "OUT_ID": 5399.0, "catchment_area": 1302756364519.8501 }, "geometry": { "type": "Point", "coordinates": [ 2167202.097678999882191, 3214169.877773 ] } },
{ "type": "Feature", "properties": { "Type": "Start", "ID": 5017, "OUT_ID": 5399.0, "catchment_area": null }, "geometry": { "type": "Point", "coordinates": [ 2541410.620924000162631, 2780298.763015000149608 ] } },
{ "type": "Feature", "properties": { "Type": "End", "ID": 5017, "OUT_ID": 5399.0, "catchment_area": 1302756364519.8501 }, "geometry": { "type": "Point", "coordinates": [ 2167202.097678999882191, 3214169.877773 ] } },
{ "type": "Feature", "properties": { "Type": "Start", "ID": 5018, "OUT_ID": 5399.0, "catchment_area": null }, "geometry": { "type": "Point", "coordinates": [ 2849782.571059000212699, 2752576.82957 ] } },
{ "type": "Feature", "properties": { "Type": "End", "ID": 5018, "OUT_ID": 5399.0, "catchment_area": 1302756364519.8501 }, "geometry": { "type": "Point", "coordinates": [ 2167202.097678999882191, 3214169.877773 ] } },
{ "type": "Feature", "properties": { "Type": "Start", "ID": 5019, "OUT_ID": 5596.0, "catchment_area": null }, "geometry": { "type": "Point", "coordinates": [ 3161810.429157, 2723637.161487999837846 ] } },
{ "type": "Feature", "properties": { "Type": "End", "ID": 5019, "OUT_ID": 5596.0, "catchment_area": 3991867265229.334 }, "geometry": { "type": "Point", "coordinates": [ 3546181.998005, 3287297.599760000128299 ] } },
{ "type": "Feature", "properties": { "Type": "Start", "ID": 5020, "OUT_ID": 5596.0, "catchment_area": null }, "geometry": { "type": "Point", "coordinates": [ 3478347.391208999790251, 2694502.39666 ] } },
{ "type": "Feature", "properties": { "Type": "End", "ID": 5020, "OUT_ID": 5596.0, "catchment_area": 3991867265229.334 }, "geometry": { "type": "Point", "coordinates": [ 3546181.998005, 3287297.599760000128299 ] } },
{ "type": "Feature", "properties": { "Type": "Start", "ID": 5021, "OUT_ID": 5596.0, "catchment_area": null }, "geometry": { "type": "Point", "coordinates": [ 3800600.251776999793947, 2666571.472413000185043 ] } },
{ "type": "Feature", "properties": { "Type": "End", "ID": 5021, "OUT_ID": 5596.0, "catchment_area": 3991867265229.334 }, "geometry": { "type": "Point", "coordinates": [ 3546181.998005, 3287297.599760000128299 ] } },
{ "type": "Feature", "properties": { "Type": "Start", "ID": 5023, "OUT_ID": 5022.0, "catchment_area": null }, "geometry": { "type": "Point", "coordinates": [ 4470372.724356000311673, 2622312.724613000173122 ] } },
{ "type": "Feature", "properties": { "Type": "End", "ID": 5023, "OUT_ID": 5022.0, "catchment_area": 98658938889.666122 }, "geometry": { "type": "Point", "coordinates": [ 4099863.32162, 2723169.458718 ] } },
{ "type": "Feature", "properties": { "Type": "Start", "ID": 5024, "OUT_ID": 5601.0, "catchment_area": null }, "geometry": { "type": "Point", "coordinates": [ 4824848.782627999782562, 2611201.17208500020206 ] } },
{ "type": "Feature", "properties": { "Type": "End", "ID": 5024, "OUT_ID": 5601.0, "catchment_area": 166978071350.87299 }, "geometry": { "type": "Point", "coordinates": [ 5290800.508264999836683, 3214169.877773 ] } },
{ "type": "Feature", "properties": { "Type": "Start", "ID": 5025, "OUT_ID": 5027.0, "catchment_area": null }, "geometry": { "type": "Point", "coordinates": [ 5193905.388767000287771, 2611201.17208500020206 ] } },
{ "type": "Feature", "properties": { "Type": "End", "ID": 5025, "OUT_ID": 5027.0, "catchment_area": 389724635813.0506 }, "geometry": { "type": "Point", "coordinates": [ 5760907.292467, 2535126.745037000160664 ] } },
{ "type": "Feature", "properties": { "Type": "Start", "ID": 5026, "OUT_ID": 5218.0, "catchment_area": null }, "geometry": { "type": "Point", "coordinates": [ 5548381.447038999758661, 2622312.724613000173122 ] } },
{ "type": "Feature", "properties": { "Type": "End", "ID": 5026, "OUT_ID": 5218.0, "catchment_area": 16697807135.087297 }, "geometry": { "type": "Point", "coordinates": [ 5645992.300773000344634, 2650041.736730999778956 ] } },
{ "type": "Feature", "properties": { "Type": "Start", "ID": 5028, "OUT_ID": 5027.0, "catchment_area": null }, "geometry": { "type": "Point", "coordinates": [ 6218153.919617, 2666571.472413000185043 ] } },
{ "type": "Feature", "properties": { "Type": "End", "ID": 5028, "OUT_ID": 5027.0, "catchment_area": 3245813607873.4072 }, "geometry": { "type": "Point", "coordinates": [ 6189226.806962000206113, 2712722.641291 ] } },
{ "type": "Feature", "properties": { "Type": "Start", "ID": 5031, "OUT_ID": 4839.0, "catchment_area": null }, "geometry": { "type": "Point", "coordinates": [ 7168971.600335, 2752576.82957 ] } },
{ "type": "Feature", "properties": { "Type": "End", "ID": 5031, "OUT_ID": 4839.0, "catchment_area": 102260426703.11633 }, "geometry": { "type": "Point", "coordinates": [ 7160780.827646000310779, 2723169.458718 ] } },
{ "type": "Feature", "properties": { "Type": "Start", "ID": 5032, "OUT_ID": 4840.0, "catchment_area": null }, "geometry": { "type": "Point", "coordinates": [ 7477343.550470000132918, 2780298.763015000149608 ] } },
{ "type": "Feature", "properties": { "Type": "End", "ID": 5032, "OUT_ID": 4840.0, "catchment_area": 11786687389.473387 }, "geometry": { "type": "Point", "coordinates": [ 7463738.53302, 2670935.371584999840707 ] } },
{ "type": "Feature", "properties": { "Type": "Start", "ID": 5033, "OUT_ID": 4841.0, "catchment_area": null }, "geometry": { "type": "Point", "coordinates": [ 7782698.793611999601126, 2806066.082497000228614 ] } },
{ "type": "Feature", "properties": { "Type": "End", "ID": 5033, "OUT_ID": 4841.0, "catchment_area": 11131871423.391533 }, "geometry": { "type": "Point", "coordinates": [ 7766696.238394999876618, 2785850.363278000149876 ] } },
{ "type": "Feature", "properties": { "Type": "Start", "ID": 5034, "OUT_ID": 4841.0, "catchment_area": null }, "geometry": { "type": "Point", "coordinates": [ 8085545.492103000171483, 2829352.959495 ] } },
{ "type": "Feature", "properties": { "Type": "End", "ID": 5034, "OUT_ID": 4841.0, "catchment_area": 58715164958.672981 }, "geometry": { "type": "Point", "coordinates": [ 7986079.404356, 2681382.189011 ] } },
{ "type": "Feature", "properties": { "Type": "Start", "ID": 5035, "OUT_ID": 4848.0, "catchment_area": null }, "geometry": { "type": "Point", "coordinates": [ 8386310.255629000253975, 2849787.267333 ] } },
{ "type": "Feature", "properties": { "Type": "End", "ID": 5035, "OUT_ID": 4848.0, "catchment_area": 569908162479.90759 }, "geometry": { "type": "Point", "coordinates": [ 9312825.217547999694943, 2733616.276145 ] } },
{ "type": "Feature", "properties": { "Type": "Start", "ID": 5036, "OUT_ID": 4848.0, "catchment_area": null }, "geometry": { "type": "Point", "coordinates": [ 8685368.06946000084281, 2867108.02698600012809 ] } },
{ "type": "Feature", "properties": { "Type": "End", "ID": 5036, "OUT_ID": 4848.0, "catchment_area": 569908162479.90759 }, "geometry": { "type": "Point", "coordinates": [ 9312825.217547999694943, 2733616.276145 ] } },
{ "type": "Feature", "properties": { "Type": "Start", "ID": 5037, "OUT_ID": 4848.0, "catchment_area": null }, "geometry": { "type": "Point", "coordinates": [ 8983060.786847999319434, 2881134.445944999810308 ] } },
{ "type": "Feature", "properties": { "Type": "End", "ID": 5037, "OUT_ID": 4848.0, "catchment_area": 569908162479.90759 }, "geometry": { "type": "Point", "coordinates": [ 9312825.217547999694943, 2733616.276145 ] } },
{ "type": "Feature", "properties": { "Type": "Start", "ID": 5038, "OUT_ID": 4848.0, "catchment_area": null }, "geometry": { "type": "Point", "coordinates": [ 9279708.853189999237657, 2891743.735842000227422 ] } },
{ "type": "Feature", "properties": { "Type": "End", "ID": 5038, "OUT_ID": 4848.0, "catchment_area": 144277784526.70203 }, "geometry": { "type": "Point", "coordinates": [ 9323272.034973999485373, 2806743.998132000211626 ] } },
{ "type": "Feature", "properties": { "Type": "Start", "ID": 5039, "OUT_ID": 4848.0, "catchment_area": null }, "geometry": { "type": "Point", "coordinates": [ 9575619.010458, 2898855.532947999890894 ] } },
{ "type": "Feature", "properties": { "Type": "End", "ID": 5039, "OUT_ID": 4848.0, "catchment_area": 11131871423.391533 }, "geometry": { "type": "Point", "coordinates": [ 9563548.835789000615478, 2838084.450412 ] } },
{ "type": "Feature", "properties": { "Type": "Start", "ID": 5040, "OUT_ID": 4848.0, "catchment_area": null }, "geometry": { "type": "Point", "coordinates": [ 9871089.628282999619842, 2902421.391423 ] } },
{ "type": "Feature", "properties": { "Type": "End", "ID": 5040, "OUT_ID": 4848.0, "catchment_area": 12659775344.249193 }, "geometry": { "type": "Point", "coordinates": [ 9845612.906309999525547, 2785850.363278000149876 ] } },
{ "type": "Feature", "properties": { "Type": "Start", "ID": 5041, "OUT_ID": 4849.0, "catchment_area": null }, "geometry": { "type": "Point", "coordinates": [ 10166418.714507, 2902421.391423 ] } },
{ "type": "Feature", "properties": { "Type": "End", "ID": 5041, "OUT_ID": 4849.0, "catchment_area": 18880527022.026814 }, "geometry": { "type": "Point", "coordinates": [ 10148570.611684, 2838084.450412 ] } },
{ "type": "Feature", "properties": { "Type": "Start", "ID": 5042, "OUT_ID": 4849.0, "catchment_area": null }, "geometry": { "type": "Point", "coordinates": [ 10461889.332331, 2898855.532947999890894 ] } },
{ "type": "Feature", "properties": { "Type": "End", "ID": 5042, "OUT_ID": 4849.0, "catchment_area": 368770524898.43121 }, "geometry": { "type": "Point", "coordinates": [ 10190357.881391, 2817190.81555899977684 ] } },
{ "type": "Feature", "properties": { "Type": "Start", "ID": 5043, "OUT_ID": 4466.0, "catchment_area": null }, "geometry": { "type": "Point", "coordinates": [ 10757799.489599, 2891743.735842000227422 ] } },
{ "type": "Feature", "properties": { "Type": "End", "ID": 5043, "OUT_ID": 4466.0, "catchment_area": 326316623097.45764 }, "geometry": { "type": "Point", "coordinates": [ 10545549.673899, 2211275.404810000211 ] } },
{ "type": "Feature", "properties": { "Type": "Start", "ID": 5044, "OUT_ID": 4275.0, "catchment_area": null }, "geometry": { "type": "Point", "coordinates": [ 11054447.555942, 2881134.445944999810308 ] } },
{ "type": "Feature", "properties": { "Type": "End", "ID": 5044, "OUT_ID": 4275.0, "catchment_area": 842748148347.34717 }, "geometry": { "type": "Point", "coordinates": [ 10869401.014127, 1876977.247155 ] } },
{ "type": "Feature", "properties": { "Type": "Start", "ID": 5045, "OUT_ID": 4471.0, "catchment_area": null }, "geometry": { "type": "Point", "coordinates": [ 11352140.278895, 2867108.02698600012809 ] } },
{ "type": "Feature", "properties": { "Type": "End", "ID": 5045, "OUT_ID": 4471.0, "catchment_area": 728046218288.67554 }, "geometry": { "type": "Point", "coordinates": [ 11726040.043117, 2305296.761649999767542 ] } },
{ "type": "Feature", "properties": { "Type": "Start", "ID": 5046, "OUT_ID": 4664.0, "catchment_area": null }, "geometry": { "type": "Point", "coordinates": [ 11651198.08716, 2849787.267333 ] } },
{ "type": "Feature", "properties": { "Type": "End", "ID": 5046, "OUT_ID": 4664.0, "catchment_area": 327189711052.23346 }, "geometry": { "type": "Point", "coordinates": [ 12091678.653052, 2367977.66621 ] } },
{ "type": "Feature", "properties": { "Type": "Start", "ID": 5047, "OUT_ID": 5819.0, "catchment_area": null }, "geometry": { "type": "Point", "coordinates": [ 11951962.846233, 2829352.959495 ] } },
{ "type": "Feature", "properties": { "Type": "End", "ID": 5047, "OUT_ID": 5819.0, "catchment_area": 1684404936751.2246 }, "geometry": { "type": "Point", "coordinates": [ 13397530.831391, 3569361.670282000210136 ] } },
{ "type": "Feature", "properties": { "Type": "Start", "ID": 5048, "OUT_ID": 5819.0, "catchment_area": null }, "geometry": { "type": "Point", "coordinates": [ 12254809.546951, 2806066.082497000228614 ] } },
{ "type": "Feature", "properties": { "Type": "End", "ID": 5048, "OUT_ID": 5819.0, "catchment_area": 1684404936751.2246 }, "geometry": { "type": "Point", "coordinates": [ 13397530.831391, 3569361.670282000210136 ] } },
{ "type": "Feature", "properties": { "Type": "Start", "ID": 5049, "OUT_ID": 5819.0, "catchment_area": null }, "geometry": { "type": "Point", "coordinates": [ 12560164.787866, 2780298.763015000149608 ] } },
{ "type": "Feature", "properties": { "Type": "End", "ID": 5049, "OUT_ID": 5819.0, "catchment_area": 1684404936751.2246 }, "geometry": { "type": "Point", "coordinates": [ 13397530.831391, 3569361.670282000210136 ] } },
{ "type": "Feature", "properties": { "Type": "Start", "ID": 5050, "OUT_ID": 5819.0, "catchment_area": null }, "geometry": { "type": "Point", "coordinates": [ 12868536.742454, 2752576.82957 ] } },
{ "type": "Feature", "properties": { "Type": "End", "ID": 5050, "OUT_ID": 5819.0, "catchment_area": 1684404936751.2246 }, "geometry": { "type": "Point", "coordinates": [ 13397530.831391, 3569361.670282000210136 ] } },
{ "type": "Feature", "properties": { "Type": "Start", "ID": 5051, "OUT_ID": 4859.0, "catchment_area": null }, "geometry": { "type": "Point", "coordinates": [ 13180564.596099, 2723637.161487999837846 ] } },
{ "type": "Feature", "properties": { "Type": "End", "ID": 5051, "OUT_ID": 4859.0, "catchment_area": 16697807135.087297 }, "geometry": { "type": "Point", "coordinates": [ 13230381.752563, 2639594.919305 ] } },
{ "type": "Feature", "properties": { "Type": "Start", "ID": 5052, "OUT_ID": 5244.0, "catchment_area": null }, "geometry": { "type": "Point", "coordinates": [ 13497101.568169, 2694502.39666 ] } },
{ "type": "Feature", "properties": { "Type": "End", "ID": 5052, "OUT_ID": 5244.0, "catchment_area": 151589896147.9494 }, "geometry": { "type": "Point", "coordinates": [ 13501999.005658, 2702275.823865000158548 ] } },
{ "type": "Feature", "properties": { "Type": "Start", "ID": 5069, "OUT_ID": 4686.0, "catchment_area": null }, "geometry": { "type": "Point", "coordinates": [ -8060908.017497999593616, 5588826.672619 ] } },
{ "type": "Feature", "properties": { "Type": "End", "ID": 5069, "OUT_ID": 4686.0, "catchment_area": 5738807126741.376 }, "geometry": { "type": "Point", "coordinates": [ -8039338.528215000405908, 5616937.8859160002321 ] } },
{ "type": "Feature", "properties": { "Type": "Start", "ID": 5070, "OUT_ID": 5262.0, "catchment_area": null }, "geometry": { "type": "Point", "coordinates": [ -8603341.534564999863505, 5620178.521369 ] } },
{ "type": "Feature", "properties": { "Type": "End", "ID": 5070, "OUT_ID": 5262.0, "catchment_area": 11241007417.738508 }, "geometry": { "type": "Point", "coordinates": [ -8634807.121537, 5585597.43363600037992 ] } },
{ "type": "Feature", "properties": { "Type": "Start", "ID": 5074, "OUT_ID": 4690.0, "catchment_area": null }, "geometry": { "type": "Point", "coordinates": [ -10875038.196167, 5640971.299697999842465 ] } },
{ "type": "Feature", "properties": { "Type": "End", "ID": 5074, "OUT_ID": 4690.0, "catchment_area": 50966509360.037697 }, "geometry": { "type": "Point", "coordinates": [ -10724170.606879, 5721406.060182999819517 ] } },
{ "type": "Feature", "properties": { "Type": "Start", "ID": 5075, "OUT_ID": 5073.0, "catchment_area": null }, "geometry": { "type": "Point", "coordinates": [ -11434166.81379, 5620178.521369 ] } },
{ "type": "Feature", "properties": { "Type": "End", "ID": 5075, "OUT_ID": 5073.0, "catchment_area": 248611795122.41089 }, "geometry": { "type": "Point", "coordinates": [ -10703276.972025, 5721406.060182999819517 ] } },
{ "type": "Feature", "properties": { "Type": "Start", "ID": 5076, "OUT_ID": 4118.0, "catchment_area": null }, "geometry": { "type": "Point", "coordinates": [ -11976600.320839, 5588826.672619 ] } },
{ "type": "Feature", "properties": { "Type": "End", "ID": 5076, "OUT_ID": 4118.0, "catchment_area": 1725003526648.2996 }, "geometry": { "type": "Point", "coordinates": [ -14944684.847269, 5919895.591291000135243 ] } },
{ "type": "Feature", "properties": { "Type": "Start", "ID": 5077, "OUT_ID": 4118.0, "catchment_area": null }, "geometry": { "type": "Point", "coordinates": [ -12497270.032541, 5546716.525986 ] } },
{ "type": "Feature", "properties": { "Type": "End", "ID": 5077, "OUT_ID": 4118.0, "catchment_area": 1725003526648.2996 }, "geometry": { "type": "Point", "coordinates": [ -14944684.847269, 5919895.591291000135243 ] } },
{ "type": "Feature", "properties": { "Type": "Start", "ID": 5078, "OUT_ID": 4118.0, "catchment_area": null }, "geometry": { "type": "Point", "coordinates": [ -12992371.683222, 5493576.63102800026536 ] } },
{ "type": "Feature", "properties": { "Type": "End", "ID": 5078, "OUT_ID": 4118.0, "catchment_area": 1725003526648.2996 }, "geometry": { "type": "Point", "coordinates": [ -14944684.847269, 5919895.591291000135243 ] } },
{ "type": "Feature", "properties": { "Type": "Start", "ID": 5079, "OUT_ID": 4118.0, "catchment_area": null }, "geometry": { "type": "Point", "coordinates": [ -13459350.078687, 5429057.025948000140488 ] } },
{ "type": "Feature", "properties": { "Type": "End", "ID": 5079, "OUT_ID": 4118.0, "catchment_area": 1725003526648.2996 }, "geometry": { "type": "Point", "coordinates": [ -14944684.847269, 5919895.591291000135243 ] } },
{ "type": "Feature", "properties": { "Type": "Start", "ID": 5080, "OUT_ID": 5274.0, "catchment_area": null }, "geometry": { "type": "Point", "coordinates": [ -13896746.143238, 5352719.480653 ] } },
{ "type": "Feature", "properties": { "Type": "End", "ID": 5080, "OUT_ID": 5274.0, "catchment_area": 318131423521.43445 }, "geometry": { "type": "Point", "coordinates": [ -14380556.706227, 5084150.197154000401497 ] } },
{ "type": "Feature", "properties": { "Type": "Start", "ID": 5081, "OUT_ID": 5274.0, "catchment_area": null }, "geometry": { "type": "Point", "coordinates": [ -14303960.588397, 5264022.216567999683321 ] } },
{ "type": "Feature", "properties": { "Type": "End", "ID": 5081, "OUT_ID": 5274.0, "catchment_area": 318131423521.43445 }, "geometry": { "type": "Point", "coordinates": [ -14380556.706227, 5084150.197154000401497 ] } },
{ "type": "Feature", "properties": { "Type": "Start", "ID": 5132, "OUT_ID": 5131.0, "catchment_area": null }, "geometry": { "type": "Point", "coordinates": [ -6969394.139983000233769, 1172942.67956 ] } },
{ "type": "Feature", "properties": { "Type": "End", "ID": 5132, "OUT_ID": 5131.0, "catchment_area": 11459279406.432459 }, "geometry": { "type": "Point", "coordinates": [ -6973763.150690999813378, 1187487.296992 ] } },
{ "type": "Feature", "properties": { "Type": "Start", "ID": 5133, "OUT_ID": 5325.0, "catchment_area": null }, "geometry": { "type": "Point", "coordinates": [ -6976267.853598999790847, 912508.001462999964133 ] } },
{ "type": "Feature", "properties": { "Type": "End", "ID": 5133, "OUT_ID": 5325.0, "catchment_area": 846567908149.49133 }, "geometry": { "type": "Point", "coordinates": [ -6952869.515836999751627, 936763.678750999970362 ] } },
{ "type": "Feature", "properties": { "Type": "Start", "ID": 5134, "OUT_ID": 5325.0, "catchment_area": null }, "geometry": { "type": "Point", "coordinates": [ -6981172.977756000123918, 651896.218576999963261 ] } },
{ "type": "Feature", "properties": { "Type": "End", "ID": 5134, "OUT_ID": 5325.0, "catchment_area": 47037613563.54657 }, "geometry": { "type": "Point", "coordinates": [ -6524550.001342000439763, 759167.782496999949217 ] } },
{ "type": "Feature", "properties": { "Type": "Start", "ID": 5135, "OUT_ID": 5905.0, "catchment_area": null }, "geometry": { "type": "Point", "coordinates": [ -6984329.90389300044626, 391176.588574 ] } },
{ "type": "Feature", "properties": { "Type": "End", "ID": 5135, "OUT_ID": 5905.0, "catchment_area": 4994172237311.96 }, "geometry": { "type": "Point", "coordinates": [ -6514103.183915000408888, -358641.682160999975167 ] } },
{ "type": "Feature", "properties": { "Type": "Start", "ID": 5136, "OUT_ID": 5905.0, "catchment_area": null }, "geometry": { "type": "Point", "coordinates": [ -6985876.724953000433743, 130399.510036 ] } },
{ "type": "Feature", "properties": { "Type": "End", "ID": 5136, "OUT_ID": 5905.0, "catchment_area": 4994172237311.96 }, "geometry": { "type": "Point", "coordinates": [ -6514103.183915000408888, -358641.682160999975167 ] } },
{ "type": "Feature", "properties": { "Type": "Start", "ID": 5137, "OUT_ID": 5905.0, "catchment_area": null }, "geometry": { "type": "Point", "coordinates": [ -6985876.724953000433743, -130399.510036 ] } },
{ "type": "Feature", "properties": { "Type": "End", "ID": 5137, "OUT_ID": 5905.0, "catchment_area": 4994172237311.96 }, "geometry": { "type": "Point", "coordinates": [ -6514103.183915000408888, -358641.682160999975167 ] } },
{ "type": "Feature", "properties": { "Type": "Start", "ID": 5138, "OUT_ID": 5905.0, "catchment_area": null }, "geometry": { "type": "Point", "coordinates": [ -6984329.90389300044626, -391176.588574 ] } },
{ "type": "Feature", "properties": { "Type": "End", "ID": 5138, "OUT_ID": 5905.0, "catchment_area": 4994172237311.96 }, "geometry": { "type": "Point", "coordinates": [ -6514103.183915000408888, -358641.682160999975167 ] } },
{ "type": "Feature", "properties": { "Type": "Start", "ID": 5139, "OUT_ID": 5905.0, "catchment_area": null }, "geometry": { "type": "Point", "coordinates": [ -6981172.977756000123918, -651896.218576999963261 ] } },
{ "type": "Feature", "properties": { "Type": "End", "ID": 5139, "OUT_ID": 5905.0, "catchment_area": 4994172237311.96 }, "geometry": { "type": "Point", "coordinates": [ -6514103.183915000408888, -358641.682160999975167 ] } },
{ "type": "Feature", "properties": { "Type": "Start", "ID": 5140, "OUT_ID": 5905.0, "catchment_area": null }, "geometry": { "type": "Point", "coordinates": [ -6976267.853598999790847, -912508.001462999964133 ] } },
{ "type": "Feature", "properties": { "Type": "End", "ID": 5140, "OUT_ID": 5905.0, "catchment_area": 4994172237311.96 }, "geometry": { "type": "Point", "coordinates": [ -6514103.183915000408888, -358641.682160999975167 ] } },
{ "type": "Feature", "properties": { "Type": "Start", "ID": 5141, "OUT_ID": 5905.0, "catchment_area": null }, "geometry": { "type": "Point", "coordinates": [ -6969394.139983000233769, -1172942.67956 ] } },
{ "type": "Feature", "properties": { "Type": "End", "ID": 5141, "OUT_ID": 5905.0, "catchment_area": 4994172237311.96 }, "geometry": { "type": "Point", "coordinates": [ -6514103.183915000408888, -358641.682160999975167 ] } },
{ "type": "Feature", "properties": { "Type": "Start", "ID": 5142, "OUT_ID": 5905.0, "catchment_area": null }, "geometry": { "type": "Point", "coordinates": [ -6960230.92730600014329, -1433104.395759 ] } },
{ "type": "Feature", "properties": { "Type": "End", "ID": 5142, "OUT_ID": 5905.0, "catchment_area": 4994172237311.96 }, "geometry": { "type": "Point", "coordinates": [ -6514103.183915000408888, -358641.682160999975167 ] } },
{ "type": "Feature", "properties": { "Type": "Start", "ID": 5143, "OUT_ID": 5905.0, "catchment_area": null }, "geometry": { "type": "Point", "coordinates": [ -6948328.991326999850571, -1692862.763675 ] } },
{ "type": "Feature", "properties": { "Type": "End", "ID": 5143, "OUT_ID": 5905.0, "catchment_area": 4994172237311.96 }, "geometry": { "type": "Point", "coordinates": [ -6514103.183915000408888, -358641.682160999975167 ] } },
{ "type": "Feature", "properties": { "Type": "Start", "ID": 5144, "OUT_ID": 5905.0, "catchment_area": null }, "geometry": { "type": "Point", "coordinates": [ -6933069.698467999696732, -1952045.007672 ] } },
{ "type": "Feature", "properties": { "Type": "End", "ID": 5144, "OUT_ID": 5905.0, "catchment_area": 4994172237311.96 }, "geometry": { "type": "Point", "coordinates": [ -6514103.183915000408888, -358641.682160999975167 ] } },
{ "type": "Feature", "properties": { "Type": "Start", "ID": 5145, "OUT_ID": 5535.0, "catchment_area": null }, "geometry": { "type": "Point", "coordinates": [ -6913604.721850999630988, -2210428.788511999882758 ] } },
{ "type": "Feature", "properties": { "Type": "End", "ID": 5145, "OUT_ID": 5535.0, "catchment_area": 3322972755876.7192 }, "geometry": { "type": "Point", "coordinates": [ -6190251.843686999753118, -3649389.171573999803513 ] } },
{ "type": "Feature", "properties": { "Type": "Start", "ID": 5146, "OUT_ID": 5535.0, "catchment_area": null }, "geometry": { "type": "Point", "coordinates": [ -6888767.628022000193596, -2467737.010726000182331 ] } },
{ "type": "Feature", "properties": { "Type": "End", "ID": 5146, "OUT_ID": 5535.0, "catchment_area": 3322972755876.7192 }, "geometry": { "type": "Point", "coordinates": [ -6190251.843686999753118, -3649389.171573999803513 ] } },
{ "type": "Feature", "properties": { "Type": "Start", "ID": 5147, "OUT_ID": 5535.0, "catchment_area": null }, "geometry": { "type": "Point", "coordinates": [ -6856943.742238, -2723637.161487999837846 ] } },
{ "type": "Feature", "properties": { "Type": "End", "ID": 5147, "OUT_ID": 5535.0, "catchment_area": 3322972755876.7192 }, "geometry": { "type": "Point", "coordinates": [ -6190251.843686999753118, -3649389.171573999803513 ] } },
{ "type": "Feature", "properties": { "Type": "Start", "ID": 5148, "OUT_ID": 5535.0, "catchment_area": null }, "geometry": { "type": "Point", "coordinates": [ -6815878.270402000285685, -2977749.826314 ] } },
{ "type": "Feature", "properties": { "Type": "End", "ID": 5148, "OUT_ID": 5535.0, "catchment_area": 3322972755876.7192 }, "geometry": { "type": "Point", "coordinates": [ -6190251.843686999753118, -3649389.171573999803513 ] } },
{ "type": "Feature", "properties": { "Type": "Start", "ID": 5149, "OUT_ID": 5535.0, "catchment_area": null }, "geometry": { "type": "Point", "coordinates": [ -6762394.835521999746561, -3229674.388588999863714 ] } },
{ "type": "Feature", "properties": { "Type": "End", "ID": 5149, "OUT_ID": 5535.0, "catchment_area": 3322972755876.7192 }, "geometry": { "type": "Point", "coordinates": [ -6190251.843686999753118, -3649389.171573999803513 ] } },
{ "type": "Feature", "properties": { "Type": "Start", "ID": 5150, "OUT_ID": 5535.0, "catchment_area": null }, "geometry": { "type": "Point", "coordinates": [ -6691990.391649999655783, -3479043.489736 ] } },
{ "type": "Feature", "properties": { "Type": "End", "ID": 5150, "OUT_ID": 5535.0, "catchment_area": 3322972755876.7192 }, "geometry": { "type": "Point", "coordinates": [ -6190251.843686999753118, -3649389.171573999803513 ] } },
{ "type": "Feature", "properties": { "Type": "Start", "ID": 5151, "OUT_ID": 5344.0, "catchment_area": null }, "geometry": { "type": "Point", "coordinates": [ -6598276.716186, -3725616.523082000203431 ] } },
{ "type": "Feature", "properties": { "Type": "End", "ID": 5151, "OUT_ID": 5344.0, "catchment_area": 305799056160.2262 }, "geometry": { "type": "Point", "coordinates": [ -6305166.835381000302732, -3712070.076134 ] } },
{ "type": "Feature", "properties": { "Type": "Start", "ID": 5197, "OUT_ID": 5196.0, "catchment_area": null }, "geometry": { "type": "Point", "coordinates": [ -1056726.41842, 3162104.848183 ] } },
{ "type": "Feature", "properties": { "Type": "End", "ID": 5197, "OUT_ID": 5196.0, "catchment_area": 29139310490.64254 }, "geometry": { "type": "Point", "coordinates": [ -1092204.939454, 3172382.60806699981913 ] } },
{ "type": "Feature", "properties": { "Type": "Start", "ID": 5198, "OUT_ID": 5196.0, "catchment_area": null }, "geometry": { "type": "Point", "coordinates": [ -754356.155437999987043, 3174365.263001 ] } },
{ "type": "Feature", "properties": { "Type": "End", "ID": 5198, "OUT_ID": 5196.0, "catchment_area": 96039675025.338715 }, "geometry": { "type": "Point", "coordinates": [ -1217566.748574, 3067914.433800000231713 ] } },
{ "type": "Feature", "properties": { "Type": "Start", "ID": 5199, "OUT_ID": 3283.0, "catchment_area": null }, "geometry": { "type": "Point", "coordinates": [ -452434.543511, 3182575.822283000219613 ] } },
{ "type": "Feature", "properties": { "Type": "End", "ID": 5199, "OUT_ID": 3283.0, "catchment_area": 6603273337963.7705 }, "geometry": { "type": "Point", "coordinates": [ 589732.666245999978855, 550231.433962999959476 ] } },
{ "type": "Feature", "properties": { "Type": "Start", "ID": 5200, "OUT_ID": 3283.0, "catchment_area": null }, "geometry": { "type": "Point", "coordinates": [ -150780.733329, 3186690.852706000208855 ] } },
{ "type": "Feature", "properties": { "Type": "End", "ID": 5200, "OUT_ID": 3283.0, "catchment_area": 6603273337963.7705 }, "geometry": { "type": "Point", "coordinates": [ 589732.666245999978855, 550231.433962999959476 ] } },
{ "type": "Feature", "properties": { "Type": "Start", "ID": 5201, "OUT_ID": 3283.0, "catchment_area": null }, "geometry": { "type": "Point", "coordinates": [ 150780.733329, 3186690.852706000208855 ] } },
{ "type": "Feature", "properties": { "Type": "End", "ID": 5201, "OUT_ID": 3283.0, "catchment_area": 6603273337963.7705 }, "geometry": { "type": "Point", "coordinates": [ 589732.666245999978855, 550231.433962999959476 ] } },
{ "type": "Feature", "properties": { "Type": "Start", "ID": 5202, "OUT_ID": 5589.0, "catchment_area": null }, "geometry": { "type": "Point", "coordinates": [ 452434.543511, 3182575.822283000219613 ] } },
{ "type": "Feature", "properties": { "Type": "End", "ID": 5202, "OUT_ID": 5589.0, "catchment_area": 1332223082993.5337 }, "geometry": { "type": "Point", "coordinates": [ 1206094.894422, 3569361.670282000210136 ] } },
{ "type": "Feature", "properties": { "Type": "Start", "ID": 5203, "OUT_ID": 5589.0, "catchment_area": null }, "geometry": { "type": "Point", "coordinates": [ 754356.155437999987043, 3174365.263001 ] } },
{ "type": "Feature", "properties": { "Type": "End", "ID": 5203, "OUT_ID": 5589.0, "catchment_area": 1332223082993.5337 }, "geometry": { "type": "Point", "coordinates": [ 1206094.894422, 3569361.670282000210136 ] } },
{ "type": "Feature", "properties": { "Type": "Start", "ID": 5204, "OUT_ID": 5589.0, "catchment_area": null }, "geometry": { "type": "Point", "coordinates": [ 1056726.41842, 3162104.848183 ] } },
{ "type": "Feature", "properties": { "Type": "End", "ID": 5204, "OUT_ID": 5589.0, "catchment_area": 1332223082993.5337 }, "geometry": { "type": "Point", "coordinates": [ 1206094.894422, 3569361.670282000210136 ] } },
{ "type": "Feature", "properties": { "Type": "Start", "ID": 5205, "OUT_ID": 5398.0, "catchment_area": null }, "geometry": { "type": "Point", "coordinates": [ 1359728.973327, 3145871.691531000193208 ] } },
{ "type": "Feature", "properties": { "Type": "End", "ID": 5205, "OUT_ID": 5398.0, "catchment_area": 61007020839.959473 }, "geometry": { "type": "Point", "coordinates": [ 1738882.583184000104666, 3339531.686894 ] } },
{ "type": "Feature", "properties": { "Type": "Start", "ID": 5206, "OUT_ID": 5398.0, "catchment_area": null }, "geometry": { "type": "Point", "coordinates": [ 1663552.750819, 3125785.898665000218898 ] } },
{ "type": "Feature", "properties": { "Type": "End", "ID": 5206, "OUT_ID": 5398.0, "catchment_area": 39834637936.646172 }, "geometry": { "type": "Point", "coordinates": [ 1770223.035464, 3308191.234614000190049 ] } },
{ "type": "Feature", "properties": { "Type": "Start", "ID": 5207, "OUT_ID": 5399.0, "catchment_area": null }, "geometry": { "type": "Point", "coordinates": [ 1968396.179225, 3102027.947145000100136 ] } },
{ "type": "Feature", "properties": { "Type": "End", "ID": 5207, "OUT_ID": 5399.0, "catchment_area": 1302756364519.8501 }, "geometry": { "type": "Point", "coordinates": [ 2167202.097678999882191, 3214169.877773 ] } },
{ "type": "Feature", "properties": { "Type": "Start", "ID": 5208, "OUT_ID": 5399.0, "catchment_area": null }, "geometry": { "type": "Point", "coordinates": [ 2274474.486986999865621, 3074863.911247 ] } },
{ "type": "Feature", "properties": { "Type": "End", "ID": 5208, "OUT_ID": 5399.0, "catchment_area": 1302756364519.8501 }, "geometry": { "type": "Point", "coordinates": [ 2167202.097678999882191, 3214169.877773 ] } },
{ "type": "Feature", "properties": { "Type": "Start", "ID": 5209, "OUT_ID": 5399.0, "catchment_area": null }, "geometry": { "type": "Point", "coordinates": [ 2582032.642663000151515, 3044681.551329 ] } },
{ "type": "Feature", "properties": { "Type": "End", "ID": 5209, "OUT_ID": 5399.0, "catchment_area": 1302756364519.8501 }, "geometry": { "type": "Point", "coordinates": [ 2167202.097678999882191, 3214169.877773 ] } },
{ "type": "Feature", "properties": { "Type": "Start", "ID": 5210, "OUT_ID": 5399.0, "catchment_area": null }, "geometry": { "type": "Point", "coordinates": [ 2891368.616249000187963, 3012041.571620999835432 ] } },
{ "type": "Feature", "properties": { "Type": "End", "ID": 5210, "OUT_ID": 5399.0, "catchment_area": 1302756364519.8501 }, "geometry": { "type": "Point", "coordinates": [ 2167202.097678999882191, 3214169.877773 ] } },
{ "type": "Feature", "properties": { "Type": "Start", "ID": 5211, "OUT_ID": 5596.0, "catchment_area": null }, "geometry": { "type": "Point", "coordinates": [ 3202875.900992999784648, 2977749.826314 ] } },
{ "type": "Feature", "properties": { "Type": "End", "ID": 5211, "OUT_ID": 5596.0, "catchment_area": 3991867265229.334 }, "geometry": { "type": "Point", "coordinates": [ 3546181.998005, 3287297.599760000128299 ] } },
{ "type": "Feature", "properties": { "Type": "Start", "ID": 5212, "OUT_ID": 5596.0, "catchment_area": null }, "geometry": { "type": "Point", "coordinates": [ 3517122.31758, 2942957.183974000159651 ] } },
{ "type": "Feature", "properties": { "Type": "End", "ID": 5212, "OUT_ID": 5596.0, "catchment_area": 3991867265229.334 }, "geometry": { "type": "Point", "coordinates": [ 3546181.998005, 3287297.599760000128299 ] } },
{ "type": "Feature", "properties": { "Type": "Start", "ID": 5214, "OUT_ID": 5213.0, "catchment_area": null }, "geometry": { "type": "Point", "coordinates": [ 4157984.74102699989453, 2879010.248509 ] } },
{ "type": "Feature", "properties": { "Type": "End", "ID": 5214, "OUT_ID": 5213.0, "catchment_area": 11131871423.391533 }, "geometry": { "type": "Point", "coordinates": [ 4037182.417059999890625, 2838084.450412 ] } },
{ "type": "Feature", "properties": { "Type": "Start", "ID": 5215, "OUT_ID": 5601.0, "catchment_area": null }, "geometry": { "type": "Point", "coordinates": [ 4488646.759418999776244, 2855122.900657 ] } },
{ "type": "Feature", "properties": { "Type": "End", "ID": 5215, "OUT_ID": 5601.0, "catchment_area": 877453394549.68542 }, "geometry": { "type": "Point", "coordinates": [ 5081864.159730999730527, 3287297.599760000128299 ] } },
{ "type": "Feature", "properties": { "Type": "Start", "ID": 5216, "OUT_ID": 5601.0, "catchment_area": null }, "geometry": { "type": "Point", "coordinates": [ 4831381.334286999888718, 2841319.079 ] } },
{ "type": "Feature", "properties": { "Type": "End", "ID": 5216, "OUT_ID": 5601.0, "catchment_area": 166978071350.87299 }, "geometry": { "type": "Point", "coordinates": [ 5290800.508264999836683, 3214169.877773 ] } },
{ "type": "Feature", "properties": { "Type": "Start", "ID": 5217, "OUT_ID": 5218.0, "catchment_area": null }, "geometry": { "type": "Point", "coordinates": [ 5187372.837107, 2841319.079 ] } },
{ "type": "Feature", "properties": { "Type": "End", "ID": 5217, "OUT_ID": 5218.0, "catchment_area": 18880527022.026814 }, "geometry": { "type": "Point", "coordinates": [ 5426609.134812000207603, 2942552.624679000116885 ] } },
{ "type": "Feature", "properties": { "Type": "Start", "ID": 5220, "OUT_ID": 5219.0, "catchment_area": null }, "geometry": { "type": "Point", "coordinates": [ 6183756.890483000315726, 2909291.286237999796867 ] } },
{ "type": "Feature", "properties": { "Type": "End", "ID": 5220, "OUT_ID": 5219.0, "catchment_area": 52276141292.201408 }, "geometry": { "type": "Point", "coordinates": [ 6220567.259242, 2879871.720119 ] } },
{ "type": "Feature", "properties": { "Type": "Start", "ID": 5221, "OUT_ID": 5029.0, "catchment_area": null }, "geometry": { "type": "Point", "coordinates": [ 6501631.853814999572933, 2942957.183974000159651 ] } },
{ "type": "Feature", "properties": { "Type": "End", "ID": 5221, "OUT_ID": 5029.0, "catchment_area": 89164107381.479233 }, "geometry": { "type": "Point", "coordinates": [ 6345929.06836299970746, 2869424.902692 ] } },
{ "type": "Feature", "properties": { "Type": "Start", "ID": 5222, "OUT_ID": 5030.0, "catchment_area": null }, "geometry": { "type": "Point", "coordinates": [ 6815878.270402000285685, 2977749.826314 ] } },
{ "type": "Feature", "properties": { "Type": "End", "ID": 5222, "OUT_ID": 5030.0, "catchment_area": 183021062519.87842 }, "geometry": { "type": "Point", "coordinates": [ 7056312.653378999792039, 2712722.641291 ] } },
{ "type": "Feature", "properties": { "Type": "Start", "ID": 5223, "OUT_ID": 5030.0, "catchment_area": null }, "geometry": { "type": "Point", "coordinates": [ 7127385.555146000348032, 3012041.571620999835432 ] } },
{ "type": "Feature", "properties": { "Type": "End", "ID": 5223, "OUT_ID": 5030.0, "catchment_area": 183021062519.87842 }, "geometry": { "type": "Point", "coordinates": [ 7056312.653378999792039, 2712722.641291 ] } },
{ "type": "Feature", "properties": { "Type": "Start", "ID": 5224, "OUT_ID": 4840.0, "catchment_area": null }, "geometry": { "type": "Point", "coordinates": [ 7436721.528730999678373, 3044681.551329 ] } },
{ "type": "Feature", "properties": { "Type": "End", "ID": 5224, "OUT_ID": 4840.0, "catchment_area": 29903262451.071369 }, "geometry": { "type": "Point", "coordinates": [ 7536866.255006999708712, 2932105.807252 ] } },
{ "type": "Feature", "properties": { "Type": "Start", "ID": 5225, "OUT_ID": 4841.0, "catchment_area": null }, "geometry": { "type": "Point", "coordinates": [ 7744279.684407999739051, 3074863.911247 ] } },
{ "type": "Feature", "properties": { "Type": "End", "ID": 5225, "OUT_ID": 4841.0, "catchment_area": 842966420336.04114 }, "geometry": { "type": "Point", "coordinates": [ 7662228.064128000289202, 2838084.450412 ] } },
{ "type": "Feature", "properties": { "Type": "Start", "ID": 5226, "OUT_ID": 4841.0, "catchment_area": null }, "geometry": { "type": "Point", "coordinates": [ 8050357.992170000448823, 3102027.947145000100136 ] } },
{ "type": "Feature", "properties": { "Type": "End", "ID": 5226, "OUT_ID": 4841.0, "catchment_area": 842966420336.04114 }, "geometry": { "type": "Point", "coordinates": [ 7662228.064128000289202, 2838084.450412 ] } },
{ "type": "Feature", "properties": { "Type": "Start", "ID": 5227, "OUT_ID": 4841.0, "catchment_area": null }, "geometry": { "type": "Point", "coordinates": [ 8355201.420575000345707, 3125785.898665000218898 ] } },
{ "type": "Feature", "properties": { "Type": "End", "ID": 5227, "OUT_ID": 4841.0, "catchment_area": 842966420336.04114 }, "geometry": { "type": "Point", "coordinates": [ 7662228.064128000289202, 2838084.450412 ] } },
{ "type": "Feature", "properties": { "Type": "Start", "ID": 5228, "OUT_ID": 4848.0, "catchment_area": null }, "geometry": { "type": "Point", "coordinates": [ 8659025.198067000135779, 3145871.691531000193208 ] } },
{ "type": "Feature", "properties": { "Type": "End", "ID": 5228, "OUT_ID": 4848.0, "catchment_area": 569908162479.90759 }, "geometry": { "type": "Point", "coordinates": [ 9312825.217547999694943, 2733616.276145 ] } },
{ "type": "Feature", "properties": { "Type": "Start", "ID": 5229, "OUT_ID": 4848.0, "catchment_area": null }, "geometry": { "type": "Point", "coordinates": [ 8962027.752752000465989, 3162104.848183 ] } },
{ "type": "Feature", "properties": { "Type": "End", "ID": 5229, "OUT_ID": 4848.0, "catchment_area": 144277784526.70203 }, "geometry": { "type": "Point", "coordinates": [ 9323272.034973999485373, 2806743.998132000211626 ] } },
{ "type": "Feature", "properties": { "Type": "Start", "ID": 5230, "OUT_ID": 4848.0, "catchment_area": null }, "geometry": { "type": "Point", "coordinates": [ 9264398.016067000105977, 3174365.263001 ] } },
{ "type": "Feature", "properties": { "Type": "End", "ID": 5230, "OUT_ID": 4848.0, "catchment_area": 86326571528.457855 }, "geometry": { "type": "Point", "coordinates": [ 9385952.93953499943018, 2817190.81555899977684 ] } },
{ "type": "Feature", "properties": { "Type": "Start", "ID": 5231, "OUT_ID": 4275.0, "catchment_area": null }, "geometry": { "type": "Point", "coordinates": [ 9566319.628440000116825, 3182575.822283000219613 ] } },
{ "type": "Feature", "properties": { "Type": "End", "ID": 5231, "OUT_ID": 4275.0, "catchment_area": 842748148347.34717 }, "geometry": { "type": "Point", "coordinates": [ 10869401.014127, 1876977.247155 ] } },
{ "type": "Feature", "properties": { "Type": "Start", "ID": 5232, "OUT_ID": 4275.0, "catchment_area": null }, "geometry": { "type": "Point", "coordinates": [ 9867973.438400000333786, 3186690.852706000208855 ] } },
{ "type": "Feature", "properties": { "Type": "End", "ID": 5232, "OUT_ID": 4275.0, "catchment_area": 842748148347.34717 }, "geometry": { "type": "Point", "coordinates": [ 10869401.014127, 1876977.247155 ] } },
{ "type": "Feature", "properties": { "Type": "Start", "ID": 5233, "OUT_ID": 4849.0, "catchment_area": null }, "geometry": { "type": "Point", "coordinates": [ 10169534.904389, 3186690.852706000208855 ] } },
{ "type": "Feature", "properties": { "Type": "End", "ID": 5233, "OUT_ID": 4849.0, "catchment_area": 368770524898.43121 }, "geometry": { "type": "Point", "coordinates": [ 10190357.881391, 2817190.81555899977684 ] } },
{ "type": "Feature", "properties": { "Type": "Start", "ID": 5234, "OUT_ID": 4849.0, "catchment_area": null }, "geometry": { "type": "Point", "coordinates": [ 10471188.71435, 3182575.822283000219613 ] } },
{ "type": "Feature", "properties": { "Type": "End", "ID": 5234, "OUT_ID": 4849.0, "catchment_area": 368770524898.43121 }, "geometry": { "type": "Point", "coordinates": [ 10190357.881391, 2817190.81555899977684 ] } },
{ "type": "Feature", "properties": { "Type": "Start", "ID": 5235, "OUT_ID": 4275.0, "catchment_area": null }, "geometry": { "type": "Point", "coordinates": [ 10773110.326722, 3174365.263001 ] } },
{ "type": "Feature", "properties": { "Type": "End", "ID": 5235, "OUT_ID": 4275.0, "catchment_area": 842748148347.34717 }, "geometry": { "type": "Point", "coordinates": [ 10869401.014127, 1876977.247155 ] } },
{ "type": "Feature", "properties": { "Type": "Start", "ID": 5236, "OUT_ID": 4471.0, "catchment_area": null }, "geometry": { "type": "Point", "coordinates": [ 11075480.590038, 3162104.848183 ] } },
{ "type": "Feature", "properties": { "Type": "End", "ID": 5236, "OUT_ID": 4471.0, "catchment_area": 728046218288.67554 }, "geometry": { "type": "Point", "coordinates": [ 11726040.043117, 2305296.761649999767542 ] } },
{ "type": "Feature", "properties": { "Type": "Start", "ID": 5237, "OUT_ID": 5819.0, "catchment_area": null }, "geometry": { "type": "Point", "coordinates": [ 11378483.145835, 3145871.691531000193208 ] } },
{ "type": "Feature", "properties": { "Type": "End", "ID": 5237, "OUT_ID": 5819.0, "catchment_area": 1684404936751.2246 }, "geometry": { "type": "Point", "coordinates": [ 13397530.831391, 3569361.670282000210136 ] } },
{ "type": "Feature", "properties": { "Type": "Start", "ID": 5238, "OUT_ID": 5819.0, "catchment_area": null }, "geometry": { "type": "Point", "coordinates": [ 11682306.919987, 3125785.898665000218898 ] } },
{ "type": "Feature", "properties": { "Type": "End", "ID": 5238, "OUT_ID": 5819.0, "catchment_area": 1684404936751.2246 }, "geometry": { "type": "Point", "coordinates": [ 13397530.831391, 3569361.670282000210136 ] } },
{ "type": "Feature", "properties": { "Type": "Start", "ID": 5239, "OUT_ID": 5819.0, "catchment_area": null }, "geometry": { "type": "Point", "coordinates": [ 11987150.34728, 3102027.947145000100136 ] } },
{ "type": "Feature", "properties": { "Type": "End", "ID": 5239, "OUT_ID": 5819.0, "catchment_area": 1684404936751.2246 }, "geometry": { "type": "Point", "coordinates": [ 13397530.831391, 3569361.670282000210136 ] } },
{ "type": "Feature", "properties": { "Type": "Start", "ID": 5240, "OUT_ID": 5819.0, "catchment_area": null }, "geometry": { "type": "Point", "coordinates": [ 12293228.663947, 3074863.911247 ] } },
{ "type": "Feature", "properties": { "Type": "End", "ID": 5240, "OUT_ID": 5819.0, "catchment_area": 1684404936751.2246 }, "geometry": { "type": "Point", "coordinates": [ 13397530.831391, 3569361.670282000210136 ] } },
{ "type": "Feature", "properties": { "Type": "Start", "ID": 5241, "OUT_ID": 5819.0, "catchment_area": null }, "geometry": { "type": "Point", "coordinates": [ 12600786.817398, 3044681.551329 ] } },
{ "type": "Feature", "properties": { "Type": "End", "ID": 5241, "OUT_ID": 5819.0, "catchment_area": 1684404936751.2246 }, "geometry": { "type": "Point", "coordinates": [ 13397530.831391, 3569361.670282000210136 ] } },
{ "type": "Feature", "properties": { "Type": "Start", "ID": 5242, "OUT_ID": 5819.0, "catchment_area": null }, "geometry": { "type": "Point", "coordinates": [ 12910122.787644, 3012041.571620999835432 ] } },
{ "type": "Feature", "properties": { "Type": "End", "ID": 5242, "OUT_ID": 5819.0, "catchment_area": 1684404936751.2246 }, "geometry": { "type": "Point", "coordinates": [ 13397530.831391, 3569361.670282000210136 ] } },
{ "type": "Feature", "properties": { "Type": "Start", "ID": 5243, "OUT_ID": 5244.0, "catchment_area": null }, "geometry": { "type": "Point", "coordinates": [ 13221630.066822, 2977749.826314 ] } },
{ "type": "Feature", "properties": { "Type": "End", "ID": 5243, "OUT_ID": 5244.0, "catchment_area": 55768493111.304634 }, "geometry": { "type": "Point", "coordinates": [ 13334849.92683, 2764956.728424999862909 ] } },
{ "type": "Feature", "properties": { "Type": "Start", "ID": 5258, "OUT_ID": 5066.0, "catchment_area": null }, "geometry": { "type": "Point", "coordinates": [ -6852543.08461800031364, 5281138.135131999850273 ] } },
{ "type": "Feature", "properties": { "Type": "End", "ID": 5258, "OUT_ID": 5066.0, "catchment_area": 27065726598.049999 }, "geometry": { "type": "Point", "coordinates": [ -6827507.706717000342906, 5282639.7282619997859 ] } },
{ "type": "Feature", "properties": { "Type": "Start", "ID": 5259, "OUT_ID": 5068.0, "catchment_area": null }, "geometry": { "type": "Point", "coordinates": [ -7293811.015831000171602, 5342998.962221000343561 ] } },
{ "type": "Feature", "properties": { "Type": "End", "ID": 5259, "OUT_ID": 5068.0, "catchment_area": 34486974213.644356 }, "geometry": { "type": "Point", "coordinates": [ -7391635.847759, 5439341.989662 ] } },
{ "type": "Feature", "properties": { "Type": "Start", "ID": 5260, "OUT_ID": 5068.0, "catchment_area": null }, "geometry": { "type": "Point", "coordinates": [ -7756297.3681669998914, 5394003.525616999715567 ] } },
{ "type": "Feature", "properties": { "Type": "End", "ID": 5260, "OUT_ID": 5068.0, "catchment_area": 18989663016.373791 }, "geometry": { "type": "Point", "coordinates": [ -7736380.822839999571443, 5439341.989662 ] } },
{ "type": "Feature", "properties": { "Type": "Start", "ID": 5261, "OUT_ID": 5262.0, "catchment_area": null }, "geometry": { "type": "Point", "coordinates": [ -8237592.209347000345588, 5434455.276385 ] } },
{ "type": "Feature", "properties": { "Type": "End", "ID": 5261, "OUT_ID": 5262.0, "catchment_area": 128343929352.04355 }, "geometry": { "type": "Point", "coordinates": [ -8593019.85183, 5502022.894223 ] } },
{ "type": "Feature", "properties": { "Type": "Start", "ID": 5266, "OUT_ID": 5073.0, "catchment_area": null }, "geometry": { "type": "Point", "coordinates": [ -10794187.458921, 5484586.124292000196874 ] } },
{ "type": "Feature", "properties": { "Type": "End", "ID": 5266, "OUT_ID": 5073.0, "catchment_area": 35687470151.46109 }, "geometry": { "type": "Point", "coordinates": [ -10567468.345478, 5533363.346502999775112 ] } },
{ "type": "Feature", "properties": { "Type": "Start", "ID": 5267, "OUT_ID": 5265.0, "catchment_area": null }, "geometry": { "type": "Point", "coordinates": [ -11302956.500347, 5464591.193963999859989 ] } },
{ "type": "Feature", "properties": { "Type": "End", "ID": 5267, "OUT_ID": 5265.0, "catchment_area": 185422054395.5119 }, "geometry": { "type": "Point", "coordinates": [ -10577915.162905, 5481129.259368999861181 ] } },
{ "type": "Feature", "properties": { "Type": "Start", "ID": 5268, "OUT_ID": 4118.0, "catchment_area": null }, "geometry": { "type": "Point", "coordinates": [ -11799916.12899, 5434455.276385 ] } },
{ "type": "Feature", "properties": { "Type": "End", "ID": 5268, "OUT_ID": 4118.0, "catchment_area": 1725003526648.2996 }, "geometry": { "type": "Point", "coordinates": [ -14944684.847269, 5919895.591291000135243 ] } },
{ "type": "Feature", "properties": { "Type": "Start", "ID": 5269, "OUT_ID": 4118.0, "catchment_area": null }, "geometry": { "type": "Point", "coordinates": [ -12281210.979076, 5394003.525616999715567 ] } },
{ "type": "Feature", "properties": { "Type": "End", "ID": 5269, "OUT_ID": 4118.0, "catchment_area": 1725003526648.2996 }, "geometry": { "type": "Point", "coordinates": [ -14944684.847269, 5919895.591291000135243 ] } },
{ "type": "Feature", "properties": { "Type": "Start", "ID": 5270, "OUT_ID": 4118.0, "catchment_area": null }, "geometry": { "type": "Point", "coordinates": [ -12743697.321393, 5342998.962221000343561 ] } },
{ "type": "Feature", "properties": { "Type": "End", "ID": 5270, "OUT_ID": 4118.0, "catchment_area": 1725003526648.2996 }, "geometry": { "type": "Point", "coordinates": [ -14944684.847269, 5919895.591291000135243 ] } },
{ "type": "Feature", "properties": { "Type": "Start", "ID": 5271, "OUT_ID": 4118.0, "catchment_area": null }, "geometry": { "type": "Point", "coordinates": [ -13184965.255945, 5281138.135131999850273 ] } },
{ "type": "Feature", "properties": { "Type": "End", "ID": 5271, "OUT_ID": 4118.0, "catchment_area": 1725003526648.2996 }, "geometry": { "type": "Point", "coordinates": [ -14944684.847269, 5919895.591291000135243 ] } },
{ "type": "Feature", "properties": { "Type": "Start", "ID": 5272, "OUT_ID": 5274.0, "catchment_area": null }, "geometry": { "type": "Point", "coordinates": [ -13603279.757148, 5208044.005416999571025 ] } },
{ "type": "Feature", "properties": { "Type": "End", "ID": 5272, "OUT_ID": 5274.0, "catchment_area": 318131423521.43445 }, "geometry": { "type": "Point", "coordinates": [ -14380556.706227, 5084150.197154000401497 ] } },
{ "type": "Feature", "properties": { "Type": "Start", "ID": 5273, "OUT_ID": 5274.0, "catchment_area": null }, "geometry": { "type": "Point", "coordinates": [ -13997459.869921, 5123254.08483 ] } },
{ "type": "Feature", "properties": { "Type": "End", "ID": 5273, "OUT_ID": 5274.0, "catchment_area": 318131423521.43445 }, "geometry": { "type": "Point", "coordinates": [ -14380556.706227, 5084150.197154000401497 ] } },
{ "type": "Feature", "properties": { "Type": "Start", "ID": 5326, "OUT_ID": 5518.0, "catchment_area": null }, "geometry": { "type": "Point", "coordinates": [ -6656162.167897, 647225.512635000050068 ] } },
{ "type": "Feature", "properties": { "Type": "End", "ID": 5326, "OUT_ID": 5518.0, "catchment_area": 13969407276.412903 }, "geometry": { "type": "Point", "coordinates": [ -6524550.001342000439763, 706933.6953640000429 ] } },
{ "type": "Feature", "properties": { "Type": "Start", "ID": 5327, "OUT_ID": 5905.0, "catchment_area": null }, "geometry": { "type": "Point", "coordinates": [ -6659075.457969999872148, 388414.405793000012636 ] } },
{ "type": "Feature", "properties": { "Type": "End", "ID": 5327, "OUT_ID": 5905.0, "catchment_area": 4994172237311.96 }, "geometry": { "type": "Point", "coordinates": [ -6514103.183915000408888, -358641.682160999975167 ] } },
{ "type": "Feature", "properties": { "Type": "Start", "ID": 5328, "OUT_ID": 5905.0, "catchment_area": null }, "geometry": { "type": "Point", "coordinates": [ -6660501.976057000458241, 129483.380549 ] } },
{ "type": "Feature", "properties": { "Type": "End", "ID": 5328, "OUT_ID": 5905.0, "catchment_area": 4994172237311.96 }, "geometry": { "type": "Point", "coordinates": [ -6514103.183915000408888, -358641.682160999975167 ] } },
{ "type": "Feature", "properties": { "Type": "Start", "ID": 5329, "OUT_ID": 5905.0, "catchment_area": null }, "geometry": { "type": "Point", "coordinates": [ -6660501.976057000458241, -129483.380549 ] } },
{ "type": "Feature", "properties": { "Type": "End", "ID": 5329, "OUT_ID": 5905.0, "catchment_area": 4994172237311.96 }, "geometry": { "type": "Point", "coordinates": [ -6514103.183915000408888, -358641.682160999975167 ] } },
{ "type": "Feature", "properties": { "Type": "Start", "ID": 5330, "OUT_ID": 5905.0, "catchment_area": null }, "geometry": { "type": "Point", "coordinates": [ -6659075.457969999872148, -388414.405793000012636 ] } },
{ "type": "Feature", "properties": { "Type": "End", "ID": 5330, "OUT_ID": 5905.0, "catchment_area": 4994172237311.96 }, "geometry": { "type": "Point", "coordinates": [ -6514103.183915000408888, -358641.682160999975167 ] } },
{ "type": "Feature", "properties": { "Type": "Start", "ID": 5331, "OUT_ID": 5905.0, "catchment_area": null }, "geometry": { "type": "Point", "coordinates": [ -6656162.167897, -647225.512635000050068 ] } },
{ "type": "Feature", "properties": { "Type": "End", "ID": 5331, "OUT_ID": 5905.0, "catchment_area": 4994172237311.96 }, "geometry": { "type": "Point", "coordinates": [ -6514103.183915000408888, -358641.682160999975167 ] } },
{ "type": "Feature", "properties": { "Type": "Start", "ID": 5332, "OUT_ID": 5905.0, "catchment_area": null }, "geometry": { "type": "Point", "coordinates": [ -6651632.752588000148535, -905822.233304 ] } },
{ "type": "Feature", "properties": { "Type": "End", "ID": 5332, "OUT_ID": 5905.0, "catchment_area": 4994172237311.96 }, "geometry": { "type": "Point", "coordinates": [ -6514103.183915000408888, -358641.682160999975167 ] } },
{ "type": "Feature", "properties": { "Type": "Start", "ID": 5333, "OUT_ID": 5905.0, "catchment_area": null }, "geometry": { "type": "Point", "coordinates": [ -6645280.134414000436664, -1164086.770036 ] } },
{ "type": "Feature", "properties": { "Type": "End", "ID": 5333, "OUT_ID": 5905.0, "catchment_area": 4994172237311.96 }, "geometry": { "type": "Point", "coordinates": [ -6514103.183915000408888, -358641.682160999975167 ] } },
{ "type": "Feature", "properties": { "Type": "Start", "ID": 5334, "OUT_ID": 5905.0, "catchment_area": null }, "geometry": { "type": "Point", "coordinates": [ -6636801.772602000273764, -1421867.976083 ] } },
{ "type": "Feature", "properties": { "Type": "End", "ID": 5334, "OUT_ID": 5905.0, "catchment_area": 4994172237311.96 }, "geometry": { "type": "Point", "coordinates": [ -6514103.183915000408888, -358641.682160999975167 ] } },
{ "type": "Feature", "properties": { "Type": "Start", "ID": 5335, "OUT_ID": 5905.0, "catchment_area": null }, "geometry": { "type": "Point", "coordinates": [ -6625772.367697999812663, -1678970.59687 ] } },
{ "type": "Feature", "properties": { "Type": "End", "ID": 5335, "OUT_ID": 5905.0, "catchment_area": 4994172237311.96 }, "geometry": { "type": "Point", "coordinates": [ -6514103.183915000408888, -358641.682160999975167 ] } },
{ "type": "Feature", "properties": { "Type": "Start", "ID": 5336, "OUT_ID": 5535.0, "catchment_area": null }, "geometry": { "type": "Point", "coordinates": [ -6611602.995067999698222, -1935143.789329 ] } },
{ "type": "Feature", "properties": { "Type": "End", "ID": 5336, "OUT_ID": 5535.0, "catchment_area": 3322972755876.7192 }, "geometry": { "type": "Point", "coordinates": [ -6190251.843686999753118, -3649389.171573999803513 ] } },
{ "type": "Feature", "properties": { "Type": "Start", "ID": 5337, "OUT_ID": 5535.0, "catchment_area": null }, "geometry": { "type": "Point", "coordinates": [ -6593480.267683000303805, -2190069.250562999863178 ] } },
{ "type": "Feature", "properties": { "Type": "End", "ID": 5337, "OUT_ID": 5535.0, "catchment_area": 3322972755876.7192 }, "geometry": { "type": "Point", "coordinates": [ -6190251.843686999753118, -3649389.171573999803513 ] } },
{ "type": "Feature", "properties": { "Type": "Start", "ID": 5338, "OUT_ID": 5535.0, "catchment_area": null }, "geometry": { "type": "Point", "coordinates": [ -6570275.359152000397444, -2443349.99994 ] } },
{ "type": "Feature", "properties": { "Type": "End", "ID": 5338, "OUT_ID": 5535.0, "catchment_area": 3322972755876.7192 }, "geometry": { "type": "Point", "coordinates": [ -6190251.843686999753118, -3649389.171573999803513 ] } },
{ "type": "Feature", "properties": { "Type": "Start", "ID": 5339, "OUT_ID": 5535.0, "catchment_area": null }, "geometry": { "type": "Point", "coordinates": [ -6540406.780186000280082, -2694502.39666 ] } },
{ "type": "Feature", "properties": { "Type": "End", "ID": 5339, "OUT_ID": 5535.0, "catchment_area": 3322972755876.7192 }, "geometry": { "type": "Point", "coordinates": [ -6190251.843686999753118, -3649389.171573999803513 ] } },
{ "type": "Feature", "properties": { "Type": "Start", "ID": 5340, "OUT_ID": 5535.0, "catchment_area": null }, "geometry": { "type": "Point", "coordinates": [ -6501631.853814999572933, -2942957.183974000159651 ] } },
{ "type": "Feature", "properties": { "Type": "End", "ID": 5340, "OUT_ID": 5535.0, "catchment_area": 3322972755876.7192 }, "geometry": { "type": "Point", "coordinates": [ -6190251.843686999753118, -3649389.171573999803513 ] } },
{ "type": "Feature", "properties": { "Type": "Start", "ID": 5341, "OUT_ID": 5535.0, "catchment_area": null }, "geometry": { "type": "Point", "coordinates": [ -6450729.844455, -3188081.800557 ] } },
{ "type": "Feature", "properties": { "Type": "End", "ID": 5341, "OUT_ID": 5535.0, "catchment_area": 3322972755876.7192 }, "geometry": { "type": "Point", "coordinates": [ -6190251.843686999753118, -3649389.171573999803513 ] } },
{ "type": "Feature", "properties": { "Type": "Start", "ID": 5342, "OUT_ID": 5535.0, "catchment_area": null }, "geometry": { "type": "Point", "coordinates": [ -6383029.559182000346482, -3429247.548301000148058 ] } },
{ "type": "Feature", "properties": { "Type": "End", "ID": 5342, "OUT_ID": 5535.0, "catchment_area": 3322972755876.7192 }, "geometry": { "type": "Point", "coordinates": [ -6190251.843686999753118, -3649389.171573999803513 ] } },
{ "type": "Feature", "properties": { "Type": "Start", "ID": 5343, "OUT_ID": 5344.0, "catchment_area": null }, "geometry": { "type": "Point", "coordinates": [ -6291746.275407000444829, -3665978.074453 ] } },
{ "type": "Feature", "properties": { "Type": "End", "ID": 5343, "OUT_ID": 5344.0, "catchment_area": 305799056160.2262 }, "geometry": { "type": "Point", "coordinates": [ -6294720.017954999580979, -3712070.076134 ] } },
{ "type": "Feature", "properties": { "Type": "Start", "ID": 5390, "OUT_ID": 5582.0, "catchment_area": null }, "geometry": { "type": "Point", "coordinates": [ -773890.566028999979608, 3458760.390497 ] } },
{ "type": "Feature", "properties": { "Type": "End", "ID": 5390, "OUT_ID": 5582.0, "catchment_area": 15279039208.576612 }, "geometry": { "type": "Point", "coordinates": [ -831034.503785999957472, 3538021.218001000117511 ] } },
{ "type": "Feature", "properties": { "Type": "Start", "ID": 5391, "OUT_ID": 5584.0, "catchment_area": null }, "geometry": { "type": "Point", "coordinates": [ -464296.026766000024509, 3468183.068546 ] } },
{ "type": "Feature", "properties": { "Type": "End", "ID": 5391, "OUT_ID": 5584.0, "catchment_area": 35905742140.155037 }, "geometry": { "type": "Point", "coordinates": [ -277353.180171000014525, 3663383.027122000232339 ] } },
{ "type": "Feature", "properties": { "Type": "Start", "ID": 5392, "OUT_ID": 5584.0, "catchment_area": null }, "geometry": { "type": "Point", "coordinates": [ -154756.896222999988822, 3472903.247990999836475 ] } },
{ "type": "Feature", "properties": { "Type": "End", "ID": 5392, "OUT_ID": 5584.0, "catchment_area": 24337326739.375603 }, "geometry": { "type": "Point", "coordinates": [ -256459.545317000010982, 3663383.027122000232339 ] } },
{ "type": "Feature", "properties": { "Type": "Start", "ID": 5393, "OUT_ID": 3283.0, "catchment_area": null }, "geometry": { "type": "Point", "coordinates": [ 154756.896222999988822, 3472903.247990999836475 ] } },
{ "type": "Feature", "properties": { "Type": "End", "ID": 5393, "OUT_ID": 3283.0, "catchment_area": 6603273337963.7705 }, "geometry": { "type": "Point", "coordinates": [ 589732.666245999978855, 550231.433962999959476 ] } },
{ "type": "Feature", "properties": { "Type": "Start", "ID": 5394, "OUT_ID": 5589.0, "catchment_area": null }, "geometry": { "type": "Point", "coordinates": [ 464296.026766000024509, 3468183.068546 ] } },
{ "type": "Feature", "properties": { "Type": "End", "ID": 5394, "OUT_ID": 5589.0, "catchment_area": 1332223082993.5337 }, "geometry": { "type": "Point", "coordinates": [ 1206094.894422, 3569361.670282000210136 ] } },
{ "type": "Feature", "properties": { "Type": "Start", "ID": 5395, "OUT_ID": 5589.0, "catchment_area": null }, "geometry": { "type": "Point", "coordinates": [ 773890.566028999979608, 3458760.390497 ] } },
{ "type": "Feature", "properties": { "Type": "End", "ID": 5395, "OUT_ID": 5589.0, "catchment_area": 1332223082993.5337 }, "geometry": { "type": "Point", "coordinates": [ 1206094.894422, 3569361.670282000210136 ] } },
{ "type": "Feature", "properties": { "Type": "Start", "ID": 5396, "OUT_ID": 5589.0, "catchment_area": null }, "geometry": { "type": "Point", "coordinates": [ 1083576.21562, 3444674.585709999781102 ] } },
{ "type": "Feature", "properties": { "Type": "End", "ID": 5396, "OUT_ID": 5589.0, "catchment_area": 1332223082993.5337 }, "geometry": { "type": "Point", "coordinates": [ 1206094.894422, 3569361.670282000210136 ] } },
{ "type": "Feature", "properties": { "Type": "Start", "ID": 5397, "OUT_ID": 5589.0, "catchment_area": null }, "geometry": { "type": "Point", "coordinates": [ 1393385.620980999898165, 3425993.893487 ] } },
{ "type": "Feature", "properties": { "Type": "End", "ID": 5397, "OUT_ID": 5589.0, "catchment_area": 13423727304.678024 }, "geometry": { "type": "Point", "coordinates": [ 1394137.608103, 3443999.861161 ] } },
{ "type": "Feature", "properties": { "Type": "Start", "ID": 5400, "OUT_ID": 5399.0, "catchment_area": null }, "geometry": { "type": "Point", "coordinates": [ 2323824.938641999848187, 3343801.867844 ] } },
{ "type": "Feature", "properties": { "Type": "End", "ID": 5400, "OUT_ID": 5399.0, "catchment_area": 1302756364519.8501 }, "geometry": { "type": "Point", "coordinates": [ 2167202.097678999882191, 3214169.877773 ] } },
{ "type": "Feature", "properties": { "Type": "Start", "ID": 5401, "OUT_ID": 5399.0, "catchment_area": null }, "geometry": { "type": "Point", "coordinates": [ 2634385.596944999881089, 3308582.618483 ] } },
{ "type": "Feature", "properties": { "Type": "End", "ID": 5401, "OUT_ID": 5399.0, "catchment_area": 1302756364519.8501 }, "geometry": { "type": "Point", "coordinates": [ 2167202.097678999882191, 3214169.877773 ] } },
{ "type": "Feature", "properties": { "Type": "Start", "ID": 5402, "OUT_ID": 5594.0, "catchment_area": null }, "geometry": { "type": "Point", "coordinates": [ 2945205.054140000138432, 3270258.16671899985522 ] } },
{ "type": "Feature", "properties": { "Type": "End", "ID": 5402, "OUT_ID": 5594.0, "catchment_area": 15388175202.923588 }, "geometry": { "type": "Point", "coordinates": [ 2940266.587256, 3318638.052041000220925 ] } },
{ "type": "Feature", "properties": { "Type": "Start", "ID": 5403, "OUT_ID": 5595.0, "catchment_area": null }, "geometry": { "type": "Point", "coordinates": [ 3256359.335872999858111, 3229674.388588999863714 ] } },
{ "type": "Feature", "properties": { "Type": "End", "ID": 5403, "OUT_ID": 5595.0, "catchment_area": 15169903214.229637 }, "geometry": { "type": "Point", "coordinates": [ 3253671.110057, 3266403.964906999841332 ] } },
{ "type": "Feature", "properties": { "Type": "Start", "ID": 5404, "OUT_ID": 5596.0, "catchment_area": null }, "geometry": { "type": "Point", "coordinates": [ 3568024.326938999816775, 3188081.800557 ] } },
{ "type": "Feature", "properties": { "Type": "End", "ID": 5404, "OUT_ID": 5596.0, "catchment_area": 4001252960743.1738 }, "geometry": { "type": "Point", "coordinates": [ 3598416.085138, 3308191.234614000190049 ] } },
{ "type": "Feature", "properties": { "Type": "Start", "ID": 5405, "OUT_ID": 5213.0, "catchment_area": null }, "geometry": { "type": "Point", "coordinates": [ 3880610.091608, 3147324.597755 ] } },
{ "type": "Feature", "properties": { "Type": "End", "ID": 5405, "OUT_ID": 5213.0, "catchment_area": 51948733309.160484 }, "geometry": { "type": "Point", "coordinates": [ 3890926.973086, 3120148.520933 ] } },
{ "type": "Feature", "properties": { "Type": "Start", "ID": 5406, "OUT_ID": 5596.0, "catchment_area": null }, "geometry": { "type": "Point", "coordinates": [ 4195058.140076000243425, 3110098.259224 ] } },
{ "type": "Feature", "properties": { "Type": "End", "ID": 5406, "OUT_ID": 5596.0, "catchment_area": 193716389965.88205 }, "geometry": { "type": "Point", "coordinates": [ 3953607.877646000124514, 3433553.043734 ] } },
{ "type": "Feature", "properties": { "Type": "Start", "ID": 5407, "OUT_ID": 5601.0, "catchment_area": null }, "geometry": { "type": "Point", "coordinates": [ 4513476.053092, 3080226.432895 ] } },
{ "type": "Feature", "properties": { "Type": "End", "ID": 5407, "OUT_ID": 5601.0, "catchment_area": 877453394549.68542 }, "geometry": { "type": "Point", "coordinates": [ 5081864.159730999730527, 3287297.599760000128299 ] } },
{ "type": "Feature", "properties": { "Type": "Start", "ID": 5408, "OUT_ID": 5601.0, "catchment_area": null }, "geometry": { "type": "Point", "coordinates": [ 4840334.955741000361741, 3062700.762029999867082 ] } },
{ "type": "Feature", "properties": { "Type": "End", "ID": 5408, "OUT_ID": 5601.0, "catchment_area": 877453394549.68542 }, "geometry": { "type": "Point", "coordinates": [ 5081864.159730999730527, 3287297.599760000128299 ] } },
{ "type": "Feature", "properties": { "Type": "Start", "ID": 5409, "OUT_ID": 5601.0, "catchment_area": null }, "geometry": { "type": "Point", "coordinates": [ 5178419.215653999708593, 3062700.762029999867082 ] } },
{ "type": "Feature", "properties": { "Type": "End", "ID": 5409, "OUT_ID": 5601.0, "catchment_area": 166978071350.87299 }, "geometry": { "type": "Point", "coordinates": [ 5290800.508264999836683, 3214169.877773 ] } },
{ "type": "Feature", "properties": { "Type": "Start", "ID": 5411, "OUT_ID": 5219.0, "catchment_area": null }, "geometry": { "type": "Point", "coordinates": [ 5823696.031318999826908, 3110098.259224 ] } },
{ "type": "Feature", "properties": { "Type": "End", "ID": 5411, "OUT_ID": 5219.0, "catchment_area": 70174444365.105438 }, "geometry": { "type": "Point", "coordinates": [ 5719120.02276, 2984339.894386 ] } },
{ "type": "Feature", "properties": { "Type": "Start", "ID": 5412, "OUT_ID": 5219.0, "catchment_area": null }, "geometry": { "type": "Point", "coordinates": [ 6138144.079787, 3147324.597755 ] } },
{ "type": "Feature", "properties": { "Type": "End", "ID": 5412, "OUT_ID": 5219.0, "catchment_area": 52276141292.201408 }, "geometry": { "type": "Point", "coordinates": [ 6220567.259242, 2879871.720119 ] } },
{ "type": "Feature", "properties": { "Type": "Start", "ID": 5413, "OUT_ID": 1998.0, "catchment_area": null }, "geometry": { "type": "Point", "coordinates": [ 6450729.844455, 3188081.800557 ] } },
{ "type": "Feature", "properties": { "Type": "End", "ID": 5413, "OUT_ID": 1998.0, "catchment_area": 16582559525056.891 }, "geometry": { "type": "Point", "coordinates": [ 7578653.524713999591768, 5836321.051877000369132 ] } },
{ "type": "Feature", "properties": { "Type": "Start", "ID": 5414, "OUT_ID": 1998.0, "catchment_area": null }, "geometry": { "type": "Point", "coordinates": [ 6762394.835521999746561, 3229674.388588999863714 ] } },
{ "type": "Feature", "properties": { "Type": "End", "ID": 5414, "OUT_ID": 1998.0, "catchment_area": 16582559525056.891 }, "geometry": { "type": "Point", "coordinates": [ 7578653.524713999591768, 5836321.051877000369132 ] } },
{ "type": "Feature", "properties": { "Type": "Start", "ID": 5415, "OUT_ID": 1998.0, "catchment_area": null }, "geometry": { "type": "Point", "coordinates": [ 7073549.117255000397563, 3270258.16671899985522 ] } },
{ "type": "Feature", "properties": { "Type": "End", "ID": 5415, "OUT_ID": 1998.0, "catchment_area": 16582559525056.891 }, "geometry": { "type": "Point", "coordinates": [ 7578653.524713999591768, 5836321.051877000369132 ] } },
{ "type": "Feature", "properties": { "Type": "Start", "ID": 5416, "OUT_ID": 1998.0, "catchment_area": null }, "geometry": { "type": "Point", "coordinates": [ 7384368.574450000189245, 3308582.618483 ] } },
{ "type": "Feature", "properties": { "Type": "End", "ID": 5416, "OUT_ID": 1998.0, "catchment_area": 16582559525056.891 }, "geometry": { "type": "Point", "coordinates": [ 7578653.524713999591768, 5836321.051877000369132 ] } },
{ "type": "Feature", "properties": { "Type": "Start", "ID": 5417, "OUT_ID": 4841.0, "catchment_area": null }, "geometry": { "type": "Point", "coordinates": [ 7694929.232753000222147, 3343801.867844 ] } },
{ "type": "Feature", "properties": { "Type": "End", "ID": 5417, "OUT_ID": 4841.0, "catchment_area": 842966420336.04114 }, "geometry": { "type": "Point", "coordinates": [ 7662228.064128000289202, 2838084.450412 ] } },
{ "type": "Feature", "properties": { "Type": "Start", "ID": 5418, "OUT_ID": 4841.0, "catchment_area": null }, "geometry": { "type": "Point", "coordinates": [ 8005267.450222999788821, 3375344.867399 ] } },
{ "type": "Feature", "properties": { "Type": "End", "ID": 5418, "OUT_ID": 4841.0, "catchment_area": 842966420336.04114 }, "geometry": { "type": "Point", "coordinates": [ 7662228.064128000289202, 2838084.450412 ] } },
{ "type": "Feature", "properties": { "Type": "Start", "ID": 5419, "OUT_ID": 4841.0, "catchment_area": null }, "geometry": { "type": "Point", "coordinates": [ 8315406.612859000451863, 3402827.641671999823302 ] } },
{ "type": "Feature", "properties": { "Type": "End", "ID": 5419, "OUT_ID": 4841.0, "catchment_area": 842966420336.04114 }, "geometry": { "type": "Point", "coordinates": [ 7662228.064128000289202, 2838084.450412 ] } },
{ "type": "Feature", "properties": { "Type": "Start", "ID": 5420, "OUT_ID": 4841.0, "catchment_area": null }, "geometry": { "type": "Point", "coordinates": [ 8625368.550412999466062, 3425993.893487 ] } },
{ "type": "Feature", "properties": { "Type": "End", "ID": 5420, "OUT_ID": 4841.0, "catchment_area": 842966420336.04114 }, "geometry": { "type": "Point", "coordinates": [ 7662228.064128000289202, 2838084.450412 ] } },
{ "type": "Feature", "properties": { "Type": "Start", "ID": 5421, "OUT_ID": 4275.0, "catchment_area": null }, "geometry": { "type": "Point", "coordinates": [ 8935177.955774, 3444674.585709999781102 ] } },
{ "type": "Feature", "properties": { "Type": "End", "ID": 5421, "OUT_ID": 4275.0, "catchment_area": 842748148347.34717 }, "geometry": { "type": "Point", "coordinates": [ 10869401.014127, 1876977.247155 ] } },
{ "type": "Feature", "properties": { "Type": "Start", "ID": 5422, "OUT_ID": 4275.0, "catchment_area": null }, "geometry": { "type": "Point", "coordinates": [ 9244863.605031000450253, 3458760.390497 ] } },
{ "type": "Feature", "properties": { "Type": "End", "ID": 5422, "OUT_ID": 4275.0, "catchment_area": 842748148347.34717 }, "geometry": { "type": "Point", "coordinates": [ 10869401.014127, 1876977.247155 ] } },
{ "type": "Feature", "properties": { "Type": "Start", "ID": 5423, "OUT_ID": 4275.0, "catchment_area": null }, "geometry": { "type": "Point", "coordinates": [ 9554458.144850999116898, 3468183.068546 ] } },
{ "type": "Feature", "properties": { "Type": "End", "ID": 5423, "OUT_ID": 4275.0, "catchment_area": 842748148347.34717 }, "geometry": { "type": "Point", "coordinates": [ 10869401.014127, 1876977.247155 ] } },
{ "type": "Feature", "properties": { "Type": "Start", "ID": 5424, "OUT_ID": 4275.0, "catchment_area": null }, "geometry": { "type": "Point", "coordinates": [ 9863997.27539400011301, 3472903.247990999836475 ] } },
{ "type": "Feature", "properties": { "Type": "End", "ID": 5424, "OUT_ID": 4275.0, "catchment_area": 842748148347.34717 }, "geometry": { "type": "Point", "coordinates": [ 10869401.014127, 1876977.247155 ] } },
{ "type": "Feature", "properties": { "Type": "Start", "ID": 5425, "OUT_ID": 4275.0, "catchment_area": null }, "geometry": { "type": "Point", "coordinates": [ 10173511.067395, 3472903.247990999836475 ] } },
{ "type": "Feature", "properties": { "Type": "End", "ID": 5425, "OUT_ID": 4275.0, "catchment_area": 842748148347.34717 }, "geometry": { "type": "Point", "coordinates": [ 10869401.014127, 1876977.247155 ] } },
{ "type": "Feature", "properties": { "Type": "Start", "ID": 5426, "OUT_ID": 4275.0, "catchment_area": null }, "geometry": { "type": "Point", "coordinates": [ 10483050.197938, 3468183.068546 ] } },
{ "type": "Feature", "properties": { "Type": "End", "ID": 5426, "OUT_ID": 4275.0, "catchment_area": 842748148347.34717 }, "geometry": { "type": "Point", "coordinates": [ 10869401.014127, 1876977.247155 ] } },
{ "type": "Feature", "properties": { "Type": "Start", "ID": 5427, "OUT_ID": 4471.0, "catchment_area": null }, "geometry": { "type": "Point", "coordinates": [ 10792644.737758, 3458760.390497 ] } },
{ "type": "Feature", "properties": { "Type": "End", "ID": 5427, "OUT_ID": 4471.0, "catchment_area": 728046218288.67554 }, "geometry": { "type": "Point", "coordinates": [ 11726040.043117, 2305296.761649999767542 ] } },
{ "type": "Feature", "properties": { "Type": "Start", "ID": 5428, "OUT_ID": 4471.0, "catchment_area": null }, "geometry": { "type": "Point", "coordinates": [ 11102330.387015, 3444674.585709999781102 ] } },
{ "type": "Feature", "properties": { "Type": "End", "ID": 5428, "OUT_ID": 4471.0, "catchment_area": 728046218288.67554 }, "geometry": { "type": "Point", "coordinates": [ 11726040.043117, 2305296.761649999767542 ] } },
{ "type": "Feature", "properties": { "Type": "Start", "ID": 5429, "OUT_ID": 5819.0, "catchment_area": null }, "geometry": { "type": "Point", "coordinates": [ 11412139.792376, 3425993.893487 ] } },
{ "type": "Feature", "properties": { "Type": "End", "ID": 5429, "OUT_ID": 5819.0, "catchment_area": 1684404936751.2246 }, "geometry": { "type": "Point", "coordinates": [ 13397530.831391, 3569361.670282000210136 ] } },
{ "type": "Feature", "properties": { "Type": "Start", "ID": 5430, "OUT_ID": 5819.0, "catchment_area": null }, "geometry": { "type": "Point", "coordinates": [ 11722101.734383, 3402827.641671999823302 ] } },
{ "type": "Feature", "properties": { "Type": "End", "ID": 5430, "OUT_ID": 5819.0, "catchment_area": 1684404936751.2246 }, "geometry": { "type": "Point", "coordinates": [ 13397530.831391, 3569361.670282000210136 ] } },
{ "type": "Feature", "properties": { "Type": "Start", "ID": 5431, "OUT_ID": 5819.0, "catchment_area": null }, "geometry": { "type": "Point", "coordinates": [ 12032240.897019, 3375344.867399 ] } },
{ "type": "Feature", "properties": { "Type": "End", "ID": 5431, "OUT_ID": 5819.0, "catchment_area": 1684404936751.2246 }, "geometry": { "type": "Point", "coordinates": [ 13397530.831391, 3569361.670282000210136 ] } },
{ "type": "Feature", "properties": { "Type": "Start", "ID": 5432, "OUT_ID": 5819.0, "catchment_area": null }, "geometry": { "type": "Point", "coordinates": [ 12342579.110036, 3343801.867844 ] } },
{ "type": "Feature", "properties": { "Type": "End", "ID": 5432, "OUT_ID": 5819.0, "catchment_area": 1684404936751.2246 }, "geometry": { "type": "Point", "coordinates": [ 13397530.831391, 3569361.670282000210136 ] } },
{ "type": "Feature", "properties": { "Type": "Start", "ID": 5433, "OUT_ID": 5819.0, "catchment_area": null }, "geometry": { "type": "Point", "coordinates": [ 12653139.772792, 3308582.618483 ] } },
{ "type": "Feature", "properties": { "Type": "End", "ID": 5433, "OUT_ID": 5819.0, "catchment_area": 1684404936751.2246 }, "geometry": { "type": "Point", "coordinates": [ 13397530.831391, 3569361.670282000210136 ] } },
{ "type": "Feature", "properties": { "Type": "Start", "ID": 5434, "OUT_ID": 5819.0, "catchment_area": null }, "geometry": { "type": "Point", "coordinates": [ 12963959.219969, 3270258.16671899985522 ] } },
{ "type": "Feature", "properties": { "Type": "End", "ID": 5434, "OUT_ID": 5819.0, "catchment_area": 1684404936751.2246 }, "geometry": { "type": "Point", "coordinates": [ 13397530.831391, 3569361.670282000210136 ] } },
{ "type": "Feature", "properties": { "Type": "Start", "ID": 5435, "OUT_ID": 5819.0, "catchment_area": null }, "geometry": { "type": "Point", "coordinates": [ 13275113.505041, 3229674.388588999863714 ] } },
{ "type": "Feature", "properties": { "Type": "End", "ID": 5435, "OUT_ID": 5819.0, "catchment_area": 1684404936751.2246 }, "geometry": { "type": "Point", "coordinates": [ 13397530.831391, 3569361.670282000210136 ] } },
{ "type": "Feature", "properties": { "Type": "Start", "ID": 5436, "OUT_ID": 5628.0, "catchment_area": null }, "geometry": { "type": "Point", "coordinates": [ 13586778.501674, 3188081.800557 ] } },
{ "type": "Feature", "properties": { "Type": "End", "ID": 5436, "OUT_ID": 5628.0, "catchment_area": 24446462733.72258 }, "geometry": { "type": "Point", "coordinates": [ 13616913.997351, 3235063.512627 ] } },
{ "type": "Feature", "properties": { "Type": "Start", "ID": 5449, "OUT_ID": 5257.0, "catchment_area": null }, "geometry": { "type": "Point", "coordinates": [ -6693139.232172000221908, 5044536.580075000412762 ] } },
{ "type": "Feature", "properties": { "Type": "End", "ID": 5449, "OUT_ID": 5257.0, "catchment_area": 149188904272.31592 }, "geometry": { "type": "Point", "coordinates": [ -6670805.445316, 5105043.832008000463247 ] } },
{ "type": "Feature", "properties": { "Type": "Start", "ID": 5450, "OUT_ID": 5257.0, "catchment_area": null }, "geometry": { "type": "Point", "coordinates": [ -7092124.411802999675274, 5113829.875906 ] } },
{ "type": "Feature", "properties": { "Type": "End", "ID": 5450, "OUT_ID": 5257.0, "catchment_area": 145805688447.55966 }, "geometry": { "type": "Point", "coordinates": [ -6702145.897595999762416, 5094597.014581000432372 ] } },
{ "type": "Feature", "properties": { "Type": "Start", "ID": 5451, "OUT_ID": 5257.0, "catchment_area": null }, "geometry": { "type": "Point", "coordinates": [ -7508750.241972000338137, 5172575.128966 ] } },
{ "type": "Feature", "properties": { "Type": "End", "ID": 5451, "OUT_ID": 5257.0, "catchment_area": 145805688447.55966 }, "geometry": { "type": "Point", "coordinates": [ -6702145.897595999762416, 5094597.014581000432372 ] } },
{ "type": "Feature", "properties": { "Type": "Start", "ID": 5452, "OUT_ID": 5454.0, "catchment_area": null }, "geometry": { "type": "Point", "coordinates": [ -7941279.829155, 5221076.776483000256121 ] } },
{ "type": "Feature", "properties": { "Type": "End", "ID": 5452, "OUT_ID": 5454.0, "catchment_area": 239662643585.95886 }, "geometry": { "type": "Point", "coordinates": [ -8749722.113230999559164, 5125937.466861000284553 ] } },
{ "type": "Feature", "properties": { "Type": "Start", "ID": 5453, "OUT_ID": 5262.0, "catchment_area": null }, "geometry": { "type": "Point", "coordinates": [ -8387600.437396000139415, 5259583.799805000424385 ] } },
{ "type": "Feature", "properties": { "Type": "End", "ID": 5453, "OUT_ID": 5262.0, "catchment_area": 14951631225.535685 }, "geometry": { "type": "Point", "coordinates": [ -8488551.6775630004704, 5282639.7282619997859 ] } },
{ "type": "Feature", "properties": { "Type": "Start", "ID": 5457, "OUT_ID": 5265.0, "catchment_area": null }, "geometry": { "type": "Point", "coordinates": [ -10255193.57831, 5316856.639321000315249 ] } },
{ "type": "Feature", "properties": { "Type": "End", "ID": 5457, "OUT_ID": 5265.0, "catchment_area": 2205201901774.9932 }, "geometry": { "type": "Point", "coordinates": [ -10254063.822677, 5324426.997968999668956 ] } },
{ "type": "Feature", "properties": { "Type": "Start", "ID": 5458, "OUT_ID": 5265.0, "catchment_area": null }, "geometry": { "type": "Point", "coordinates": [ -10726336.034062, 5307351.657734000124037 ] } },
{ "type": "Feature", "properties": { "Type": "End", "ID": 5458, "OUT_ID": 5265.0, "catchment_area": 2131425969596.4375 }, "geometry": { "type": "Point", "coordinates": [ -10348085.179517, 5324426.997968999668956 ] } },
{ "type": "Feature", "properties": { "Type": "Start", "ID": 5459, "OUT_ID": 5265.0, "catchment_area": null }, "geometry": { "type": "Point", "coordinates": [ -11192311.405293, 5288293.179236999712884 ] } },
{ "type": "Feature", "properties": { "Type": "End", "ID": 5459, "OUT_ID": 5265.0, "catchment_area": 185422054395.5119 }, "geometry": { "type": "Point", "coordinates": [ -10577915.162905, 5481129.259368999861181 ] } },
{ "type": "Feature", "properties": { "Type": "Start", "ID": 5460, "OUT_ID": 5265.0, "catchment_area": null }, "geometry": { "type": "Point", "coordinates": [ -11649907.905394, 5259583.799805000424385 ] } },
{ "type": "Feature", "properties": { "Type": "End", "ID": 5460, "OUT_ID": 5265.0, "catchment_area": 2131425969596.4375 }, "geometry": { "type": "Point", "coordinates": [ -10348085.179517, 5324426.997968999668956 ] } },
{ "type": "Feature", "properties": { "Type": "Start", "ID": 5461, "OUT_ID": 5265.0, "catchment_area": null }, "geometry": { "type": "Point", "coordinates": [ -12096228.509181, 5221076.776483000256121 ] } },
{ "type": "Feature", "properties": { "Type": "End", "ID": 5461, "OUT_ID": 5265.0, "catchment_area": 2131425969596.4375 }, "geometry": { "type": "Point", "coordinates": [ -10348085.179517, 5324426.997968999668956 ] } },
{ "type": "Feature", "properties": { "Type": "Start", "ID": 5462, "OUT_ID": 4118.0, "catchment_area": null }, "geometry": { "type": "Point", "coordinates": [ -12528758.097477, 5172575.128966 ] } },
{ "type": "Feature", "properties": { "Type": "End", "ID": 5462, "OUT_ID": 4118.0, "catchment_area": 1725003526648.2996 }, "geometry": { "type": "Point", "coordinates": [ -14944684.847269, 5919895.591291000135243 ] } },
{ "type": "Feature", "properties": { "Type": "Start", "ID": 5463, "OUT_ID": 4118.0, "catchment_area": null }, "geometry": { "type": "Point", "coordinates": [ -12945383.926533, 5113829.875906 ] } },
{ "type": "Feature", "properties": { "Type": "End", "ID": 5463, "OUT_ID": 4118.0, "catchment_area": 1725003526648.2996 }, "geometry": { "type": "Point", "coordinates": [ -14944684.847269, 5919895.591291000135243 ] } },
{ "type": "Feature", "properties": { "Type": "Start", "ID": 5464, "OUT_ID": 5851.0, "catchment_area": null }, "geometry": { "type": "Point", "coordinates": [ -13344369.111731, 5044536.580075000412762 ] } },
{ "type": "Feature", "properties": { "Type": "End", "ID": 5464, "OUT_ID": 5851.0, "catchment_area": 71484076297.26915 }, "geometry": { "type": "Point", "coordinates": [ -13638832.66893, 4770745.674352999776602 ] } },
{ "type": "Feature", "properties": { "Type": "Start", "ID": 5465, "OUT_ID": 5274.0, "catchment_area": null }, "geometry": { "type": "Point", "coordinates": [ -13724282.373848, 4964328.575038 ] } },
{ "type": "Feature", "properties": { "Type": "End", "ID": 5465, "OUT_ID": 5274.0, "catchment_area": 318131423521.43445 }, "geometry": { "type": "Point", "coordinates": [ -14380556.706227, 5084150.197154000401497 ] } },
{ "type": "Feature", "properties": { "Type": "Start", "ID": 5466, "OUT_ID": 5659.0, "catchment_area": null }, "geometry": { "type": "Point", "coordinates": [ -14083888.489552, 4872763.492649000138044 ] } },
{ "type": "Feature", "properties": { "Type": "End", "ID": 5466, "OUT_ID": 5659.0, "catchment_area": 50748237371.34375 }, "geometry": { "type": "Point", "coordinates": [ -14119386.270559, 4833426.578913000412285 ] } },
{ "type": "Feature", "properties": { "Type": "Start", "ID": 5519, "OUT_ID": 5518.0, "catchment_area": null }, "geometry": { "type": "Point", "coordinates": [ -6321813.722190000116825, 385832.596926999976858 ] } },
{ "type": "Feature", "properties": { "Type": "End", "ID": 5519, "OUT_ID": 5518.0, "catchment_area": 66463820557.308266 }, "geometry": { "type": "Point", "coordinates": [ -6378294.557368, 560678.25139 ] } },
{ "type": "Feature", "properties": { "Type": "Start", "ID": 5520, "OUT_ID": 5905.0, "catchment_area": null }, "geometry": { "type": "Point", "coordinates": [ -6323046.223762, 128628.433266 ] } },
{ "type": "Feature", "properties": { "Type": "End", "ID": 5520, "OUT_ID": 5905.0, "catchment_area": 5283600894320.1396 }, "geometry": { "type": "Point", "coordinates": [ -6232039.113393999636173, -201939.42076 ] } },
{ "type": "Feature", "properties": { "Type": "Start", "ID": 5521, "OUT_ID": 5905.0, "catchment_area": null }, "geometry": { "type": "Point", "coordinates": [ -6323046.223762, -128628.433266 ] } },
{ "type": "Feature", "properties": { "Type": "End", "ID": 5521, "OUT_ID": 5905.0, "catchment_area": 5283600894320.1396 }, "geometry": { "type": "Point", "coordinates": [ -6232039.113393999636173, -201939.42076 ] } },
{ "type": "Feature", "properties": { "Type": "Start", "ID": 5522, "OUT_ID": 5905.0, "catchment_area": null }, "geometry": { "type": "Point", "coordinates": [ -6321813.722190000116825, -385832.596926999976858 ] } },
{ "type": "Feature", "properties": { "Type": "End", "ID": 5522, "OUT_ID": 5905.0, "catchment_area": 5111166023251.918 }, "geometry": { "type": "Point", "coordinates": [ -6357400.922515000216663, -306407.595027 ] } },
{ "type": "Feature", "properties": { "Type": "Start", "ID": 5523, "OUT_ID": 5905.0, "catchment_area": null }, "geometry": { "type": "Point", "coordinates": [ -6319294.498661000281572, -642856.646324999979697 ] } },
{ "type": "Feature", "properties": { "Type": "End", "ID": 5523, "OUT_ID": 5905.0, "catchment_area": 146897048391.02942 }, "geometry": { "type": "Point", "coordinates": [ -6138017.756554, -306407.595027 ] } },
{ "type": "Feature", "properties": { "Type": "Start", "ID": 5524, "OUT_ID": 5905.0, "catchment_area": null }, "geometry": { "type": "Point", "coordinates": [ -6315375.041805, -899562.944069999968633 ] } },
{ "type": "Feature", "properties": { "Type": "End", "ID": 5524, "OUT_ID": 5905.0, "catchment_area": 146897048391.02942 }, "geometry": { "type": "Point", "coordinates": [ -6138017.756554, -306407.595027 ] } },
{ "type": "Feature", "properties": { "Type": "Start", "ID": 5525, "OUT_ID": 5905.0, "catchment_area": null }, "geometry": { "type": "Point", "coordinates": [ -6309873.052594999782741, -1155785.679658999899402 ] } },
{ "type": "Feature", "properties": { "Type": "End", "ID": 5525, "OUT_ID": 5905.0, "catchment_area": 4994172237311.96 }, "geometry": { "type": "Point", "coordinates": [ -6514103.183915000408888, -358641.682160999975167 ] } },
{ "type": "Feature", "properties": { "Type": "Start", "ID": 5526, "OUT_ID": 5905.0, "catchment_area": null }, "geometry": { "type": "Point", "coordinates": [ -6302521.235124000348151, -1411318.200653 ] } },
{ "type": "Feature", "properties": { "Type": "End", "ID": 5526, "OUT_ID": 5905.0, "catchment_area": 4994172237311.96 }, "geometry": { "type": "Point", "coordinates": [ -6514103.183915000408888, -358641.682160999975167 ] } },
{ "type": "Feature", "properties": { "Type": "Start", "ID": 5527, "OUT_ID": 5535.0, "catchment_area": null }, "geometry": { "type": "Point", "coordinates": [ -6292942.09497999958694, -1665898.807108 ] } },
{ "type": "Feature", "properties": { "Type": "End", "ID": 5527, "OUT_ID": 5535.0, "catchment_area": 3322972755876.7192 }, "geometry": { "type": "Point", "coordinates": [ -6190251.843686999753118, -3649389.171573999803513 ] } },
{ "type": "Feature", "properties": { "Type": "Start", "ID": 5528, "OUT_ID": 5535.0, "catchment_area": null }, "geometry": { "type": "Point", "coordinates": [ -6280609.693210000172257, -1919194.557121 ] } },
{ "type": "Feature", "properties": { "Type": "End", "ID": 5528, "OUT_ID": 5535.0, "catchment_area": 3322972755876.7192 }, "geometry": { "type": "Point", "coordinates": [ -6190251.843686999753118, -3649389.171573999803513 ] } },
{ "type": "Feature", "properties": { "Type": "Start", "ID": 5529, "OUT_ID": 5535.0, "catchment_area": null }, "geometry": { "type": "Point", "coordinates": [ -6264791.651092000305653, -2170782.755452999845147 ] } },
{ "type": "Feature", "properties": { "Type": "End", "ID": 5529, "OUT_ID": 5535.0, "catchment_area": 3322972755876.7192 }, "geometry": { "type": "Point", "coordinates": [ -6190251.843686999753118, -3649389.171573999803513 ] } },
{ "type": "Feature", "properties": { "Type": "Start", "ID": 5530, "OUT_ID": 5535.0, "catchment_area": null }, "geometry": { "type": "Point", "coordinates": [ -6244460.262632999569178, -2420130.189355 ] } },
{ "type": "Feature", "properties": { "Type": "End", "ID": 5530, "OUT_ID": 5535.0, "catchment_area": 3322972755876.7192 }, "geometry": { "type": "Point", "coordinates": [ -6190251.843686999753118, -3649389.171573999803513 ] } },
{ "type": "Feature", "properties": { "Type": "Start", "ID": 5531, "OUT_ID": 5535.0, "catchment_area": null }, "geometry": { "type": "Point", "coordinates": [ -6218153.919617, -2666571.472413000185043 ] } },
{ "type": "Feature", "properties": { "Type": "End", "ID": 5531, "OUT_ID": 5535.0, "catchment_area": 3322972755876.7192 }, "geometry": { "type": "Point", "coordinates": [ -6190251.843686999753118, -3649389.171573999803513 ] } },
{ "type": "Feature", "properties": { "Type": "Start", "ID": 5532, "OUT_ID": 5535.0, "catchment_area": null }, "geometry": { "type": "Point", "coordinates": [ -6183756.890483000315726, -2909291.286237999796867 ] } },
{ "type": "Feature", "properties": { "Type": "End", "ID": 5532, "OUT_ID": 5535.0, "catchment_area": 3322972755876.7192 }, "geometry": { "type": "Point", "coordinates": [ -6190251.843686999753118, -3649389.171573999803513 ] } },
{ "type": "Feature", "properties": { "Type": "Start", "ID": 5533, "OUT_ID": 5535.0, "catchment_area": null }, "geometry": { "type": "Point", "coordinates": [ -6138144.079787, -3147324.597755 ] } },
{ "type": "Feature", "properties": { "Type": "End", "ID": 5533, "OUT_ID": 5535.0, "catchment_area": 3322972755876.7192 }, "geometry": { "type": "Point", "coordinates": [ -6190251.843686999753118, -3649389.171573999803513 ] } },
{ "type": "Feature", "properties": { "Type": "Start", "ID": 5534, "OUT_ID": 5535.0, "catchment_area": null }, "geometry": { "type": "Point", "coordinates": [ -6076609.431564999744296, -3379612.025452 ] } },
{ "type": "Feature", "properties": { "Type": "End", "ID": 5534, "OUT_ID": 5535.0, "catchment_area": 3322972755876.7192 }, "geometry": { "type": "Point", "coordinates": [ -6190251.843686999753118, -3649389.171573999803513 ] } },
{ "type": "Feature", "properties": { "Type": "Start", "ID": 5585, "OUT_ID": 5584.0, "catchment_area": null }, "geometry": { "type": "Point", "coordinates": [ 159874.538861, 3761078.202281 ] } },
{ "type": "Feature", "properties": { "Type": "End", "ID": 5585, "OUT_ID": 5584.0, "catchment_area": 23464238784.599796 }, "geometry": { "type": "Point", "coordinates": [ 25604.525204000001395, 3757404.38396199978888 ] } },
{ "type": "Feature", "properties": { "Type": "Start", "ID": 5586, "OUT_ID": 5778.0, "catchment_area": null }, "geometry": { "type": "Point", "coordinates": [ 479558.748488000012003, 3755696.688370999880135 ] } },
{ "type": "Feature", "properties": { "Type": "End", "ID": 5586, "OUT_ID": 5778.0, "catchment_area": 19098799010.720764 }, "geometry": { "type": "Point", "coordinates": [ 547945.396538999979384, 3809638.471096000168473 ] } },
{ "type": "Feature", "properties": { "Type": "Start", "ID": 5587, "OUT_ID": 5779.0, "catchment_area": null }, "geometry": { "type": "Point", "coordinates": [ 799031.600027999957092, 3744947.128870000131428 ] } },
{ "type": "Feature", "properties": { "Type": "End", "ID": 5587, "OUT_ID": 5779.0, "catchment_area": 10138297330856.664 }, "geometry": { "type": "Point", "coordinates": [ 809115.832207, 3820085.288523000199348 ] } },
{ "type": "Feature", "properties": { "Type": "Start", "ID": 5588, "OUT_ID": 5589.0, "catchment_area": null }, "geometry": { "type": "Point", "coordinates": [ 1118147.62785, 3728858.362729 ] } },
{ "type": "Feature", "properties": { "Type": "End", "ID": 5588, "OUT_ID": 5589.0, "catchment_area": 20735838925.925404 }, "geometry": { "type": "Point", "coordinates": [ 1174754.442142, 3746957.566536 ] } },
{ "type": "Feature", "properties": { "Type": "Start", "ID": 5597, "OUT_ID": 5596.0, "catchment_area": null }, "geometry": { "type": "Point", "coordinates": [ 3942144.739829, 3379612.025452 ] } },
{ "type": "Feature", "properties": { "Type": "End", "ID": 5597, "OUT_ID": 5596.0, "catchment_area": 80324091839.374191 }, "geometry": { "type": "Point", "coordinates": [ 3953607.877646000124514, 3381318.956601 ] } },
{ "type": "Feature", "properties": { "Type": "Start", "ID": 5598, "OUT_ID": 5596.0, "catchment_area": null }, "geometry": { "type": "Point", "coordinates": [ 4246018.103474999777973, 3333236.802408 ] } },
{ "type": "Feature", "properties": { "Type": "End", "ID": 5598, "OUT_ID": 5596.0, "catchment_area": 193716389965.88205 }, "geometry": { "type": "Point", "coordinates": [ 3953607.877646000124514, 3433553.043734 ] } },
{ "type": "Feature", "properties": { "Type": "Start", "ID": 5599, "OUT_ID": 5601.0, "catchment_area": null }, "geometry": { "type": "Point", "coordinates": [ 4548354.856285000219941, 3294949.904684000182897 ] } },
{ "type": "Feature", "properties": { "Type": "End", "ID": 5599, "OUT_ID": 5601.0, "catchment_area": 877453394549.68542 }, "geometry": { "type": "Point", "coordinates": [ 5081864.159730999730527, 3287297.599760000128299 ] } },
{ "type": "Feature", "properties": { "Type": "Start", "ID": 5600, "OUT_ID": 5601.0, "catchment_area": null }, "geometry": { "type": "Point", "coordinates": [ 4853132.167592000216246, 3271826.843971 ] } },
{ "type": "Feature", "properties": { "Type": "End", "ID": 5600, "OUT_ID": 5601.0, "catchment_area": 877453394549.68542 }, "geometry": { "type": "Point", "coordinates": [ 5081864.159730999730527, 3287297.599760000128299 ] } },
{ "type": "Feature", "properties": { "Type": "Start", "ID": 5602, "OUT_ID": 5410.0, "catchment_area": null }, "geometry": { "type": "Point", "coordinates": [ 5470399.315109999850392, 3294949.904684000182897 ] } },
{ "type": "Feature", "properties": { "Type": "End", "ID": 5602, "OUT_ID": 5410.0, "catchment_area": 33941294241.909473 }, "geometry": { "type": "Point", "coordinates": [ 5426609.134812000207603, 3287297.599760000128299 ] } },
{ "type": "Feature", "properties": { "Type": "Start", "ID": 5603, "OUT_ID": 1998.0, "catchment_area": null }, "geometry": { "type": "Point", "coordinates": [ 5772736.067919, 3333236.802408 ] } },
{ "type": "Feature", "properties": { "Type": "End", "ID": 5603, "OUT_ID": 1998.0, "catchment_area": 16582559525056.891 }, "geometry": { "type": "Point", "coordinates": [ 7578653.524713999591768, 5836321.051877000369132 ] } },
{ "type": "Feature", "properties": { "Type": "Start", "ID": 5604, "OUT_ID": 1998.0, "catchment_area": null }, "geometry": { "type": "Point", "coordinates": [ 6076609.431564999744296, 3379612.025452 ] } },
{ "type": "Feature", "properties": { "Type": "End", "ID": 5604, "OUT_ID": 1998.0, "catchment_area": 16582559525056.891 }, "geometry": { "type": "Point", "coordinates": [ 7578653.524713999591768, 5836321.051877000369132 ] } },
{ "type": "Feature", "properties": { "Type": "Start", "ID": 5605, "OUT_ID": 1998.0, "catchment_area": null }, "geometry": { "type": "Point", "coordinates": [ 6383029.559182000346482, 3429247.548301000148058 ] } },
{ "type": "Feature", "properties": { "Type": "End", "ID": 5605, "OUT_ID": 1998.0, "catchment_area": 16582559525056.891 }, "geometry": { "type": "Point", "coordinates": [ 7578653.524713999591768, 5836321.051877000369132 ] } },
{ "type": "Feature", "properties": { "Type": "Start", "ID": 5606, "OUT_ID": 1998.0, "catchment_area": null }, "geometry": { "type": "Point", "coordinates": [ 6691990.391649999655783, 3479043.489736 ] } },
{ "type": "Feature", "properties": { "Type": "End", "ID": 5606, "OUT_ID": 1998.0, "catchment_area": 16582559525056.891 }, "geometry": { "type": "Point", "coordinates": [ 7578653.524713999591768, 5836321.051877000369132 ] } },
{ "type": "Feature", "properties": { "Type": "Start", "ID": 5607, "OUT_ID": 1998.0, "catchment_area": null }, "geometry": { "type": "Point", "coordinates": [ 7003197.082599, 3527016.530284999869764 ] } },
{ "type": "Feature", "properties": { "Type": "End", "ID": 5607, "OUT_ID": 1998.0, "catchment_area": 16582559525056.891 }, "geometry": { "type": "Point", "coordinates": [ 7578653.524713999591768, 5836321.051877000369132 ] } },
{ "type": "Feature", "properties": { "Type": "Start", "ID": 5608, "OUT_ID": 1998.0, "catchment_area": null }, "geometry": { "type": "Point", "coordinates": [ 7316306.783583000302315, 3571886.681088999845088 ] } },
{ "type": "Feature", "properties": { "Type": "End", "ID": 5608, "OUT_ID": 1998.0, "catchment_area": 16582559525056.891 }, "geometry": { "type": "Point", "coordinates": [ 7578653.524713999591768, 5836321.051877000369132 ] } },
{ "type": "Feature", "properties": { "Type": "Start", "ID": 5609, "OUT_ID": 4841.0, "catchment_area": null }, "geometry": { "type": "Point", "coordinates": [ 7631001.190988999791443, 3612821.855837 ] } },
{ "type": "Feature", "properties": { "Type": "End", "ID": 5609, "OUT_ID": 4841.0, "catchment_area": 842966420336.04114 }, "geometry": { "type": "Point", "coordinates": [ 7662228.064128000289202, 2838084.450412 ] } },
{ "type": "Feature", "properties": { "Type": "Start", "ID": 5610, "OUT_ID": 4841.0, "catchment_area": null }, "geometry": { "type": "Point", "coordinates": [ 7947002.587178999558091, 3649279.941054 ] } },
{ "type": "Feature", "properties": { "Type": "End", "ID": 5610, "OUT_ID": 4841.0, "catchment_area": 842966420336.04114 }, "geometry": { "type": "Point", "coordinates": [ 7662228.064128000289202, 2838084.450412 ] } },
{ "type": "Feature", "properties": { "Type": "Start", "ID": 5611, "OUT_ID": 4841.0, "catchment_area": null }, "geometry": { "type": "Point", "coordinates": [ 8264071.747678999789059, 3680909.026164 ] } },
{ "type": "Feature", "properties": { "Type": "End", "ID": 5611, "OUT_ID": 4841.0, "catchment_area": 842966420336.04114 }, "geometry": { "type": "Point", "coordinates": [ 7662228.064128000289202, 2838084.450412 ] } },
{ "type": "Feature", "properties": { "Type": "Start", "ID": 5612, "OUT_ID": 1998.0, "catchment_area": null }, "geometry": { "type": "Point", "coordinates": [ 8582000.942526999861002, 3707482.873771000187844 ] } },
{ "type": "Feature", "properties": { "Type": "End", "ID": 5612, "OUT_ID": 1998.0, "catchment_area": 16582559525056.891 }, "geometry": { "type": "Point", "coordinates": [ 7578653.524713999591768, 5836321.051877000369132 ] } },
{ "type": "Feature", "properties": { "Type": "Start", "ID": 5613, "OUT_ID": 1998.0, "catchment_area": null }, "geometry": { "type": "Point", "coordinates": [ 8900606.543544, 3728858.362729 ] } },
{ "type": "Feature", "properties": { "Type": "End", "ID": 5613, "OUT_ID": 1998.0, "catchment_area": 16582559525056.891 }, "geometry": { "type": "Point", "coordinates": [ 7578653.524713999591768, 5836321.051877000369132 ] } },
{ "type": "Feature", "properties": { "Type": "Start", "ID": 5614, "OUT_ID": 1998.0, "catchment_area": null }, "geometry": { "type": "Point", "coordinates": [ 9219722.571143999695778, 3744947.128870000131428 ] } },
{ "type": "Feature", "properties": { "Type": "End", "ID": 5614, "OUT_ID": 1998.0, "catchment_area": 16582559525056.891 }, "geometry": { "type": "Point", "coordinates": [ 7578653.524713999591768, 5836321.051877000369132 ] } },
{ "type": "Feature", "properties": { "Type": "Start", "ID": 5615, "OUT_ID": 1998.0, "catchment_area": null }, "geometry": { "type": "Point", "coordinates": [ 9539195.423351999372244, 3755696.688370999880135 ] } },
{ "type": "Feature", "properties": { "Type": "End", "ID": 5615, "OUT_ID": 1998.0, "catchment_area": 16582559525056.891 }, "geometry": { "type": "Point", "coordinates": [ 7578653.524713999591768, 5836321.051877000369132 ] } },
{ "type": "Feature", "properties": { "Type": "Start", "ID": 5616, "OUT_ID": 1998.0, "catchment_area": null }, "geometry": { "type": "Point", "coordinates": [ 9858879.632310999557376, 3761078.202281 ] } },
{ "type": "Feature", "properties": { "Type": "End", "ID": 5616, "OUT_ID": 1998.0, "catchment_area": 16582559525056.891 }, "geometry": { "type": "Point", "coordinates": [ 7578653.524713999591768, 5836321.051877000369132 ] } },
{ "type": "Feature", "properties": { "Type": "Start", "ID": 5617, "OUT_ID": 1998.0, "catchment_area": null }, "geometry": { "type": "Point", "coordinates": [ 10178628.710478, 3761078.202281 ] } },
{ "type": "Feature", "properties": { "Type": "End", "ID": 5617, "OUT_ID": 1998.0, "catchment_area": 16582559525056.891 }, "geometry": { "type": "Point", "coordinates": [ 7578653.524713999591768, 5836321.051877000369132 ] } },
{ "type": "Feature", "properties": { "Type": "Start", "ID": 5618, "OUT_ID": 1998.0, "catchment_area": null }, "geometry": { "type": "Point", "coordinates": [ 10498312.919437, 3755696.688370999880135 ] } },
{ "type": "Feature", "properties": { "Type": "End", "ID": 5618, "OUT_ID": 1998.0, "catchment_area": 16582559525056.891 }, "geometry": { "type": "Point", "coordinates": [ 7578653.524713999591768, 5836321.051877000369132 ] } },
{ "type": "Feature", "properties": { "Type": "Start", "ID": 5619, "OUT_ID": 1998.0, "catchment_area": null }, "geometry": { "type": "Point", "coordinates": [ 10817785.771646, 3744947.128870000131428 ] } },
{ "type": "Feature", "properties": { "Type": "End", "ID": 5619, "OUT_ID": 1998.0, "catchment_area": 16582559525056.891 }, "geometry": { "type": "Point", "coordinates": [ 7578653.524713999591768, 5836321.051877000369132 ] } },
{ "type": "Feature", "properties": { "Type": "Start", "ID": 5620, "OUT_ID": 5819.0, "catchment_area": null }, "geometry": { "type": "Point", "coordinates": [ 11136901.794792, 3728858.362729 ] } },
{ "type": "Feature", "properties": { "Type": "End", "ID": 5620, "OUT_ID": 5819.0, "catchment_area": 929183855870.15198 }, "geometry": { "type": "Point", "coordinates": [ 12916977.229762, 3935000.280216 ] } },
{ "type": "Feature", "properties": { "Type": "Start", "ID": 5621, "OUT_ID": 5819.0, "catchment_area": null }, "geometry": { "type": "Point", "coordinates": [ 11455507.405828, 3707482.873771000187844 ] } },
{ "type": "Feature", "properties": { "Type": "End", "ID": 5621, "OUT_ID": 5819.0, "catchment_area": 929183855870.15198 }, "geometry": { "type": "Point", "coordinates": [ 12916977.229762, 3935000.280216 ] } },
{ "type": "Feature", "properties": { "Type": "Start", "ID": 5622, "OUT_ID": 5819.0, "catchment_area": null }, "geometry": { "type": "Point", "coordinates": [ 11773436.595111, 3680909.026164 ] } },
{ "type": "Feature", "properties": { "Type": "End", "ID": 5622, "OUT_ID": 5819.0, "catchment_area": 929183855870.15198 }, "geometry": { "type": "Point", "coordinates": [ 12916977.229762, 3935000.280216 ] } },
{ "type": "Feature", "properties": { "Type": "Start", "ID": 5623, "OUT_ID": 5819.0, "catchment_area": null }, "geometry": { "type": "Point", "coordinates": [ 12090505.752271, 3649279.941054 ] } },
{ "type": "Feature", "properties": { "Type": "End", "ID": 5623, "OUT_ID": 5819.0, "catchment_area": 929183855870.15198 }, "geometry": { "type": "Point", "coordinates": [ 12916977.229762, 3935000.280216 ] } },
{ "type": "Feature", "properties": { "Type": "Start", "ID": 5624, "OUT_ID": 5819.0, "catchment_area": null }, "geometry": { "type": "Point", "coordinates": [ 12406507.155139, 3612821.855837 ] } },
{ "type": "Feature", "properties": { "Type": "End", "ID": 5624, "OUT_ID": 5819.0, "catchment_area": 929183855870.15198 }, "geometry": { "type": "Point", "coordinates": [ 12916977.229762, 3935000.280216 ] } },
{ "type": "Feature", "properties": { "Type": "Start", "ID": 5625, "OUT_ID": 5819.0, "catchment_area": null }, "geometry": { "type": "Point", "coordinates": [ 12721201.555867, 3571886.681088999845088 ] } },
{ "type": "Feature", "properties": { "Type": "End", "ID": 5625, "OUT_ID": 5819.0, "catchment_area": 1684404936751.2246 }, "geometry": { "type": "Point", "coordinates": [ 13397530.831391, 3569361.670282000210136 ] } },
{ "type": "Feature", "properties": { "Type": "Start", "ID": 5626, "OUT_ID": 5819.0, "catchment_area": null }, "geometry": { "type": "Point", "coordinates": [ 13034311.256851, 3527016.530284999869764 ] } },
{ "type": "Feature", "properties": { "Type": "End", "ID": 5626, "OUT_ID": 5819.0, "catchment_area": 1684404936751.2246 }, "geometry": { "type": "Point", "coordinates": [ 13397530.831391, 3569361.670282000210136 ] } },
{ "type": "Feature", "properties": { "Type": "Start", "ID": 5627, "OUT_ID": 5819.0, "catchment_area": null }, "geometry": { "type": "Point", "coordinates": [ 13345517.951139, 3479043.489736 ] } },
{ "type": "Feature", "properties": { "Type": "End", "ID": 5627, "OUT_ID": 5819.0, "catchment_area": 1684404936751.2246 }, "geometry": { "type": "Point", "coordinates": [ 13397530.831391, 3569361.670282000210136 ] } },
{ "type": "Feature", "properties": { "Type": "Start", "ID": 5631, "OUT_ID": 5439.0, "catchment_area": null }, "geometry": { "type": "Point", "coordinates": [ 14567109.022114, 3294949.904684000182897 ] } },
{ "type": "Feature", "properties": { "Type": "End", "ID": 5631, "OUT_ID": 5439.0, "catchment_area": 11022735429.044556 }, "geometry": { "type": "Point", "coordinates": [ 14536233.930902, 3276850.782333999872208 ] } },
{ "type": "Feature", "properties": { "Type": "Start", "ID": 5639, "OUT_ID": 5831.0, "catchment_area": null }, "geometry": { "type": "Point", "coordinates": [ -6206141.336517999880016, 4699936.229886 ] } },
{ "type": "Feature", "properties": { "Type": "End", "ID": 5639, "OUT_ID": 5831.0, "catchment_area": 11568415400.779434 }, "geometry": { "type": "Point", "coordinates": [ -6211145.478540999814868, 4676724.31751300022006 ] } },
{ "type": "Feature", "properties": { "Type": "Start", "ID": 5642, "OUT_ID": 5833.0, "catchment_area": null }, "geometry": { "type": "Point", "coordinates": [ -7301043.240546000190079, 4924861.227876000106335 ] } },
{ "type": "Feature", "properties": { "Type": "End", "ID": 5642, "OUT_ID": 5833.0, "catchment_area": 15824719180.311491 }, "geometry": { "type": "Point", "coordinates": [ -7287167.673492000438273, 4885660.666047000326216 ] } },
{ "type": "Feature", "properties": { "Type": "Start", "ID": 5643, "OUT_ID": 5833.0, "catchment_area": null }, "geometry": { "type": "Point", "coordinates": [ -7694702.205556999891996, 4979985.368996 ] } },
{ "type": "Feature", "properties": { "Type": "End", "ID": 5643, "OUT_ID": 5833.0, "catchment_area": 1325674923332.7151 }, "geometry": { "type": "Point", "coordinates": [ -7611019.013720000162721, 4791639.309205999597907 ] } },
{ "type": "Feature", "properties": { "Type": "Start", "ID": 5644, "OUT_ID": 5454.0, "catchment_area": null }, "geometry": { "type": "Point", "coordinates": [ -8100143.910087999887764, 5025576.917387000285089 ] } },
{ "type": "Feature", "properties": { "Type": "End", "ID": 5644, "OUT_ID": 5454.0, "catchment_area": 239662643585.95886 }, "geometry": { "type": "Point", "coordinates": [ -8749722.113230999559164, 5125937.466861000284553 ] } },
{ "type": "Feature", "properties": { "Type": "Start", "ID": 5645, "OUT_ID": 5454.0, "catchment_area": null }, "geometry": { "type": "Point", "coordinates": [ -8515604.866389000788331, 5061821.740628000348806 ] } },
{ "type": "Feature", "properties": { "Type": "End", "ID": 5645, "OUT_ID": 5454.0, "catchment_area": 239662643585.95886 }, "geometry": { "type": "Point", "coordinates": [ -8749722.113230999559164, 5125937.466861000284553 ] } },
{ "type": "Feature", "properties": { "Type": "Start", "ID": 5647, "OUT_ID": 5455.0, "catchment_area": null }, "geometry": { "type": "Point", "coordinates": [ -9368565.134956000372767, 5106839.171116 ] } },
{ "type": "Feature", "properties": { "Type": "End", "ID": 5647, "OUT_ID": 5455.0, "catchment_area": 19426206993.761692 }, "geometry": { "type": "Point", "coordinates": [ -9219828.897432999685407, 5105043.832008000463247 ] } },
{ "type": "Feature", "properties": { "Type": "Start", "ID": 5648, "OUT_ID": 5456.0, "catchment_area": null }, "geometry": { "type": "Point", "coordinates": [ -9801620.979465000331402, 5115803.595261 ] } },
{ "type": "Feature", "properties": { "Type": "End", "ID": 5648, "OUT_ID": 5456.0, "catchment_area": 70720124336.840317 }, "geometry": { "type": "Point", "coordinates": [ -9804850.673327999189496, 5261746.09340799972415 ] } },
{ "type": "Feature", "properties": { "Type": "Start", "ID": 5649, "OUT_ID": 5265.0, "catchment_area": null }, "geometry": { "type": "Point", "coordinates": [ -10235887.363324, 5115803.595261 ] } },
{ "type": "Feature", "properties": { "Type": "End", "ID": 5649, "OUT_ID": 5265.0, "catchment_area": 69956172376.411484 }, "geometry": { "type": "Point", "coordinates": [ -10327191.544664, 5313980.180541999638081 ] } },
{ "type": "Feature", "properties": { "Type": "Start", "ID": 5650, "OUT_ID": 5265.0, "catchment_area": null }, "geometry": { "type": "Point", "coordinates": [ -10668943.207834, 5106839.171116 ] } },
{ "type": "Feature", "properties": { "Type": "End", "ID": 5650, "OUT_ID": 5265.0, "catchment_area": 2131425969596.4375 }, "geometry": { "type": "Point", "coordinates": [ -10348085.179517, 5324426.997968999668956 ] } },
{ "type": "Feature", "properties": { "Type": "Start", "ID": 5651, "OUT_ID": 5265.0, "catchment_area": null }, "geometry": { "type": "Point", "coordinates": [ -11098381.441625, 5088870.917487000115216 ] } },
{ "type": "Feature", "properties": { "Type": "End", "ID": 5651, "OUT_ID": 5265.0, "catchment_area": 2131425969596.4375 }, "geometry": { "type": "Point", "coordinates": [ -10348085.179517, 5324426.997968999668956 ] } },
{ "type": "Feature", "properties": { "Type": "Start", "ID": 5652, "OUT_ID": 5265.0, "catchment_area": null }, "geometry": { "type": "Point", "coordinates": [ -11521903.470834, 5061821.740628000348806 ] } },
{ "type": "Feature", "properties": { "Type": "End", "ID": 5652, "OUT_ID": 5265.0, "catchment_area": 2131425969596.4375 }, "geometry": { "type": "Point", "coordinates": [ -10348085.179517, 5324426.997968999668956 ] } },
{ "type": "Feature", "properties": { "Type": "Start", "ID": 5653, "OUT_ID": 5265.0, "catchment_area": null }, "geometry": { "type": "Point", "coordinates": [ -11937364.430475, 5025576.917387000285089 ] } },
{ "type": "Feature", "properties": { "Type": "End", "ID": 5653, "OUT_ID": 5265.0, "catchment_area": 2131425969596.4375 }, "geometry": { "type": "Point", "coordinates": [ -10348085.179517, 5324426.997968999668956 ] } },
{ "type": "Feature", "properties": { "Type": "Start", "ID": 5654, "OUT_ID": 5265.0, "catchment_area": null }, "geometry": { "type": "Point", "coordinates": [ -12342806.135006, 4979985.368996 ] } },
{ "type": "Feature", "properties": { "Type": "End", "ID": 5654, "OUT_ID": 5265.0, "catchment_area": 2131425969596.4375 }, "geometry": { "type": "Point", "coordinates": [ -10348085.179517, 5324426.997968999668956 ] } },
{ "type": "Feature", "properties": { "Type": "Start", "ID": 5655, "OUT_ID": 5265.0, "catchment_area": null }, "geometry": { "type": "Point", "coordinates": [ -12736465.105583, 4924861.227876000106335 ] } },
{ "type": "Feature", "properties": { "Type": "End", "ID": 5655, "OUT_ID": 5265.0, "catchment_area": 2131425969596.4375 }, "geometry": { "type": "Point", "coordinates": [ -10348085.179517, 5324426.997968999668956 ] } },
{ "type": "Feature", "properties": { "Type": "Start", "ID": 5656, "OUT_ID": 5851.0, "catchment_area": null }, "geometry": { "type": "Point", "coordinates": [ -13116751.800064, 4859985.375203000381589 ] } },
{ "type": "Feature", "properties": { "Type": "End", "ID": 5656, "OUT_ID": 5851.0, "catchment_area": 1184671218636.4224 }, "geometry": { "type": "Point", "coordinates": [ -13805981.747758, 4645383.86523300036788 ] } },
{ "type": "Feature", "properties": { "Type": "Start", "ID": 5657, "OUT_ID": 5851.0, "catchment_area": null }, "geometry": { "type": "Point", "coordinates": [ -13482197.947763, 4785106.04413599986583 ] } },
{ "type": "Feature", "properties": { "Type": "End", "ID": 5657, "OUT_ID": 5851.0, "catchment_area": 95057451076.215927 }, "geometry": { "type": "Point", "coordinates": [ -13617939.034077, 4676724.31751300022006 ] } },
{ "type": "Feature", "properties": { "Type": "Start", "ID": 5658, "OUT_ID": 5851.0, "catchment_area": null }, "geometry": { "type": "Point", "coordinates": [ -13831367.004045, 4699936.229886 ] } },
{ "type": "Feature", "properties": { "Type": "End", "ID": 5658, "OUT_ID": 5851.0, "catchment_area": 1189364066393.3423 }, "geometry": { "type": "Point", "coordinates": [ -13837322.200038, 4676724.31751300022006 ] } },
{ "type": "Feature", "properties": { "Type": "Start", "ID": 5711, "OUT_ID": 5710.0, "catchment_area": null }, "geometry": { "type": "Point", "coordinates": [ -5970295.745615, 383593.763301 ] } },
{ "type": "Feature", "properties": { "Type": "End", "ID": 5711, "OUT_ID": 5710.0, "catchment_area": 58606028964.326004 }, "geometry": { "type": "Point", "coordinates": [ -6023102.76486000046134, 592018.703669999958947 ] } },
{ "type": "Feature", "properties": { "Type": "Start", "ID": 5712, "OUT_ID": 5904.0, "catchment_area": null }, "geometry": { "type": "Point", "coordinates": [ -5971259.045489000156522, 127888.500618 ] } },
{ "type": "Feature", "properties": { "Type": "End", "ID": 5712, "OUT_ID": 5904.0, "catchment_area": 51839597314.813507 }, "geometry": { "type": "Point", "coordinates": [ -5741038.694338999688625, 17443.745201000001543 ] } },
{ "type": "Feature", "properties": { "Type": "Start", "ID": 5713, "OUT_ID": 5905.0, "catchment_area": null }, "geometry": { "type": "Point", "coordinates": [ -5971259.045489000156522, -127888.500618 ] } },
{ "type": "Feature", "properties": { "Type": "End", "ID": 5713, "OUT_ID": 5905.0, "catchment_area": 5532212689442.5508 }, "geometry": { "type": "Point", "coordinates": [ -5960421.860299999825656, -201939.42076 ] } },
{ "type": "Feature", "properties": { "Type": "Start", "ID": 5714, "OUT_ID": 5905.0, "catchment_area": null }, "geometry": { "type": "Point", "coordinates": [ -5970295.745615, -383593.763301 ] } },
{ "type": "Feature", "properties": { "Type": "End", "ID": 5714, "OUT_ID": 5905.0, "catchment_area": 27065726598.049999 }, "geometry": { "type": "Point", "coordinates": [ -6023102.76486000046134, -264620.32532 ] } },
{ "type": "Feature", "properties": { "Type": "Start", "ID": 5715, "OUT_ID": 5905.0, "catchment_area": null }, "geometry": { "type": "Point", "coordinates": [ -5968324.989877999760211, -639065.236065999954008 ] } },
{ "type": "Feature", "properties": { "Type": "End", "ID": 5715, "OUT_ID": 5905.0, "catchment_area": 296740768629.42719 }, "geometry": { "type": "Point", "coordinates": [ -5782825.964045999571681, -316854.412453999975696 ] } },
{ "type": "Feature", "properties": { "Type": "Start", "ID": 5716, "OUT_ID": 5905.0, "catchment_area": null }, "geometry": { "type": "Point", "coordinates": [ -5965256.786488000303507, -894126.194067999953404 ] } },
{ "type": "Feature", "properties": { "Type": "End", "ID": 5716, "OUT_ID": 5905.0, "catchment_area": 296740768629.42719 }, "geometry": { "type": "Point", "coordinates": [ -5782825.964045999571681, -316854.412453999975696 ] } },
{ "type": "Feature", "properties": { "Type": "Start", "ID": 5717, "OUT_ID": 5905.0, "catchment_area": null }, "geometry": { "type": "Point", "coordinates": [ -5960946.167411999776959, -1148566.937481 ] } },
{ "type": "Feature", "properties": { "Type": "End", "ID": 5717, "OUT_ID": 5905.0, "catchment_area": 964871326021.61304 }, "geometry": { "type": "Point", "coordinates": [ -5521655.528377999551594, -369088.499587 ] } },
{ "type": "Feature", "properties": { "Type": "Start", "ID": 5718, "OUT_ID": 5905.0, "catchment_area": null }, "geometry": { "type": "Point", "coordinates": [ -5955179.830033999867737, -1402129.342242 ] } },
{ "type": "Feature", "properties": { "Type": "End", "ID": 5718, "OUT_ID": 5905.0, "catchment_area": 964871326021.61304 }, "geometry": { "type": "Point", "coordinates": [ -5521655.528377999551594, -369088.499587 ] } },
{ "type": "Feature", "properties": { "Type": "Start", "ID": 5719, "OUT_ID": 5905.0, "catchment_area": null }, "geometry": { "type": "Point", "coordinates": [ -5947655.154544999822974, -1654488.872796 ] } },
{ "type": "Feature", "properties": { "Type": "End", "ID": 5719, "OUT_ID": 5905.0, "catchment_area": 964871326021.61304 }, "geometry": { "type": "Point", "coordinates": [ -5521655.528377999551594, -369088.499587 ] } },
{ "type": "Feature", "properties": { "Type": "Start", "ID": 5720, "OUT_ID": 5535.0, "catchment_area": null }, "geometry": { "type": "Point", "coordinates": [ -5937947.895685999654233, -1905232.927038 ] } },
{ "type": "Feature", "properties": { "Type": "End", "ID": 5720, "OUT_ID": 5535.0, "catchment_area": 3322972755876.7192 }, "geometry": { "type": "Point", "coordinates": [ -6190251.843686999753118, -3649389.171573999803513 ] } },
{ "type": "Feature", "properties": { "Type": "Start", "ID": 5721, "OUT_ID": 5535.0, "catchment_area": null }, "geometry": { "type": "Point", "coordinates": [ -5925462.219221999868751, -2153834.067290000151843 ] } },
{ "type": "Feature", "properties": { "Type": "End", "ID": 5721, "OUT_ID": 5535.0, "catchment_area": 3322972755876.7192 }, "geometry": { "type": "Point", "coordinates": [ -6190251.843686999753118, -3649389.171573999803513 ] } },
{ "type": "Feature", "properties": { "Type": "Start", "ID": 5722, "OUT_ID": 5535.0, "catchment_area": null }, "geometry": { "type": "Point", "coordinates": [ -5909351.993495999835432, -2399616.269568 ] } },
{ "type": "Feature", "properties": { "Type": "End", "ID": 5722, "OUT_ID": 5535.0, "catchment_area": 3322972755876.7192 }, "geometry": { "type": "Point", "coordinates": [ -6190251.843686999753118, -3649389.171573999803513 ] } },
{ "type": "Feature", "properties": { "Type": "Start", "ID": 5723, "OUT_ID": 5535.0, "catchment_area": null }, "geometry": { "type": "Point", "coordinates": [ -5888393.197254999540746, -2641712.150798 ] } },
{ "type": "Feature", "properties": { "Type": "End", "ID": 5723, "OUT_ID": 5535.0, "catchment_area": 3322972755876.7192 }, "geometry": { "type": "Point", "coordinates": [ -6190251.843686999753118, -3649389.171573999803513 ] } },
{ "type": "Feature", "properties": { "Type": "Start", "ID": 5724, "OUT_ID": 5535.0, "catchment_area": null }, "geometry": { "type": "Point", "coordinates": [ -5860769.430367999710143, -2879010.248509 ] } },
{ "type": "Feature", "properties": { "Type": "End", "ID": 5724, "OUT_ID": 5535.0, "catchment_area": 3322972755876.7192 }, "geometry": { "type": "Point", "coordinates": [ -6190251.843686999753118, -3649389.171573999803513 ] } },
{ "type": "Feature", "properties": { "Type": "Start", "ID": 5725, "OUT_ID": 5727.0, "catchment_area": null }, "geometry": { "type": "Point", "coordinates": [ -5823696.031318999826908, -3110098.259224 ] } },
{ "type": "Feature", "properties": { "Type": "End", "ID": 5725, "OUT_ID": 5727.0, "catchment_area": 128016521369.00262 }, "geometry": { "type": "Point", "coordinates": [ -5699251.42463199980557, -3325537.831346 ] } },
{ "type": "Feature", "properties": { "Type": "Start", "ID": 5726, "OUT_ID": 5727.0, "catchment_area": null }, "geometry": { "type": "Point", "coordinates": [ -5772736.067919, -3333236.802408 ] } },
{ "type": "Feature", "properties": { "Type": "End", "ID": 5726, "OUT_ID": 5727.0, "catchment_area": 128016521369.00262 }, "geometry": { "type": "Point", "coordinates": [ -5699251.42463199980557, -3325537.831346 ] } },
{ "type": "Feature", "properties": { "Type": "Start", "ID": 5774, "OUT_ID": 5773.0, "catchment_area": null }, "geometry": { "type": "Point", "coordinates": [ -831739.912041999981739, 4032840.571229999884963 ] } },
{ "type": "Feature", "properties": { "Type": "End", "ID": 5774, "OUT_ID": 5773.0, "catchment_area": 80105819850.680237 }, "geometry": { "type": "Point", "coordinates": [ -1029524.034894, 3955893.915070000104606 ] } },
{ "type": "Feature", "properties": { "Type": "Start", "ID": 5775, "OUT_ID": 5773.0, "catchment_area": null }, "geometry": { "type": "Point", "coordinates": [ -499413.774129000026733, 4045025.979933000169694 ] } },
{ "type": "Feature", "properties": { "Type": "End", "ID": 5775, "OUT_ID": 5773.0, "catchment_area": 80105819850.680237 }, "geometry": { "type": "Point", "coordinates": [ -1029524.034894, 3955893.915070000104606 ] } },
{ "type": "Feature", "properties": { "Type": "Start", "ID": 5776, "OUT_ID": 5777.0, "catchment_area": null }, "geometry": { "type": "Point", "coordinates": [ -166532.691411, 4051121.792700000107288 ] } },
{ "type": "Feature", "properties": { "Type": "End", "ID": 5776, "OUT_ID": 5777.0, "catchment_area": 31322030377.582054 }, "geometry": { "type": "Point", "coordinates": [ -16182.744503, 4029021.637056999839842 ] } },
{ "type": "Feature", "properties": { "Type": "Start", "ID": 5782, "OUT_ID": 5590.0, "catchment_area": null }, "geometry": { "type": "Point", "coordinates": [ 1821570.870414, 3959970.528684999793768 ] } },
{ "type": "Feature", "properties": { "Type": "End", "ID": 5782, "OUT_ID": 5590.0, "catchment_area": 441127689150.4762 }, "geometry": { "type": "Point", "coordinates": [ 1843350.757451, 3935000.280216 ] } },
{ "type": "Feature", "properties": { "Type": "Start", "ID": 5784, "OUT_ID": 5592.0, "catchment_area": null }, "geometry": { "type": "Point", "coordinates": [ 2471359.780075000133365, 3881866.969591999892145 ] } },
{ "type": "Feature", "properties": { "Type": "End", "ID": 5784, "OUT_ID": 5592.0, "catchment_area": 17352623101.169151 }, "geometry": { "type": "Point", "coordinates": [ 2397032.081067, 3861872.558228999841958 ] } },
{ "type": "Feature", "properties": { "Type": "Start", "ID": 5788, "OUT_ID": 5596.0, "catchment_area": null }, "geometry": { "type": "Point", "coordinates": [ 3727007.895988, 3665978.074453 ] } },
{ "type": "Feature", "properties": { "Type": "End", "ID": 5788, "OUT_ID": 5596.0, "catchment_area": 65918140585.573387 }, "geometry": { "type": "Point", "coordinates": [ 3723777.894259000197053, 3673829.844548999797553 ] } },
{ "type": "Feature", "properties": { "Type": "Start", "ID": 5789, "OUT_ID": 5596.0, "catchment_area": null }, "geometry": { "type": "Point", "coordinates": [ 4026760.217650999780744, 3605196.235272999852896 ] } },
{ "type": "Feature", "properties": { "Type": "End", "ID": 5789, "OUT_ID": 5596.0, "catchment_area": 11459279406.432459 }, "geometry": { "type": "Point", "coordinates": [ 3995395.147353, 3611148.939987999852747 ] } },
{ "type": "Feature", "properties": { "Type": "Start", "ID": 5790, "OUT_ID": 5601.0, "catchment_area": null }, "geometry": { "type": "Point", "coordinates": [ 4318200.565631000325084, 3546503.919484000187367 ] } },
{ "type": "Feature", "properties": { "Type": "End", "ID": 5790, "OUT_ID": 5601.0, "catchment_area": 877453394549.68542 }, "geometry": { "type": "Point", "coordinates": [ 5081864.159730999730527, 3287297.599760000128299 ] } },
{ "type": "Feature", "properties": { "Type": "Start", "ID": 5791, "OUT_ID": 5601.0, "catchment_area": null }, "geometry": { "type": "Point", "coordinates": [ 4599865.62629900034517, 3495600.335398000199348 ] } },
{ "type": "Feature", "properties": { "Type": "End", "ID": 5791, "OUT_ID": 5601.0, "catchment_area": 877453394549.68542 }, "geometry": { "type": "Point", "coordinates": [ 5081864.159730999730527, 3287297.599760000128299 ] } },
{ "type": "Feature", "properties": { "Type": "Start", "ID": 5792, "OUT_ID": 5601.0, "catchment_area": null }, "geometry": { "type": "Point", "coordinates": [ 4872848.322168, 3462810.866855000145733 ] } },
{ "type": "Feature", "properties": { "Type": "End", "ID": 5792, "OUT_ID": 5601.0, "catchment_area": 877453394549.68542 }, "geometry": { "type": "Point", "coordinates": [ 5081864.159730999730527, 3287297.599760000128299 ] } },
{ "type": "Feature", "properties": { "Type": "Start", "ID": 5793, "OUT_ID": 5601.0, "catchment_area": null }, "geometry": { "type": "Point", "coordinates": [ 5145905.84922599978745, 3462810.866855000145733 ] } },
{ "type": "Feature", "properties": { "Type": "End", "ID": 5793, "OUT_ID": 5601.0, "catchment_area": 57296397032.1623 }, "geometry": { "type": "Point", "coordinates": [ 5186332.333998000249267, 3381318.956601 ] } },
{ "type": "Feature", "properties": { "Type": "Start", "ID": 5794, "OUT_ID": 5601.0, "catchment_area": null }, "geometry": { "type": "Point", "coordinates": [ 5418888.545095999725163, 3495600.335398000199348 ] } },
{ "type": "Feature", "properties": { "Type": "End", "ID": 5794, "OUT_ID": 5601.0, "catchment_area": 46819341574.852623 }, "geometry": { "type": "Point", "coordinates": [ 5301247.325691999867558, 3349978.504321 ] } },
{ "type": "Feature", "properties": { "Type": "Start", "ID": 5795, "OUT_ID": 1998.0, "catchment_area": null }, "geometry": { "type": "Point", "coordinates": [ 5700553.605763000436127, 3546503.919484000187367 ] } },
{ "type": "Feature", "properties": { "Type": "End", "ID": 5795, "OUT_ID": 1998.0, "catchment_area": 16582559525056.891 }, "geometry": { "type": "Point", "coordinates": [ 7578653.524713999591768, 5836321.051877000369132 ] } },
{ "type": "Feature", "properties": { "Type": "Start", "ID": 5796, "OUT_ID": 1998.0, "catchment_area": null }, "geometry": { "type": "Point", "coordinates": [ 5991993.953743999823928, 3605196.235272999852896 ] } },
{ "type": "Feature", "properties": { "Type": "End", "ID": 5796, "OUT_ID": 1998.0, "catchment_area": 16582559525056.891 }, "geometry": { "type": "Point", "coordinates": [ 7578653.524713999591768, 5836321.051877000369132 ] } },
{ "type": "Feature", "properties": { "Type": "Start", "ID": 5797, "OUT_ID": 1998.0, "catchment_area": null }, "geometry": { "type": "Point", "coordinates": [ 6291746.275407000444829, 3665978.074453 ] } },
{ "type": "Feature", "properties": { "Type": "End", "ID": 5797, "OUT_ID": 1998.0, "catchment_area": 16582559525056.891 }, "geometry": { "type": "Point", "coordinates": [ 7578653.524713999591768, 5836321.051877000369132 ] } },
{ "type": "Feature", "properties": { "Type": "Start", "ID": 5798, "OUT_ID": 1998.0, "catchment_area": null }, "geometry": { "type": "Point", "coordinates": [ 6598276.716186, 3725616.523082000203431 ] } },
{ "type": "Feature", "properties": { "Type": "End", "ID": 5798, "OUT_ID": 1998.0, "catchment_area": 16582559525056.891 }, "geometry": { "type": "Point", "coordinates": [ 7578653.524713999591768, 5836321.051877000369132 ] } },
{ "type": "Feature", "properties": { "Type": "Start", "ID": 5799, "OUT_ID": 1998.0, "catchment_area": null }, "geometry": { "type": "Point", "coordinates": [ 6910342.751303000375628, 3782189.437483999878168 ] } },
{ "type": "Feature", "properties": { "Type": "End", "ID": 5799, "OUT_ID": 1998.0, "catchment_area": 16582559525056.891 }, "geometry": { "type": "Point", "coordinates": [ 7578653.524713999591768, 5836321.051877000369132 ] } },
{ "type": "Feature", "properties": { "Type": "Start", "ID": 5800, "OUT_ID": 1998.0, "catchment_area": null }, "geometry": { "type": "Point", "coordinates": [ 7226972.460302, 3834517.71656 ] } },
{ "type": "Feature", "properties": { "Type": "End", "ID": 5800, "OUT_ID": 1998.0, "catchment_area": 16582559525056.891 }, "geometry": { "type": "Point", "coordinates": [ 7578653.524713999591768, 5836321.051877000369132 ] } },
{ "type": "Feature", "properties": { "Type": "Start", "ID": 5801, "OUT_ID": 1998.0, "catchment_area": null }, "geometry": { "type": "Point", "coordinates": [ 7547394.391319000162184, 3881866.969591999892145 ] } },
{ "type": "Feature", "properties": { "Type": "End", "ID": 5801, "OUT_ID": 1998.0, "catchment_area": 16582559525056.891 }, "geometry": { "type": "Point", "coordinates": [ 7578653.524713999591768, 5836321.051877000369132 ] } },
{ "type": "Feature", "properties": { "Type": "Start", "ID": 5802, "OUT_ID": 1998.0, "catchment_area": null }, "geometry": { "type": "Point", "coordinates": [ 7870976.860790999606252, 3923778.941399000119418 ] } },
{ "type": "Feature", "properties": { "Type": "End", "ID": 5802, "OUT_ID": 1998.0, "catchment_area": 16582559525056.891 }, "geometry": { "type": "Point", "coordinates": [ 7578653.524713999591768, 5836321.051877000369132 ] } },
{ "type": "Feature", "properties": { "Type": "Start", "ID": 5803, "OUT_ID": 1998.0, "catchment_area": null }, "geometry": { "type": "Point", "coordinates": [ 8197183.300979999825358, 3959970.528684999793768 ] } },
{ "type": "Feature", "properties": { "Type": "End", "ID": 5803, "OUT_ID": 1998.0, "catchment_area": 16582559525056.891 }, "geometry": { "type": "Point", "coordinates": [ 7578653.524713999591768, 5836321.051877000369132 ] } },
{ "type": "Feature", "properties": { "Type": "Start", "ID": 5804, "OUT_ID": 1998.0, "catchment_area": null }, "geometry": { "type": "Point", "coordinates": [ 8525540.914632, 3990270.585644000209868 ] } },
{ "type": "Feature", "properties": { "Type": "End", "ID": 5804, "OUT_ID": 1998.0, "catchment_area": 16582559525056.891 }, "geometry": { "type": "Point", "coordinates": [ 7578653.524713999591768, 5836321.051877000369132 ] } },
{ "type": "Feature", "properties": { "Type": "Start", "ID": 5805, "OUT_ID": 1998.0, "catchment_area": null }, "geometry": { "type": "Point", "coordinates": [ 8855619.028898999094963, 4014579.138371999841183 ] } },
{ "type": "Feature", "properties": { "Type": "End", "ID": 5805, "OUT_ID": 1998.0, "catchment_area": 16582559525056.891 }, "geometry": { "type": "Point", "coordinates": [ 7578653.524713999591768, 5836321.051877000369132 ] } },
{ "type": "Feature", "properties": { "Type": "Start", "ID": 5806, "OUT_ID": 1998.0, "catchment_area": null }, "geometry": { "type": "Point", "coordinates": [ 9187014.259796999394894, 4032840.571229999884963 ] } },
{ "type": "Feature", "properties": { "Type": "End", "ID": 5806, "OUT_ID": 1998.0, "catchment_area": 16582559525056.891 }, "geometry": { "type": "Point", "coordinates": [ 7578653.524713999591768, 5836321.051877000369132 ] } },
{ "type": "Feature", "properties": { "Type": "Start", "ID": 5807, "OUT_ID": 1998.0, "catchment_area": null }, "geometry": { "type": "Point", "coordinates": [ 9519340.397710999473929, 4045025.979933000169694 ] } },
{ "type": "Feature", "properties": { "Type": "End", "ID": 5807, "OUT_ID": 1998.0, "catchment_area": 16582559525056.891 }, "geometry": { "type": "Point", "coordinates": [ 7578653.524713999591768, 5836321.051877000369132 ] } },
{ "type": "Feature", "properties": { "Type": "Start", "ID": 5808, "OUT_ID": 1998.0, "catchment_area": null }, "geometry": { "type": "Point", "coordinates": [ 9852221.479984000325203, 4051121.792700000107288 ] } },
{ "type": "Feature", "properties": { "Type": "End", "ID": 5808, "OUT_ID": 1998.0, "catchment_area": 16582559525056.891 }, "geometry": { "type": "Point", "coordinates": [ 7578653.524713999591768, 5836321.051877000369132 ] } },
{ "type": "Feature", "properties": { "Type": "Start", "ID": 5809, "OUT_ID": 1998.0, "catchment_area": null }, "geometry": { "type": "Point", "coordinates": [ 10185286.862806, 4051121.792700000107288 ] } },
{ "type": "Feature", "properties": { "Type": "End", "ID": 5809, "OUT_ID": 1998.0, "catchment_area": 16582559525056.891 }, "geometry": { "type": "Point", "coordinates": [ 7578653.524713999591768, 5836321.051877000369132 ] } },
{ "type": "Feature", "properties": { "Type": "Start", "ID": 5810, "OUT_ID": 1998.0, "catchment_area": null }, "geometry": { "type": "Point", "coordinates": [ 10518167.945078, 4045025.979933000169694 ] } },
{ "type": "Feature", "properties": { "Type": "End", "ID": 5810, "OUT_ID": 1998.0, "catchment_area": 16582559525056.891 }, "geometry": { "type": "Point", "coordinates": [ 7578653.524713999591768, 5836321.051877000369132 ] } },
{ "type": "Feature", "properties": { "Type": "Start", "ID": 5811, "OUT_ID": 285.0, "catchment_area": null }, "geometry": { "type": "Point", "coordinates": [ 10850494.082992, 4032840.571229999884963 ] } },
{ "type": "Feature", "properties": { "Type": "End", "ID": 5811, "OUT_ID": 285.0, "catchment_area": 2947108391345.7344 }, "geometry": { "type": "Point", "coordinates": [ 14661595.740022, 4321532.52500499971211 ] } },
{ "type": "Feature", "properties": { "Type": "Start", "ID": 5812, "OUT_ID": 285.0, "catchment_area": null }, "geometry": { "type": "Point", "coordinates": [ 11181889.318343, 4014579.138371999841183 ] } },
{ "type": "Feature", "properties": { "Type": "End", "ID": 5812, "OUT_ID": 285.0, "catchment_area": 2947108391345.7344 }, "geometry": { "type": "Point", "coordinates": [ 14661595.740022, 4321532.52500499971211 ] } },
{ "type": "Feature", "properties": { "Type": "Start", "ID": 5813, "OUT_ID": 5819.0, "catchment_area": null }, "geometry": { "type": "Point", "coordinates": [ 11511967.427044, 3990270.585644000209868 ] } },
{ "type": "Feature", "properties": { "Type": "End", "ID": 5813, "OUT_ID": 5819.0, "catchment_area": 929183855870.15198 }, "geometry": { "type": "Point", "coordinates": [ 12916977.229762, 3935000.280216 ] } },
{ "type": "Feature", "properties": { "Type": "Start", "ID": 5814, "OUT_ID": 5819.0, "catchment_area": null }, "geometry": { "type": "Point", "coordinates": [ 11840325.037356, 3959970.528684999793768 ] } },
{ "type": "Feature", "properties": { "Type": "End", "ID": 5814, "OUT_ID": 5819.0, "catchment_area": 929183855870.15198 }, "geometry": { "type": "Point", "coordinates": [ 12916977.229762, 3935000.280216 ] } },
{ "type": "Feature", "properties": { "Type": "Start", "ID": 5815, "OUT_ID": 5819.0, "catchment_area": null }, "geometry": { "type": "Point", "coordinates": [ 12166531.476432, 3923778.941399000119418 ] } },
{ "type": "Feature", "properties": { "Type": "End", "ID": 5815, "OUT_ID": 5819.0, "catchment_area": 929183855870.15198 }, "geometry": { "type": "Point", "coordinates": [ 12916977.229762, 3935000.280216 ] } },
{ "type": "Feature", "properties": { "Type": "Start", "ID": 5816, "OUT_ID": 5819.0, "catchment_area": null }, "geometry": { "type": "Point", "coordinates": [ 12490113.94813, 3881866.969591999892145 ] } },
{ "type": "Feature", "properties": { "Type": "End", "ID": 5816, "OUT_ID": 5819.0, "catchment_area": 929183855870.15198 }, "geometry": { "type": "Point", "coordinates": [ 12916977.229762, 3935000.280216 ] } },
{ "type": "Feature", "properties": { "Type": "Start", "ID": 5817, "OUT_ID": 5819.0, "catchment_area": null }, "geometry": { "type": "Point", "coordinates": [ 12810535.881374, 3834517.71656 ] } },
{ "type": "Feature", "properties": { "Type": "End", "ID": 5817, "OUT_ID": 5819.0, "catchment_area": 929183855870.15198 }, "geometry": { "type": "Point", "coordinates": [ 12916977.229762, 3935000.280216 ] } },
{ "type": "Feature", "properties": { "Type": "Start", "ID": 5818, "OUT_ID": 5819.0, "catchment_area": null }, "geometry": { "type": "Point", "coordinates": [ 13127165.593713, 3782189.437483999878168 ] } },
{ "type": "Feature", "properties": { "Type": "End", "ID": 5818, "OUT_ID": 5819.0, "catchment_area": 14515087248.147781 }, "geometry": { "type": "Point", "coordinates": [ 13230381.752563, 3851425.740803 ] } },
{ "type": "Feature", "properties": { "Type": "Start", "ID": 5821, "OUT_ID": 5629.0, "catchment_area": null }, "geometry": { "type": "Point", "coordinates": [ 14045514.390158, 3605196.235272999852896 ] } },
{ "type": "Feature", "properties": { "Type": "End", "ID": 5821, "OUT_ID": 5629.0, "catchment_area": 11895823383.820362 }, "geometry": { "type": "Point", "coordinates": [ 14024339.876993, 3590255.305135 ] } },
{ "type": "Feature", "properties": { "Type": "Start", "ID": 5823, "OUT_ID": 6015.0, "catchment_area": null }, "geometry": { "type": "Point", "coordinates": [ 14618619.801033, 3495600.335398000199348 ] } },
{ "type": "Feature", "properties": { "Type": "End", "ID": 5823, "OUT_ID": 6015.0, "catchment_area": 11895823383.820362 }, "geometry": { "type": "Point", "coordinates": [ 14651148.922596, 3538021.218001000117511 ] } },
{ "type": "Feature", "properties": { "Type": "Start", "ID": 5832, "OUT_ID": 6024.0, "catchment_area": null }, "geometry": { "type": "Point", "coordinates": [ -6768056.899933, 4582744.516265000216663 ] } },
{ "type": "Feature", "properties": { "Type": "End", "ID": 5832, "OUT_ID": 6024.0, "catchment_area": 13969407276.412903 }, "geometry": { "type": "Point", "coordinates": [ -6775273.619583000428975, 4551362.508391999639571 ] } },
{ "type": "Feature", "properties": { "Type": "Start", "ID": 5834, "OUT_ID": 5833.0, "catchment_area": null }, "geometry": { "type": "Point", "coordinates": [ -7482522.179936000145972, 4711305.961997999809682 ] } },
{ "type": "Feature", "properties": { "Type": "End", "ID": 5834, "OUT_ID": 5833.0, "catchment_area": 15169903214.229637 }, "geometry": { "type": "Point", "coordinates": [ -7349848.578052000142634, 4718511.587218999862671 ] } },
{ "type": "Feature", "properties": { "Type": "Start", "ID": 5835, "OUT_ID": 4353.0, "catchment_area": null }, "geometry": { "type": "Point", "coordinates": [ -7855283.16811, 4762268.587190000340343 ] } },
{ "type": "Feature", "properties": { "Type": "End", "ID": 5835, "OUT_ID": 4353.0, "catchment_area": 1136323973140.7122 }, "geometry": { "type": "Point", "coordinates": [ -7767721.275120000354946, 4718511.587218999862671 ] } },
{ "type": "Feature", "properties": { "Type": "Start", "ID": 5836, "OUT_ID": 5646.0, "catchment_area": null }, "geometry": { "type": "Point", "coordinates": [ -8236583.376461000181735, 4804513.14682099968195 ] } },
{ "type": "Feature", "properties": { "Type": "End", "ID": 5836, "OUT_ID": 5646.0, "catchment_area": 127689113385.96169 }, "geometry": { "type": "Point", "coordinates": [ -8739275.295803999528289, 4969235.205459999851882 ] } },
{ "type": "Feature", "properties": { "Type": "Start", "ID": 5837, "OUT_ID": 5646.0, "catchment_area": null }, "geometry": { "type": "Point", "coordinates": [ -8625016.658370999619365, 4838154.119087999686599 ] } },
{ "type": "Feature", "properties": { "Type": "End", "ID": 5837, "OUT_ID": 5646.0, "catchment_area": 127689113385.96169 }, "geometry": { "type": "Point", "coordinates": [ -8739275.295803999528289, 4969235.205459999851882 ] } },
{ "type": "Feature", "properties": { "Type": "Start", "ID": 5838, "OUT_ID": 5646.0, "catchment_area": null }, "geometry": { "type": "Point", "coordinates": [ -9019106.78825999982655, 4863291.10565899964422 ] } },
{ "type": "Feature", "properties": { "Type": "End", "ID": 5838, "OUT_ID": 5646.0, "catchment_area": 161630407627.87115 }, "geometry": { "type": "Point", "coordinates": [ -9021339.366325000301003, 4927447.935754000209272 ] } },
{ "type": "Feature", "properties": { "Type": "Start", "ID": 5839, "OUT_ID": 5455.0, "catchment_area": null }, "geometry": { "type": "Point", "coordinates": [ -9417303.319392999634147, 4880003.137222000397742 ] } },
{ "type": "Feature", "properties": { "Type": "End", "ID": 5839, "OUT_ID": 5455.0, "catchment_area": 163158311548.72882 }, "geometry": { "type": "Point", "coordinates": [ -9261616.167139999568462, 5063256.562300999648869 ] } },
{ "type": "Feature", "properties": { "Type": "Start", "ID": 5840, "OUT_ID": 5455.0, "catchment_area": null }, "geometry": { "type": "Point", "coordinates": [ -9817992.077965000644326, 4888344.791307999752462 ] } },
{ "type": "Feature", "properties": { "Type": "End", "ID": 5840, "OUT_ID": 5455.0, "catchment_area": 92983867183.623383 }, "geometry": { "type": "Point", "coordinates": [ -9480999.333101000636816, 4687171.134939 ] } },
{ "type": "Feature", "properties": { "Type": "Start", "ID": 5841, "OUT_ID": 5265.0, "catchment_area": null }, "geometry": { "type": "Point", "coordinates": [ -10219516.264825, 4888344.791307999752462 ] } },
{ "type": "Feature", "properties": { "Type": "End", "ID": 5841, "OUT_ID": 5265.0, "catchment_area": 2131425969596.4375 }, "geometry": { "type": "Point", "coordinates": [ -10348085.179517, 5324426.997968999668956 ] } },
{ "type": "Feature", "properties": { "Type": "Start", "ID": 5842, "OUT_ID": 5265.0, "catchment_area": null }, "geometry": { "type": "Point", "coordinates": [ -10620205.023397, 4880003.137222000397742 ] } },
{ "type": "Feature", "properties": { "Type": "End", "ID": 5842, "OUT_ID": 5265.0, "catchment_area": 2131425969596.4375 }, "geometry": { "type": "Point", "coordinates": [ -10348085.179517, 5324426.997968999668956 ] } },
{ "type": "Feature", "properties": { "Type": "Start", "ID": 5843, "OUT_ID": 5265.0, "catchment_area": null }, "geometry": { "type": "Point", "coordinates": [ -11018401.554529, 4863291.10565899964422 ] } },
{ "type": "Feature", "properties": { "Type": "End", "ID": 5843, "OUT_ID": 5265.0, "catchment_area": 2131425969596.4375 }, "geometry": { "type": "Point", "coordinates": [ -10348085.179517, 5324426.997968999668956 ] } },
{ "type": "Feature", "properties": { "Type": "Start", "ID": 5844, "OUT_ID": 5265.0, "catchment_area": null }, "geometry": { "type": "Point", "coordinates": [ -11412491.684418, 4838154.119087999686599 ] } },
{ "type": "Feature", "properties": { "Type": "End", "ID": 5844, "OUT_ID": 5265.0, "catchment_area": 2131425969596.4375 }, "geometry": { "type": "Point", "coordinates": [ -10348085.179517, 5324426.997968999668956 ] } },
{ "type": "Feature", "properties": { "Type": "Start", "ID": 5845, "OUT_ID": 5265.0, "catchment_area": null }, "geometry": { "type": "Point", "coordinates": [ -11800924.961875, 4804513.14682099968195 ] } },
{ "type": "Feature", "properties": { "Type": "End", "ID": 5845, "OUT_ID": 5265.0, "catchment_area": 2131425969596.4375 }, "geometry": { "type": "Point", "coordinates": [ -10348085.179517, 5324426.997968999668956 ] } },
{ "type": "Feature", "properties": { "Type": "Start", "ID": 5846, "OUT_ID": 5265.0, "catchment_area": null }, "geometry": { "type": "Point", "coordinates": [ -12182225.175792, 4762268.587190000340343 ] } },
{ "type": "Feature", "properties": { "Type": "End", "ID": 5846, "OUT_ID": 5265.0, "catchment_area": 2131425969596.4375 }, "geometry": { "type": "Point", "coordinates": [ -10348085.179517, 5324426.997968999668956 ] } },
{ "type": "Feature", "properties": { "Type": "Start", "ID": 5847, "OUT_ID": 5265.0, "catchment_area": null }, "geometry": { "type": "Point", "coordinates": [ -12554986.160627, 4711305.961997999809682 ] } },
{ "type": "Feature", "properties": { "Type": "End", "ID": 5847, "OUT_ID": 5265.0, "catchment_area": 2131425969596.4375 }, "geometry": { "type": "Point", "coordinates": [ -10348085.179517, 5324426.997968999668956 ] } },
{ "type": "Feature", "properties": { "Type": "Start", "ID": 5848, "OUT_ID": 5851.0, "catchment_area": null }, "geometry": { "type": "Point", "coordinates": [ -12917848.582944, 4651503.850510000251234 ] } },
{ "type": "Feature", "properties": { "Type": "End", "ID": 5848, "OUT_ID": 5851.0, "catchment_area": 1184671218636.4224 }, "geometry": { "type": "Point", "coordinates": [ -13805981.747758, 4645383.86523300036788 ] } },
{ "type": "Feature", "properties": { "Type": "Start", "ID": 5849, "OUT_ID": 5851.0, "catchment_area": null }, "geometry": { "type": "Point", "coordinates": [ -13269451.439517, 4582744.516265000216663 ] } },
{ "type": "Feature", "properties": { "Type": "End", "ID": 5849, "OUT_ID": 5851.0, "catchment_area": 1184671218636.4224 }, "geometry": { "type": "Point", "coordinates": [ -13805981.747758, 4645383.86523300036788 ] } },
{ "type": "Feature", "properties": { "Type": "Start", "ID": 5850, "OUT_ID": 5851.0, "catchment_area": null }, "geometry": { "type": "Point", "coordinates": [ -13608348.745821, 4504927.29361 ] } },
{ "type": "Feature", "properties": { "Type": "End", "ID": 5850, "OUT_ID": 5851.0, "catchment_area": 1184671218636.4224 }, "geometry": { "type": "Point", "coordinates": [ -13805981.747758, 4645383.86523300036788 ] } },
{ "type": "Feature", "properties": { "Type": "Start", "ID": 5906, "OUT_ID": 5905.0, "catchment_area": null }, "geometry": { "type": "Point", "coordinates": [ -5601765.52148099988699, -381888.124254999973346 ] } },
{ "type": "Feature", "properties": { "Type": "End", "ID": 5906, "OUT_ID": 5905.0, "catchment_area": 17461759095.516129 }, "geometry": { "type": "Point", "coordinates": [ -5573889.615512000396848, -295960.777599999972153 ] } },
{ "type": "Feature", "properties": { "Type": "Start", "ID": 5907, "OUT_ID": 5905.0, "catchment_area": null }, "geometry": { "type": "Point", "coordinates": [ -5600491.776037000119686, -636174.757039000047371 ] } },
{ "type": "Feature", "properties": { "Type": "End", "ID": 5907, "OUT_ID": 5905.0, "catchment_area": 964871326021.61304 }, "geometry": { "type": "Point", "coordinates": [ -5521655.528377999551594, -369088.499587 ] } },
{ "type": "Feature", "properties": { "Type": "Start", "ID": 5908, "OUT_ID": 5905.0, "catchment_area": null }, "geometry": { "type": "Point", "coordinates": [ -5598507.627452, -889978.15198700001929 ] } },
{ "type": "Feature", "properties": { "Type": "End", "ID": 5908, "OUT_ID": 5905.0, "catchment_area": 964871326021.61304 }, "geometry": { "type": "Point", "coordinates": [ -5521655.528377999551594, -369088.499587 ] } },
{ "type": "Feature", "properties": { "Type": "Start", "ID": 5909, "OUT_ID": 5905.0, "catchment_area": null }, "geometry": { "type": "Point", "coordinates": [ -5595718.142463999800384, -1143053.657193 ] } },
{ "type": "Feature", "properties": { "Type": "End", "ID": 5909, "OUT_ID": 5905.0, "catchment_area": 964871326021.61304 }, "geometry": { "type": "Point", "coordinates": [ -5521655.528377999551594, -369088.499587 ] } },
{ "type": "Feature", "properties": { "Type": "Start", "ID": 5910, "OUT_ID": 5905.0, "catchment_area": null }, "geometry": { "type": "Point", "coordinates": [ -5591983.239964, -1395101.642804 ] } },
{ "type": "Feature", "properties": { "Type": "End", "ID": 5910, "OUT_ID": 5905.0, "catchment_area": 964871326021.61304 }, "geometry": { "type": "Point", "coordinates": [ -5521655.528377999551594, -369088.499587 ] } },
{ "type": "Feature", "properties": { "Type": "Start", "ID": 5911, "OUT_ID": 5905.0, "catchment_area": null }, "geometry": { "type": "Point", "coordinates": [ -5587103.406483000144362, -1645746.030661 ] } },
{ "type": "Feature", "properties": { "Type": "End", "ID": 5911, "OUT_ID": 5905.0, "catchment_area": 964871326021.61304 }, "geometry": { "type": "Point", "coordinates": [ -5521655.528377999551594, -369088.499587 ] } },
{ "type": "Feature", "properties": { "Type": "Start", "ID": 5912, "OUT_ID": 5535.0, "catchment_area": null }, "geometry": { "type": "Point", "coordinates": [ -5580797.4411939997226, -1894507.380028000101447 ] } },
{ "type": "Feature", "properties": { "Type": "End", "ID": 5912, "OUT_ID": 5535.0, "catchment_area": 3322972755876.7192 }, "geometry": { "type": "Point", "coordinates": [ -6190251.843686999753118, -3649389.171573999803513 ] } },
{ "type": "Feature", "properties": { "Type": "Start", "ID": 5913, "OUT_ID": 5535.0, "catchment_area": null }, "geometry": { "type": "Point", "coordinates": [ -5572667.416992999613285, -2140767.717116000130773 ] } },
{ "type": "Feature", "properties": { "Type": "End", "ID": 5913, "OUT_ID": 5535.0, "catchment_area": 3322972755876.7192 }, "geometry": { "type": "Point", "coordinates": [ -6190251.843686999753118, -3649389.171573999803513 ] } },
{ "type": "Feature", "properties": { "Type": "Start", "ID": 5914, "OUT_ID": 5535.0, "catchment_area": null }, "geometry": { "type": "Point", "coordinates": [ -5562142.057838000357151, -2383722.572991999797523 ] } },
{ "type": "Feature", "properties": { "Type": "End", "ID": 5914, "OUT_ID": 5535.0, "catchment_area": 3322972755876.7192 }, "geometry": { "type": "Point", "coordinates": [ -6190251.843686999753118, -3649389.171573999803513 ] } },
{ "type": "Feature", "properties": { "Type": "Start", "ID": 5915, "OUT_ID": 6107.0, "catchment_area": null }, "geometry": { "type": "Point", "coordinates": [ -5548381.447038999758661, -2622312.724613000173122 ] } },
{ "type": "Feature", "properties": { "Type": "End", "ID": 5915, "OUT_ID": 6107.0, "catchment_area": 27611406569.784878 }, "geometry": { "type": "Point", "coordinates": [ -5291825.544990999624133, -2667388.333463000133634 ] } },
{ "type": "Feature", "properties": { "Type": "Start", "ID": 5916, "OUT_ID": 6108.0, "catchment_area": null }, "geometry": { "type": "Point", "coordinates": [ -5530107.411975, -2855122.900657 ] } },
{ "type": "Feature", "properties": { "Type": "End", "ID": 5916, "OUT_ID": 6108.0, "catchment_area": 51184781348.731651 }, "geometry": { "type": "Point", "coordinates": [ -5406740.536684, -2865877.864571 ] } },
{ "type": "Feature", "properties": { "Type": "Start", "ID": 5966, "OUT_ID": 5965.0, "catchment_area": null }, "geometry": { "type": "Point", "coordinates": [ -874862.678163000033237, 4322168.634405000135303 ] } },
{ "type": "Feature", "properties": { "Type": "End", "ID": 5966, "OUT_ID": 5965.0, "catchment_area": 15497311197.270565 }, "geometry": { "type": "Point", "coordinates": [ -1008630.40004, 4279745.255297999829054 ] } },
{ "type": "Feature", "properties": { "Type": "Start", "ID": 5967, "OUT_ID": 3329.0, "catchment_area": null }, "geometry": { "type": "Point", "coordinates": [ -525594.967876999988221, 4335883.251526 ] } },
{ "type": "Feature", "properties": { "Type": "End", "ID": 5967, "OUT_ID": 3329.0, "catchment_area": 12550639349.902218 }, "geometry": { "type": "Point", "coordinates": [ -507183.163558, 4363319.794711000286043 ] } },
{ "type": "Feature", "properties": { "Type": "Start", "ID": 5968, "OUT_ID": 3329.0, "catchment_area": null }, "geometry": { "type": "Point", "coordinates": [ -175312.562175, 4342738.503480999730527 ] } },
{ "type": "Feature", "properties": { "Type": "End", "ID": 5968, "OUT_ID": 3329.0, "catchment_area": 17898303072.90403 }, "geometry": { "type": "Point", "coordinates": [ -183331.823330000013812, 4373766.612138000316918 ] } },
{ "type": "Feature", "properties": { "Type": "Start", "ID": 5969, "OUT_ID": 3138.0, "catchment_area": null }, "geometry": { "type": "Point", "coordinates": [ 175312.562175, 4342738.503480999730527 ] } },
{ "type": "Feature", "properties": { "Type": "End", "ID": 5969, "OUT_ID": 3138.0, "catchment_area": 83379899681.089508 }, "geometry": { "type": "Point", "coordinates": [ -172885.00590300001204, 4509575.238684999756515 ] } },
{ "type": "Feature", "properties": { "Type": "Start", "ID": 5972, "OUT_ID": 5780.0, "catchment_area": null }, "geometry": { "type": "Point", "coordinates": [ 1222436.9722, 4301588.132453000172973 ] } },
{ "type": "Feature", "properties": { "Type": "End", "ID": 5972, "OUT_ID": 5780.0, "catchment_area": 15497311197.270565 }, "geometry": { "type": "Point", "coordinates": [ 1216541.711849, 4290192.072723999619484 ] } },
{ "type": "Feature", "properties": { "Type": "Start", "ID": 5973, "OUT_ID": 5781.0, "catchment_area": null }, "geometry": { "type": "Point", "coordinates": [ 1567634.164635, 4274139.056154999881983 ] } },
{ "type": "Feature", "properties": { "Type": "End", "ID": 5973, "OUT_ID": 5781.0, "catchment_area": 12768911338.596169 }, "geometry": { "type": "Point", "coordinates": [ 1582180.321784, 4300638.890150999650359 ] } },
{ "type": "Feature", "properties": { "Type": "Start", "ID": 5975, "OUT_ID": 5783.0, "catchment_area": null }, "geometry": { "type": "Point", "coordinates": [ 2248088.706383000127971, 4198705.769564 ] } },
{ "type": "Feature", "properties": { "Type": "End", "ID": 5975, "OUT_ID": 5783.0, "catchment_area": 12332367361.208265 }, "geometry": { "type": "Point", "coordinates": [ 2156755.280251999851316, 4164830.263604000210762 ] } },
{ "type": "Feature", "properties": { "Type": "Start", "ID": 5976, "OUT_ID": 5785.0, "catchment_area": null }, "geometry": { "type": "Point", "coordinates": [ 2581856.848036999814212, 4150849.281647999770939 ] } },
{ "type": "Feature", "properties": { "Type": "End", "ID": 5976, "OUT_ID": 5785.0, "catchment_area": 14187679265.106853 }, "geometry": { "type": "Point", "coordinates": [ 2668649.334160999860615, 4133489.81132399989292 ] } },
{ "type": "Feature", "properties": { "Type": "Start", "ID": 5977, "OUT_ID": 5785.0, "catchment_area": null }, "geometry": { "type": "Point", "coordinates": [ 2910212.007093000225723, 4096435.890767000149935 ] } },
{ "type": "Feature", "properties": { "Type": "End", "ID": 5977, "OUT_ID": 5785.0, "catchment_area": 113283162132.16089 }, "geometry": { "type": "Point", "coordinates": [ 2908926.134974999818951, 4091702.541617 ] } },
{ "type": "Feature", "properties": { "Type": "Start", "ID": 5978, "OUT_ID": 1217.0, "catchment_area": null }, "geometry": { "type": "Point", "coordinates": [ 3232163.728402, 4035775.684630999807268 ] } },
{ "type": "Feature", "properties": { "Type": "End", "ID": 5978, "OUT_ID": 1217.0, "catchment_area": 77377419992.005844 }, "geometry": { "type": "Point", "coordinates": [ 3117862.483510000165552, 4123042.993896999862045 ] } },
{ "type": "Feature", "properties": { "Type": "Start", "ID": 5979, "OUT_ID": 1217.0, "catchment_area": null }, "geometry": { "type": "Point", "coordinates": [ 3546489.528031, 3969399.618572 ] } },
{ "type": "Feature", "properties": { "Type": "End", "ID": 5979, "OUT_ID": 1217.0, "catchment_area": 68428268455.553825 }, "geometry": { "type": "Point", "coordinates": [ 3264117.927484000101686, 4143936.628751 ] } },
{ "type": "Feature", "properties": { "Type": "Start", "ID": 5980, "OUT_ID": 1026.0, "catchment_area": null }, "geometry": { "type": "Point", "coordinates": [ 3851580.074574000202119, 3898201.277919999789447 ] } },
{ "type": "Feature", "properties": { "Type": "End", "ID": 5980, "OUT_ID": 1026.0, "catchment_area": 149188904272.31592 }, "geometry": { "type": "Point", "coordinates": [ 3974501.512500000186265, 4227511.168164 ] } },
{ "type": "Feature", "properties": { "Type": "Start", "ID": 5981, "OUT_ID": 5601.0, "catchment_area": null }, "geometry": { "type": "Point", "coordinates": [ 4145165.795158000197262, 3823694.966773999854922 ] } },
{ "type": "Feature", "properties": { "Type": "End", "ID": 5981, "OUT_ID": 5601.0, "catchment_area": 877453394549.68542 }, "geometry": { "type": "Point", "coordinates": [ 5081864.159730999730527, 3287297.599760000128299 ] } },
{ "type": "Feature", "properties": { "Type": "Start", "ID": 5982, "OUT_ID": 5601.0, "catchment_area": null }, "geometry": { "type": "Point", "coordinates": [ 4423796.523617000319064, 3748544.972877 ] } },
{ "type": "Feature", "properties": { "Type": "End", "ID": 5982, "OUT_ID": 5601.0, "catchment_area": 877453394549.68542 }, "geometry": { "type": "Point", "coordinates": [ 5081864.159730999730527, 3287297.599760000128299 ] } },
{ "type": "Feature", "properties": { "Type": "Start", "ID": 5983, "OUT_ID": 5601.0, "catchment_area": null }, "geometry": { "type": "Point", "coordinates": [ 4681759.412701000459492, 3677888.945591 ] } },
{ "type": "Feature", "properties": { "Type": "End", "ID": 5983, "OUT_ID": 5601.0, "catchment_area": 877453394549.68542 }, "geometry": { "type": "Point", "coordinates": [ 5081864.159730999730527, 3287297.599760000128299 ] } },
{ "type": "Feature", "properties": { "Type": "Start", "ID": 5984, "OUT_ID": 5601.0, "catchment_area": null }, "geometry": { "type": "Point", "coordinates": [ 4909113.01406, 3624107.353740000165999 ] } },
{ "type": "Feature", "properties": { "Type": "End", "ID": 5984, "OUT_ID": 5601.0, "catchment_area": 877453394549.68542 }, "geometry": { "type": "Point", "coordinates": [ 5081864.159730999730527, 3287297.599760000128299 ] } },
{ "type": "Feature", "properties": { "Type": "Start", "ID": 5985, "OUT_ID": 5601.0, "catchment_area": null }, "geometry": { "type": "Point", "coordinates": [ 5109641.157335000112653, 3624107.353740000165999 ] } },
{ "type": "Feature", "properties": { "Type": "End", "ID": 5985, "OUT_ID": 5601.0, "catchment_area": 57296397032.1623 }, "geometry": { "type": "Point", "coordinates": [ 5186332.333998000249267, 3381318.956601 ] } },
{ "type": "Feature", "properties": { "Type": "Start", "ID": 5986, "OUT_ID": 5601.0, "catchment_area": null }, "geometry": { "type": "Point", "coordinates": [ 5336994.758693000301719, 3677888.945591 ] } },
{ "type": "Feature", "properties": { "Type": "End", "ID": 5986, "OUT_ID": 5601.0, "catchment_area": 90910283291.030838 }, "geometry": { "type": "Point", "coordinates": [ 5583311.396212999708951, 3840978.923376 ] } },
{ "type": "Feature", "properties": { "Type": "Start", "ID": 5987, "OUT_ID": 1998.0, "catchment_area": null }, "geometry": { "type": "Point", "coordinates": [ 5594957.64777799975127, 3748544.972877 ] } },
{ "type": "Feature", "properties": { "Type": "End", "ID": 5987, "OUT_ID": 1998.0, "catchment_area": 16582559525056.891 }, "geometry": { "type": "Point", "coordinates": [ 7578653.524713999591768, 5836321.051877000369132 ] } },
{ "type": "Feature", "properties": { "Type": "Start", "ID": 5988, "OUT_ID": 5410.0, "catchment_area": null }, "geometry": { "type": "Point", "coordinates": [ 5873588.376236, 3823694.966773999854922 ] } },
{ "type": "Feature", "properties": { "Type": "End", "ID": 5988, "OUT_ID": 5410.0, "catchment_area": 139257528786.74112 }, "geometry": { "type": "Point", "coordinates": [ 5896715.919014000333846, 3788744.836242000106722 ] } },
{ "type": "Feature", "properties": { "Type": "Start", "ID": 5989, "OUT_ID": 5219.0, "catchment_area": null }, "geometry": { "type": "Point", "coordinates": [ 6167174.096820999868214, 3898201.277919999789447 ] } },
{ "type": "Feature", "properties": { "Type": "End", "ID": 5989, "OUT_ID": 5219.0, "catchment_area": 370953244785.37073 }, "geometry": { "type": "Point", "coordinates": [ 6429503.607776000164449, 4206617.533311 ] } },
{ "type": "Feature", "properties": { "Type": "Start", "ID": 5990, "OUT_ID": 1998.0, "catchment_area": null }, "geometry": { "type": "Point", "coordinates": [ 6472264.64336400013417, 3969399.618572 ] } },
{ "type": "Feature", "properties": { "Type": "End", "ID": 5990, "OUT_ID": 1998.0, "catchment_area": 16582559525056.891 }, "geometry": { "type": "Point", "coordinates": [ 7578653.524713999591768, 5836321.051877000369132 ] } },
{ "type": "Feature", "properties": { "Type": "Start", "ID": 5991, "OUT_ID": 1998.0, "catchment_area": null }, "geometry": { "type": "Point", "coordinates": [ 6786590.442993000149727, 4035775.684630999807268 ] } },
{ "type": "Feature", "properties": { "Type": "End", "ID": 5991, "OUT_ID": 1998.0, "catchment_area": 16582559525056.891 }, "geometry": { "type": "Point", "coordinates": [ 7578653.524713999591768, 5836321.051877000369132 ] } },
{ "type": "Feature", "properties": { "Type": "Start", "ID": 5992, "OUT_ID": 1998.0, "catchment_area": null }, "geometry": { "type": "Point", "coordinates": [ 7108542.164300999604166, 4096435.890767000149935 ] } },
{ "type": "Feature", "properties": { "Type": "End", "ID": 5992, "OUT_ID": 1998.0, "catchment_area": 16582559525056.891 }, "geometry": { "type": "Point", "coordinates": [ 7578653.524713999591768, 5836321.051877000369132 ] } },
{ "type": "Feature", "properties": { "Type": "Start", "ID": 5993, "OUT_ID": 1998.0, "catchment_area": null }, "geometry": { "type": "Point", "coordinates": [ 7436897.323358000256121, 4150849.281647999770939 ] } },
{ "type": "Feature", "properties": { "Type": "End", "ID": 5993, "OUT_ID": 1998.0, "catchment_area": 16582559525056.891 }, "geometry": { "type": "Point", "coordinates": [ 7578653.524713999591768, 5836321.051877000369132 ] } },
{ "type": "Feature", "properties": { "Type": "Start", "ID": 5994, "OUT_ID": 1998.0, "catchment_area": null }, "geometry": { "type": "Point", "coordinates": [ 7770665.465012, 4198705.769564 ] } },
{ "type": "Feature", "properties": { "Type": "End", "ID": 5994, "OUT_ID": 1998.0, "catchment_area": 16582559525056.891 }, "geometry": { "type": "Point", "coordinates": [ 7578653.524713999591768, 5836321.051877000369132 ] } },
{ "type": "Feature", "properties": { "Type": "Start", "ID": 5995, "OUT_ID": 1998.0, "catchment_area": null }, "geometry": { "type": "Point", "coordinates": [ 8108995.749905000440776, 4239832.041309 ] } },
{ "type": "Feature", "properties": { "Type": "End", "ID": 5995, "OUT_ID": 1998.0, "catchment_area": 16582559525056.891 }, "geometry": { "type": "Point", "coordinates": [ 7578653.524713999591768, 5836321.051877000369132 ] } },
{ "type": "Feature", "properties": { "Type": "Start", "ID": 5996, "OUT_ID": 1998.0, "catchment_area": null }, "geometry": { "type": "Point", "coordinates": [ 8451120.006758999079466, 4274139.056154999881983 ] } },
{ "type": "Feature", "properties": { "Type": "End", "ID": 5996, "OUT_ID": 1998.0, "catchment_area": 16582559525056.891 }, "geometry": { "type": "Point", "coordinates": [ 7578653.524713999591768, 5836321.051877000369132 ] } },
{ "type": "Feature", "properties": { "Type": "Start", "ID": 5997, "OUT_ID": 1998.0, "catchment_area": null }, "geometry": { "type": "Point", "coordinates": [ 8796317.199194999411702, 4301588.132453000172973 ] } },
{ "type": "Feature", "properties": { "Type": "End", "ID": 5997, "OUT_ID": 1998.0, "catchment_area": 16582559525056.891 }, "geometry": { "type": "Point", "coordinates": [ 7578653.524713999591768, 5836321.051877000369132 ] } },
{ "type": "Feature", "properties": { "Type": "Start", "ID": 5998, "OUT_ID": 1998.0, "catchment_area": null }, "geometry": { "type": "Point", "coordinates": [ 9143891.493565000593662, 4322168.634405000135303 ] } },
{ "type": "Feature", "properties": { "Type": "End", "ID": 5998, "OUT_ID": 1998.0, "catchment_area": 16582559525056.891 }, "geometry": { "type": "Point", "coordinates": [ 7578653.524713999591768, 5836321.051877000369132 ] } },
{ "type": "Feature", "properties": { "Type": "Start", "ID": 5999, "OUT_ID": 1998.0, "catchment_area": null }, "geometry": { "type": "Point", "coordinates": [ 9493159.203407000750303, 4335883.251526 ] } },
{ "type": "Feature", "properties": { "Type": "End", "ID": 5999, "OUT_ID": 1998.0, "catchment_area": 16582559525056.891 }, "geometry": { "type": "Point", "coordinates": [ 7578653.524713999591768, 5836321.051877000369132 ] } },
{ "type": "Feature", "properties": { "Type": "Start", "ID": 6000, "OUT_ID": 4848.0, "catchment_area": null }, "geometry": { "type": "Point", "coordinates": [ 9843441.609331000596285, 4342738.503480999730527 ] } },
{ "type": "Feature", "properties": { "Type": "End", "ID": 6000, "OUT_ID": 4848.0, "catchment_area": 29139310490.64254 }, "geometry": { "type": "Point", "coordinates": [ 9960527.898003999143839, 4290192.072723999619484 ] } },
{ "type": "Feature", "properties": { "Type": "Start", "ID": 6001, "OUT_ID": 1998.0, "catchment_area": null }, "geometry": { "type": "Point", "coordinates": [ 10194066.733458, 4342738.503480999730527 ] } },
{ "type": "Feature", "properties": { "Type": "End", "ID": 6001, "OUT_ID": 1998.0, "catchment_area": 16582559525056.891 }, "geometry": { "type": "Point", "coordinates": [ 7578653.524713999591768, 5836321.051877000369132 ] } },
{ "type": "Feature", "properties": { "Type": "Start", "ID": 6002, "OUT_ID": 1998.0, "catchment_area": null }, "geometry": { "type": "Point", "coordinates": [ 10544349.139383, 4335883.251526 ] } },
{ "type": "Feature", "properties": { "Type": "End", "ID": 6002, "OUT_ID": 1998.0, "catchment_area": 16582559525056.891 }, "geometry": { "type": "Point", "coordinates": [ 7578653.524713999591768, 5836321.051877000369132 ] } },
{ "type": "Feature", "properties": { "Type": "Start", "ID": 6003, "OUT_ID": 285.0, "catchment_area": null }, "geometry": { "type": "Point", "coordinates": [ 10893616.849224, 4322168.634405000135303 ] } },
{ "type": "Feature", "properties": { "Type": "End", "ID": 6003, "OUT_ID": 285.0, "catchment_area": 2947108391345.7344 }, "geometry": { "type": "Point", "coordinates": [ 14661595.740022, 4321532.52500499971211 ] } },
{ "type": "Feature", "properties": { "Type": "Start", "ID": 6004, "OUT_ID": 285.0, "catchment_area": null }, "geometry": { "type": "Point", "coordinates": [ 11241191.148047, 4301588.132453000172973 ] } },
{ "type": "Feature", "properties": { "Type": "End", "ID": 6004, "OUT_ID": 285.0, "catchment_area": 2947108391345.7344 }, "geometry": { "type": "Point", "coordinates": [ 14661595.740022, 4321532.52500499971211 ] } },
{ "type": "Feature", "properties": { "Type": "Start", "ID": 6005, "OUT_ID": 285.0, "catchment_area": null }, "geometry": { "type": "Point", "coordinates": [ 11586388.33603, 4274139.056154999881983 ] } },
{ "type": "Feature", "properties": { "Type": "End", "ID": 6005, "OUT_ID": 285.0, "catchment_area": 2947108391345.7344 }, "geometry": { "type": "Point", "coordinates": [ 14661595.740022, 4321532.52500499971211 ] } },
{ "type": "Feature", "properties": { "Type": "Start", "ID": 6006, "OUT_ID": 285.0, "catchment_area": null }, "geometry": { "type": "Point", "coordinates": [ 11928512.593997, 4239832.041309 ] } },
{ "type": "Feature", "properties": { "Type": "End", "ID": 6006, "OUT_ID": 285.0, "catchment_area": 2947108391345.7344 }, "geometry": { "type": "Point", "coordinates": [ 14661595.740022, 4321532.52500499971211 ] } },
{ "type": "Feature", "properties": { "Type": "Start", "ID": 6007, "OUT_ID": 285.0, "catchment_area": null }, "geometry": { "type": "Point", "coordinates": [ 12266842.883343, 4198705.769564 ] } },
{ "type": "Feature", "properties": { "Type": "End", "ID": 6007, "OUT_ID": 285.0, "catchment_area": 2947108391345.7344 }, "geometry": { "type": "Point", "coordinates": [ 14661595.740022, 4321532.52500499971211 ] } },
{ "type": "Feature", "properties": { "Type": "Start", "ID": 6008, "OUT_ID": 5819.0, "catchment_area": null }, "geometry": { "type": "Point", "coordinates": [ 12600611.021658, 4150849.281647999770939 ] } },
{ "type": "Feature", "properties": { "Type": "End", "ID": 6008, "OUT_ID": 5819.0, "catchment_area": 60570476862.571571 }, "geometry": { "type": "Point", "coordinates": [ 12969211.316896, 4008128.002202999778092 ] } },
{ "type": "Feature", "properties": { "Type": "Start", "ID": 6009, "OUT_ID": 5819.0, "catchment_area": null }, "geometry": { "type": "Point", "coordinates": [ 12928966.182941, 4096435.890767000149935 ] } },
{ "type": "Feature", "properties": { "Type": "End", "ID": 6009, "OUT_ID": 5819.0, "catchment_area": 60570476862.571571 }, "geometry": { "type": "Point", "coordinates": [ 12969211.316896, 4008128.002202999778092 ] } },
{ "type": "Feature", "properties": { "Type": "Start", "ID": 6010, "OUT_ID": 6011.0, "catchment_area": null }, "geometry": { "type": "Point", "coordinates": [ 13250917.902023, 4035775.684630999807268 ] } },
{ "type": "Feature", "properties": { "Type": "End", "ID": 6010, "OUT_ID": 6011.0, "catchment_area": 1216102385008.3513 }, "geometry": { "type": "Point", "coordinates": [ 13272169.02227, 4018574.819629999808967 ] } },
{ "type": "Feature", "properties": { "Type": "Start", "ID": 6013, "OUT_ID": 6012.0, "catchment_area": null }, "geometry": { "type": "Point", "coordinates": [ 14163919.967666, 3823694.966773999854922 ] } },
{ "type": "Feature", "properties": { "Type": "End", "ID": 6013, "OUT_ID": 6012.0, "catchment_area": 26520046626.315121 }, "geometry": { "type": "Point", "coordinates": [ 14055680.329273, 3820085.288523000199348 ] } },
{ "type": "Feature", "properties": { "Type": "Start", "ID": 6016, "OUT_ID": 5824.0, "catchment_area": null }, "geometry": { "type": "Point", "coordinates": [ 14927867.183228, 3624107.353740000165999 ] } },
{ "type": "Feature", "properties": { "Type": "End", "ID": 6016, "OUT_ID": 5824.0, "catchment_area": 14733359236.841734 }, "geometry": { "type": "Point", "coordinates": [ 14995893.897677, 3548468.035428000148386 ] } },
{ "type": "Feature", "properties": { "Type": "Start", "ID": 6025, "OUT_ID": 4545.0, "catchment_area": null }, "geometry": { "type": "Point", "coordinates": [ -7291872.728648999705911, 4415284.857661999762058 ] } },
{ "type": "Feature", "properties": { "Type": "End", "ID": 6025, "OUT_ID": 4545.0, "catchment_area": 13096319321.637096 }, "geometry": { "type": "Point", "coordinates": [ -7287167.673492000438273, 4384213.429565000347793 ] } },
{ "type": "Feature", "properties": { "Type": "Start", "ID": 6026, "OUT_ID": 4353.0, "catchment_area": null }, "geometry": { "type": "Point", "coordinates": [ -7639055.816273, 4469357.567250000312924 ] } },
{ "type": "Feature", "properties": { "Type": "End", "ID": 6026, "OUT_ID": 4353.0, "catchment_area": 28157086541.519756 }, "geometry": { "type": "Point", "coordinates": [ -7663253.100852999836206, 4446894.334125 ] } },
{ "type": "Feature", "properties": { "Type": "Start", "ID": 6027, "OUT_ID": 4353.0, "catchment_area": null }, "geometry": { "type": "Point", "coordinates": [ -7993244.404205, 4515612.144964000210166 ] } },
{ "type": "Feature", "properties": { "Type": "End", "ID": 6027, "OUT_ID": 4353.0, "catchment_area": 1126392597655.1372 }, "geometry": { "type": "Point", "coordinates": [ -7861742.631961000151932, 4645383.86523300036788 ] } },
{ "type": "Feature", "properties": { "Type": "Start", "ID": 6028, "OUT_ID": 4353.0, "catchment_area": null }, "geometry": { "type": "Point", "coordinates": [ -8353360.058160999789834, 4554063.743706 ] } },
{ "type": "Feature", "properties": { "Type": "End", "ID": 6028, "OUT_ID": 4353.0, "catchment_area": 970546397727.65576 }, "geometry": { "type": "Point", "coordinates": [ -8216934.42446899972856, 4520022.05611199978739 ] } },
{ "type": "Feature", "properties": { "Type": "Start", "ID": 6029, "OUT_ID": 5646.0, "catchment_area": null }, "geometry": { "type": "Point", "coordinates": [ -8718346.911660000681877, 4584749.705663999542594 ] } },
{ "type": "Feature", "properties": { "Type": "End", "ID": 6029, "OUT_ID": 5646.0, "catchment_area": 154318296006.62378 }, "geometry": { "type": "Point", "coordinates": [ -9042233.001179000362754, 4937894.75318 ] } },
{ "type": "Feature", "properties": { "Type": "Start", "ID": 6030, "OUT_ID": 3970.0, "catchment_area": null }, "geometry": { "type": "Point", "coordinates": [ -9087146.653640000149608, 4607714.235197000205517 ] } },
{ "type": "Feature", "properties": { "Type": "End", "ID": 6030, "OUT_ID": 3970.0, "catchment_area": 777703095716.54956 }, "geometry": { "type": "Point", "coordinates": [ -8760168.930657999590039, 4363319.794711000286043 ] } },
{ "type": "Feature", "properties": { "Type": "Start", "ID": 6031, "OUT_ID": 3970.0, "catchment_area": null }, "geometry": { "type": "Point", "coordinates": [ -9458686.993541000410914, 4622998.060607000254095 ] } },
{ "type": "Feature", "properties": { "Type": "End", "ID": 6031, "OUT_ID": 3970.0, "catchment_area": 777703095716.54956 }, "geometry": { "type": "Point", "coordinates": [ -8760168.930657999590039, 4363319.794711000286043 ] } },
{ "type": "Feature", "properties": { "Type": "Start", "ID": 6032, "OUT_ID": 5456.0, "catchment_area": null }, "geometry": { "type": "Point", "coordinates": [ -9831879.441588999703526, 4630631.671957000158727 ] } },
{ "type": "Feature", "properties": { "Type": "End", "ID": 6032, "OUT_ID": 5456.0, "catchment_area": 67773452489.471977 }, "geometry": { "type": "Point", "coordinates": [ -9689935.681634999811649, 4624490.230379000306129 ] } },
{ "type": "Feature", "properties": { "Type": "Start", "ID": 6033, "OUT_ID": 5456.0, "catchment_area": null }, "geometry": { "type": "Point", "coordinates": [ -10205628.9012, 4630631.671957000158727 ] } },
{ "type": "Feature", "properties": { "Type": "End", "ID": 6033, "OUT_ID": 5456.0, "catchment_area": 48128973507.016327 }, "geometry": { "type": "Point", "coordinates": [ -9857084.760461999103427, 4676724.31751300022006 ] } },
{ "type": "Feature", "properties": { "Type": "Start", "ID": 6034, "OUT_ID": 3013.0, "catchment_area": null }, "geometry": { "type": "Point", "coordinates": [ -10578821.349249, 4622998.060607000254095 ] } },
{ "type": "Feature", "properties": { "Type": "End", "ID": 6034, "OUT_ID": 3013.0, "catchment_area": 11786687389.473387 }, "geometry": { "type": "Point", "coordinates": [ -10097361.561276, 3433553.043734 ] } },
{ "type": "Feature", "properties": { "Type": "Start", "ID": 6035, "OUT_ID": 5265.0, "catchment_area": null }, "geometry": { "type": "Point", "coordinates": [ -10950361.68915, 4607714.235197000205517 ] } },
{ "type": "Feature", "properties": { "Type": "End", "ID": 6035, "OUT_ID": 5265.0, "catchment_area": 2131425969596.4375 }, "geometry": { "type": "Point", "coordinates": [ -10348085.179517, 5324426.997968999668956 ] } },
{ "type": "Feature", "properties": { "Type": "Start", "ID": 6036, "OUT_ID": 5265.0, "catchment_area": null }, "geometry": { "type": "Point", "coordinates": [ -11319161.434469, 4584749.705663999542594 ] } },
{ "type": "Feature", "properties": { "Type": "End", "ID": 6036, "OUT_ID": 5265.0, "catchment_area": 2131425969596.4375 }, "geometry": { "type": "Point", "coordinates": [ -10348085.179517, 5324426.997968999668956 ] } },
{ "type": "Feature", "properties": { "Type": "Start", "ID": 6037, "OUT_ID": 5265.0, "catchment_area": null }, "geometry": { "type": "Point", "coordinates": [ -11684148.289081, 4554063.743706 ] } },
{ "type": "Feature", "properties": { "Type": "End", "ID": 6037, "OUT_ID": 5265.0, "catchment_area": 2131425969596.4375 }, "geometry": { "type": "Point", "coordinates": [ -10348085.179517, 5324426.997968999668956 ] } },
{ "type": "Feature", "properties": { "Type": "Start", "ID": 6038, "OUT_ID": 5265.0, "catchment_area": null }, "geometry": { "type": "Point", "coordinates": [ -12044263.936358, 4515612.144964000210166 ] } },
{ "type": "Feature", "properties": { "Type": "End", "ID": 6038, "OUT_ID": 5265.0, "catchment_area": 2131425969596.4375 }, "geometry": { "type": "Point", "coordinates": [ -10348085.179517, 5324426.997968999668956 ] } },
{ "type": "Feature", "properties": { "Type": "Start", "ID": 6039, "OUT_ID": 5851.0, "catchment_area": null }, "geometry": { "type": "Point", "coordinates": [ -12398452.522064, 4469357.567250000312924 ] } },
{ "type": "Feature", "properties": { "Type": "End", "ID": 6039, "OUT_ID": 5851.0, "catchment_area": 1184671218636.4224 }, "geometry": { "type": "Point", "coordinates": [ -13805981.747758, 4645383.86523300036788 ] } },
{ "type": "Feature", "properties": { "Type": "Start", "ID": 6040, "OUT_ID": 5851.0, "catchment_area": null }, "geometry": { "type": "Point", "coordinates": [ -12745635.616366, 4415284.857661999762058 ] } },
{ "type": "Feature", "properties": { "Type": "End", "ID": 6040, "OUT_ID": 5851.0, "catchment_area": 1184671218636.4224 }, "geometry": { "type": "Point", "coordinates": [ -13805981.747758, 4645383.86523300036788 ] } },
{ "type": "Feature", "properties": { "Type": "Start", "ID": 6041, "OUT_ID": 5851.0, "catchment_area": null }, "geometry": { "type": "Point", "coordinates": [ -13084667.30756, 4353423.634434999898076 ] } },
{ "type": "Feature", "properties": { "Type": "End", "ID": 6041, "OUT_ID": 5851.0, "catchment_area": 1184671218636.4224 }, "geometry": { "type": "Point", "coordinates": [ -13805981.747758, 4645383.86523300036788 ] } },
{ "type": "Feature", "properties": { "Type": "Start", "ID": 6042, "OUT_ID": 5851.0, "catchment_area": null }, "geometry": { "type": "Point", "coordinates": [ -13414258.716316, 4283881.721385000273585 ] } },
{ "type": "Feature", "properties": { "Type": "End", "ID": 6042, "OUT_ID": 5851.0, "catchment_area": 1184671218636.4224 }, "geometry": { "type": "Point", "coordinates": [ -13805981.747758, 4645383.86523300036788 ] } },
{ "type": "Feature", "properties": { "Type": "Start", "ID": 6043, "OUT_ID": 6044.0, "catchment_area": null }, "geometry": { "type": "Point", "coordinates": [ -13732851.392027, 4206895.317320000380278 ] } },
{ "type": "Feature", "properties": { "Type": "End", "ID": 6043, "OUT_ID": 6044.0, "catchment_area": 13423727304.678024 }, "geometry": { "type": "Point", "coordinates": [ -13816428.565184, 4196170.715884 ] } },
{ "type": "Feature", "properties": { "Type": "Start", "ID": 6097, "OUT_ID": 6096.0, "catchment_area": null }, "geometry": { "type": "Point", "coordinates": [ -5213027.584842000156641, -127009.725108 ] } },
{ "type": "Feature", "properties": { "Type": "End", "ID": 6097, "OUT_ID": 6096.0, "catchment_area": 39288957964.911285 }, "geometry": { "type": "Point", "coordinates": [ -5208251.005576999858022, -118364.881346 ] } },
{ "type": "Feature", "properties": { "Type": "Start", "ID": 6098, "OUT_ID": 6096.0, "catchment_area": null }, "geometry": { "type": "Point", "coordinates": [ -5212808.518102999776602, -380928.491312000027392 ] } },
{ "type": "Feature", "properties": { "Type": "End", "ID": 6098, "OUT_ID": 6096.0, "catchment_area": 31758574354.969959 }, "geometry": { "type": "Point", "coordinates": [ -5145570.101017000153661, -201939.42076 ] } },
{ "type": "Feature", "properties": { "Type": "Start", "ID": 6099, "OUT_ID": 2881.0, "catchment_area": null }, "geometry": { "type": "Point", "coordinates": [ -5212359.791462000459433, -634547.685466 ] } },
{ "type": "Feature", "properties": { "Type": "End", "ID": 6099, "OUT_ID": 2881.0, "catchment_area": 25537822677.192337 }, "geometry": { "type": "Point", "coordinates": [ -5020208.291895999573171, -463109.856428000028245 ] } },
{ "type": "Feature", "properties": { "Type": "Start", "ID": 6100, "OUT_ID": 5905.0, "catchment_area": null }, "geometry": { "type": "Point", "coordinates": [ -5211660.570363, -887641.914206000044942 ] } },
{ "type": "Feature", "properties": { "Type": "End", "ID": 6100, "OUT_ID": 5905.0, "catchment_area": 964871326021.61304 }, "geometry": { "type": "Point", "coordinates": [ -5521655.528377999551594, -369088.499587 ] } },
{ "type": "Feature", "properties": { "Type": "Start", "ID": 6101, "OUT_ID": 5905.0, "catchment_area": null }, "geometry": { "type": "Point", "coordinates": [ -5210677.153943999670446, -1139946.25123 ] } },
{ "type": "Feature", "properties": { "Type": "End", "ID": 6101, "OUT_ID": 5905.0, "catchment_area": 964871326021.61304 }, "geometry": { "type": "Point", "coordinates": [ -5521655.528377999551594, -369088.499587 ] } },
{ "type": "Feature", "properties": { "Type": "Start", "ID": 6102, "OUT_ID": 5905.0, "catchment_area": null }, "geometry": { "type": "Point", "coordinates": [ -5209359.73229799978435, -1391136.777015999890864 ] } },
{ "type": "Feature", "properties": { "Type": "End", "ID": 6102, "OUT_ID": 5905.0, "catchment_area": 964871326021.61304 }, "geometry": { "type": "Point", "coordinates": [ -5521655.528377999551594, -369088.499587 ] } },
{ "type": "Feature", "properties": { "Type": "Start", "ID": 6103, "OUT_ID": 5905.0, "catchment_area": null }, "geometry": { "type": "Point", "coordinates": [ -5207637.194535000249743, -1640806.878267 ] } },
{ "type": "Feature", "properties": { "Type": "End", "ID": 6103, "OUT_ID": 5905.0, "catchment_area": 964871326021.61304 }, "geometry": { "type": "Point", "coordinates": [ -5521655.528377999551594, -369088.499587 ] } },
{ "type": "Feature", "properties": { "Type": "Start", "ID": 6104, "OUT_ID": 2115.0, "catchment_area": null }, "geometry": { "type": "Point", "coordinates": [ -5205408.984644999727607, -1888436.881601 ] } },
{ "type": "Feature", "properties": { "Type": "End", "ID": 6104, "OUT_ID": 2115.0, "catchment_area": 660600173782.24451 }, "geometry": { "type": "Point", "coordinates": [ -4059101.088639, -1152599.806591 ] } },
{ "type": "Feature", "properties": { "Type": "Start", "ID": 6105, "OUT_ID": 5535.0, "catchment_area": null }, "geometry": { "type": "Point", "coordinates": [ -5202532.137233999557793, -2133353.129245 ] } },
{ "type": "Feature", "properties": { "Type": "End", "ID": 6105, "OUT_ID": 5535.0, "catchment_area": 3322972755876.7192 }, "geometry": { "type": "Point", "coordinates": [ -6190251.843686999753118, -3649389.171573999803513 ] } },
{ "type": "Feature", "properties": { "Type": "Start", "ID": 6106, "OUT_ID": 5535.0, "catchment_area": null }, "geometry": { "type": "Point", "coordinates": [ -5198799.977645999751985, -2374669.814925 ] } },
{ "type": "Feature", "properties": { "Type": "End", "ID": 6106, "OUT_ID": 5535.0, "catchment_area": 3322972755876.7192 }, "geometry": { "type": "Point", "coordinates": [ -6190251.843686999753118, -3649389.171573999803513 ] } }
]
}
